Copyright 1986-2021 Xilinx, Inc. All Rights Reserved.
-------------------------------------------------------------------------------------------------------------------------------------------------------------------------------------------------------------
| Tool Version : Vivado v.2021.1 (win64) Build 3247384 Thu Jun 10 19:36:33 MDT 2021
| Date         : normalized
| Host         : normalized
| Command      : report_timing_summary -delay_type max -max_paths 10 -file <output_dir>/bpsk_symbol_timing_recovery_post_synthesis_timing_summary.rpt
| Design       : bpsk_symbol_timing_recovery
| Device       : 7z020-clg400
| Speed File   : -2  PRODUCTION 1.12 2019-11-22
-------------------------------------------------------------------------------------------------------------------------------------------------------------------------------------------------------------

Timing Summary Report

------------------------------------------------------------------------------------------------
| Timer Settings
| --------------
------------------------------------------------------------------------------------------------

  Enable Multi Corner Analysis               :  Yes
  Enable Pessimism Removal                   :  Yes
  Pessimism Removal Resolution               :  Nearest Common Node
  Enable Input Delay Default Clock           :  No
  Enable Preset / Clear Arcs                 :  No
  Disable Flight Delays                      :  No
  Ignore I/O Paths                           :  No
  Timing Early Launch at Borrowing Latches   :  No
  Borrow Time for Max Delay Exceptions       :  Yes
  Merge Timing Exceptions                    :  Yes

  Corner  Analyze    Analyze
  Name    Max Paths  Min Paths
  ------  ---------  ---------
  Slow    Yes        Yes
  Fast    Yes        Yes


------------------------------------------------------------------------------------------------
| Report Methodology
| ------------------
------------------------------------------------------------------------------------------------

No report available as report_methodology has not been run prior. Run report_methodology on the current design for the summary of methodology violations.



check_timing report

Table of Contents
-----------------
1. checking no_clock (0)
2. checking constant_clock (0)
3. checking pulse_width_clock (0)
4. checking unconstrained_internal_endpoints (0)
5. checking no_input_delay (0)
6. checking no_output_delay (0)
7. checking multiple_clock (0)
8. checking generated_clocks (0)
9. checking loops (0)
10. checking partial_input_delay (0)
11. checking partial_output_delay (0)
12. checking latch_loops (0)

1. checking no_clock (0)
------------------------
 There are 0 register/latch pins with no clock.


2. checking constant_clock (0)
------------------------------
 There are 0 register/latch pins with constant_clock.


3. checking pulse_width_clock (0)
---------------------------------
 There are 0 register/latch pins which need pulse_width check


4. checking unconstrained_internal_endpoints (0)
------------------------------------------------
 There are 0 pins that are not constrained for maximum delay.

 There are 0 pins that are not constrained for maximum delay due to constant clock.


5. checking no_input_delay (0)
------------------------------
 There are 0 input ports with no input delay specified.

 There are 0 input ports with no input delay but user has a false path constraint.


6. checking no_output_delay (0)
-------------------------------
 There are 0 ports with no output delay specified.

 There are 0 ports with no output delay but user has a false path constraint

 There are 0 ports with no output delay but with a timing clock defined on it or propagating through it


7. checking multiple_clock (0)
------------------------------
 There are 0 register/latch pins with multiple clocks.


8. checking generated_clocks (0)
--------------------------------
 There are 0 generated clocks that are not connected to a clock source.


9. checking loops (0)
---------------------
 There are 0 combinational loops in the design.


10. checking partial_input_delay (0)
------------------------------------
 There are 0 input ports with partial input delay specified.


11. checking partial_output_delay (0)
-------------------------------------
 There are 0 ports with partial output delay specified.


12. checking latch_loops (0)
----------------------------
 There are 0 combinational latch loops in the design through latch input



------------------------------------------------------------------------------------------------
| Design Timing Summary
| ---------------------
------------------------------------------------------------------------------------------------

    WNS(ns)      TNS(ns)  TNS Failing Endpoints  TNS Total Endpoints     WPWS(ns)     TPWS(ns)  TPWS Failing Endpoints  TPWS Total Endpoints
    -------      -------  ---------------------  -------------------     --------     --------  ----------------------  --------------------
    -12.516     -768.419                    122                  576        4.500        0.000                       0                   200


Timing constraints are not met.


------------------------------------------------------------------------------------------------
| Clock Summary
| -------------
------------------------------------------------------------------------------------------------

Clock  Waveform(ns)       Period(ns)      Frequency(MHz)
-----  ------------       ----------      --------------
clk    {0.000 5.000}      10.000          100.000


------------------------------------------------------------------------------------------------
| Intra Clock Table
| -----------------
------------------------------------------------------------------------------------------------

Clock             WNS(ns)      TNS(ns)  TNS Failing Endpoints  TNS Total Endpoints     WPWS(ns)     TPWS(ns)  TPWS Failing Endpoints  TPWS Total Endpoints
-----             -------      -------  ---------------------  -------------------     --------     --------  ----------------------  --------------------
clk               -12.516     -768.419                    122                  576        4.500        0.000                       0                   200


------------------------------------------------------------------------------------------------
| Inter Clock Table
| -----------------
------------------------------------------------------------------------------------------------

From Clock    To Clock          WNS(ns)      TNS(ns)  TNS Failing Endpoints  TNS Total Endpoints
----------    --------          -------      -------  ---------------------  -------------------


------------------------------------------------------------------------------------------------
| Other Path Groups Table
| -----------------------
------------------------------------------------------------------------------------------------

Path Group    From Clock    To Clock          WNS(ns)      TNS(ns)  TNS Failing Endpoints  TNS Total Endpoints
----------    ----------    --------          -------      -------  ---------------------  -------------------


------------------------------------------------------------------------------------------------
| Timing Details
| --------------
------------------------------------------------------------------------------------------------


---------------------------------------------------------------------------------------------------
From Clock:  clk
  To Clock:  clk

Setup :          122  Failing Endpoints,  Worst Slack      -12.516ns,  Total Violation     -768.420ns
Hold  :           NA  Failing Endpoints,  Worst Slack           NA  ,  Total Violation           NA
PW    :            0  Failing Endpoints,  Worst Slack        4.500ns,  Total Violation        0.000ns
---------------------------------------------------------------------------------------------------


Max Delay Paths
--------------------------------------------------------------------------------------
Slack (VIOLATED) :        -12.516ns  (required time - arrival time)
  Source:                 nco_reg[4]/C
                            (rising edge-triggered cell FDRE clocked by clk  {rise@0.000ns fall@5.000ns period=10.000ns})
  Destination:            w_step_reg[10]/R
                            (rising edge-triggered cell FDRE clocked by clk  {rise@0.000ns fall@5.000ns period=10.000ns})
  Path Group:             clk
  Path Type:              Setup (Max at Slow Process Corner)
  Requirement:            10.000ns  (clk rise@10.000ns - clk rise@0.000ns)
  Data Path Delay:        21.914ns  (logic 14.425ns (65.825%)  route 7.489ns (34.175%))
  Logic Levels:           39  (CARRY4=28 DSP48E1=2 LUT1=1 LUT2=5 LUT3=1 LUT4=1 LUT5=1)
  Clock Path Skew:        -0.039ns (DCD - SCD + CPR)
    Destination Clock Delay (DCD):    0.748ns = ( 10.748 - 10.000 )
    Source Clock Delay      (SCD):    0.787ns
    Clock Pessimism Removal (CPR):    0.000ns
  Clock Uncertainty:      0.035ns  ((TSJ^2 + TIJ^2)^1/2 + DJ) / 2 + PE
    Total System Jitter     (TSJ):    0.071ns
    Total Input Jitter      (TIJ):    0.000ns
    Discrete Jitter          (DJ):    0.000ns
    Phase Error              (PE):    0.000ns

    Location             Delay type                Incr(ns)  Path(ns)    Netlist Resource(s)
  -------------------------------------------------------------------    -------------------
                         (clock clk rise edge)        0.000     0.000 r
                                                      0.000     0.000 r  clk (IN)
                         net (fo=199, unset)          0.787     0.787    clk
                         FDRE                                         r  nco_reg[4]/C
  -------------------------------------------------------------------    -------------------
                         FDRE (Prop_fdre_C_Q)         0.303     1.090 r  nco_reg[4]/Q
                         net (fo=6, unplaced)         0.394     1.484    mu_raw[6]
                         LUT2 (Prop_lut2_I0_O)        0.252     1.736 r  mu_di_i_37/O
                         net (fo=1, unplaced)         0.000     1.736    mu_di_i_37_n_0
                         CARRY4 (Prop_carry4_DI[0]_CO[3])
                                                      0.477     2.213 r  mu_di_i_26/CO[3]
                         net (fo=1, unplaced)         0.008     2.221    mu_di_i_26_n_0
                         CARRY4 (Prop_carry4_CI_CO[3])
                                                      0.100     2.321 r  mu_di_i_17/CO[3]
                         net (fo=1, unplaced)         0.000     2.321    mu_di_i_17_n_0
                         CARRY4 (Prop_carry4_CI_CO[3])
                                                      0.100     2.421 r  mu_di_i_14/CO[3]
                         net (fo=1, unplaced)         0.000     2.421    mu_di_i_14_n_0
                         CARRY4 (Prop_carry4_CI_CO[0])
                                                      0.238     2.659 f  mu_di_i_13/CO[0]
                         net (fo=50, unplaced)        0.322     2.981    mu1
                         LUT2 (Prop_lut2_I1_O)        0.297     3.278 r  mu_di_i_2/O
                         net (fo=4, unplaced)         0.646     3.924    mu_di_i_2_n_0
                         DSP48E1 (Prop_dsp48e1_B[16]_PCOUT[47])
                                                      3.244     7.168 r  mu_di__1/PCOUT[47]
                         net (fo=1, unplaced)         0.055     7.223    mu_di__1_n_106
                         DSP48E1 (Prop_dsp48e1_PCIN[47]_P[0])
                                                      1.271     8.494 r  mu_di__2/P[0]
                         net (fo=2, unplaced)         0.646     9.139    mu_di__2_n_105
                         LUT2 (Prop_lut2_I0_O)        0.105     9.244 r  out_i[3]_i_10/O
                         net (fo=1, unplaced)         0.000     9.244    out_i[3]_i_10_n_0
                         CARRY4 (Prop_carry4_S[1]_CO[3])
                                                      0.444     9.688 r  out_i_reg[3]_i_7/CO[3]
                         net (fo=1, unplaced)         0.008     9.696    out_i_reg[3]_i_7_n_0
                         CARRY4 (Prop_carry4_CI_CO[3])
                                                      0.100     9.796 r  out_i_reg[7]_i_7/CO[3]
                         net (fo=1, unplaced)         0.000     9.796    out_i_reg[7]_i_7_n_0
                         CARRY4 (Prop_carry4_CI_CO[3])
                                                      0.100     9.896 r  out_i_reg[11]_i_7/CO[3]
                         net (fo=1, unplaced)         0.000     9.896    out_i_reg[11]_i_7_n_0
                         CARRY4 (Prop_carry4_CI_O[3])
                                                      0.277    10.173 f  out_i_reg[15]_i_28/O[3]
                         net (fo=4, unplaced)         0.543    10.716    y_i320[15]
                         LUT1 (Prop_lut1_I0_O)        0.253    10.969 r  out_i[15]_i_10/O
                         net (fo=1, unplaced)         0.000    10.969    out_i[15]_i_10_n_0
                         CARRY4 (Prop_carry4_DI[3]_CO[3])
                                                      0.351    11.320 r  out_i_reg[15]_i_3/CO[3]
                         net (fo=1, unplaced)         0.000    11.320    out_i_reg[15]_i_3_n_0
                         CARRY4 (Prop_carry4_CI_CO[3])
                                                      0.100    11.420 r  out_i_reg[15]_i_65/CO[3]
                         net (fo=1, unplaced)         0.000    11.420    out_i_reg[15]_i_65_n_0
                         CARRY4 (Prop_carry4_CI_O[3])
                                                      0.277    11.697 f  out_i_reg[15]_i_46/O[3]
                         net (fo=4, unplaced)         0.543    12.240    out_i_reg[15]_i_46_n_4
                         LUT2 (Prop_lut2_I1_O)        0.250    12.490 r  out_i[15]_i_33/O
                         net (fo=1, unplaced)         0.000    12.490    out_i[15]_i_33_n_0
                         CARRY4 (Prop_carry4_DI[0]_CO[3])
                                                      0.477    12.967 r  out_i_reg[15]_i_15/CO[3]
                         net (fo=1, unplaced)         0.000    12.967    out_i_reg[15]_i_15_n_0
                         CARRY4 (Prop_carry4_CI_CO[0])
                                                      0.238    13.205 f  out_i_reg[15]_i_4/CO[0]
                         net (fo=80, unplaced)        0.456    13.661    y_i2
                         LUT3 (Prop_lut3_I0_O)        0.317    13.978 r  w_step[10]_i_89/O
                         net (fo=1, unplaced)         0.000    13.978    w_step[10]_i_89_n_0
                         CARRY4 (Prop_carry4_DI[0]_CO[3])
                                                      0.477    14.455 r  w_step_reg[10]_i_69/CO[3]
                         net (fo=1, unplaced)         0.008    14.463    w_step_reg[10]_i_69_n_0
                         CARRY4 (Prop_carry4_CI_CO[3])
                                                      0.100    14.563 r  w_step_reg[10]_i_51/CO[3]
                         net (fo=1, unplaced)         0.000    14.563    w_step_reg[10]_i_51_n_0
                         CARRY4 (Prop_carry4_CI_CO[3])
                                                      0.100    14.663 r  w_step_reg[10]_i_37/CO[3]
                         net (fo=1, unplaced)         0.000    14.663    w_step_reg[10]_i_37_n_0
                         CARRY4 (Prop_carry4_CI_CO[3])
                                                      0.100    14.763 r  w_step_reg[10]_i_24/CO[3]
                         net (fo=1, unplaced)         0.000    14.763    w_step_reg[10]_i_24_n_0
                         CARRY4 (Prop_carry4_CI_CO[0])
                                                      0.238    15.001 r  w_step_reg[10]_i_13/CO[0]
                         net (fo=43, unplaced)        0.897    15.898    w_step_reg[10]_i_13_n_3
                         CARRY4 (Prop_carry4_S[3]_CO[3])
                                                      0.611    16.509 r  w_step_reg[10]_i_25/CO[3]
                         net (fo=1, unplaced)         0.000    16.509    w_step_reg[10]_i_25_n_0
                         CARRY4 (Prop_carry4_CI_CO[3])
                                                      0.100    16.609 r  w_step_reg[10]_i_14/CO[3]
                         net (fo=28, unplaced)        0.838    17.447    sgn_dy1
                         LUT5 (Prop_lut5_I1_O)        0.105    17.552 r  w_step[6]_i_4/O
                         net (fo=1, unplaced)         0.000    17.552    w_step[6]_i_4_n_0
                         CARRY4 (Prop_carry4_S[1]_CO[3])
                                                      0.444    17.996 r  w_step_reg[6]_i_1/CO[3]
                         net (fo=1, unplaced)         0.008    18.004    w_step_reg[6]_i_1_n_0
                         CARRY4 (Prop_carry4_CI_CO[3])
                                                      0.100    18.104 r  w_step_reg[10]_i_3/CO[3]
                         net (fo=1, unplaced)         0.000    18.104    w_step_reg[10]_i_3_n_0
                         CARRY4 (Prop_carry4_CI_CO[3])
                                                      0.100    18.204 r  w_step_reg[14]_i_6/CO[3]
                         net (fo=1, unplaced)         0.000    18.204    w_step_reg[14]_i_6_n_0
                         CARRY4 (Prop_carry4_CI_O[1])
                                                      0.269    18.473 r  w_step_reg[18]_i_2/O[1]
                         net (fo=1, unplaced)         0.564    19.037    integ_next[16]
                         CARRY4 (Prop_carry4_S[1]_CO[3])
                                                      0.689    19.726 r  w_step_reg[18]_i_1/CO[3]
                         net (fo=1, unplaced)         0.000    19.726    w_step_reg[18]_i_1_n_0
                         CARRY4 (Prop_carry4_CI_O[1])
                                                      0.269    19.995 f  w_step_reg[22]_i_1/O[1]
                         net (fo=4, unplaced)         0.496    20.491    w_unclamped[20]
                         LUT2 (Prop_lut2_I0_O)        0.245    20.736 r  w_step[14]_i_21/O
                         net (fo=1, unplaced)         0.000    20.736    w_step[14]_i_21_n_0
                         CARRY4 (Prop_carry4_S[1]_CO[3])
                                                      0.444    21.180 r  w_step_reg[14]_i_11/CO[3]
                         net (fo=1, unplaced)         0.000    21.180    w_step_reg[14]_i_11_n_0
                         CARRY4 (Prop_carry4_CI_CO[2])
                                                      0.211    21.391 r  w_step_reg[14]_i_4/CO[2]
                         net (fo=5, unplaced)         0.358    21.749    w_clamped1
                         LUT4 (Prop_lut4_I2_O)        0.252    22.001 r  w_step[31]_i_1/O
                         net (fo=17, unplaced)        0.700    22.701    w_step[31]_i_1_n_0
                         FDRE                                         r  w_step_reg[10]/R
  -------------------------------------------------------------------    -------------------

                         (clock clk rise edge)       10.000    10.000 r
                                                      0.000    10.000 r  clk (IN)
                         net (fo=199, unset)          0.748    10.748    clk
                         FDRE                                         r  w_step_reg[10]/C
                         clock pessimism              0.000    10.748
                         clock uncertainty           -0.035    10.712
                         FDRE (Setup_fdre_C_R)       -0.527    10.185    w_step_reg[10]
  -------------------------------------------------------------------
                         required time                         10.185
                         arrival time                         -22.701
  -------------------------------------------------------------------
                         slack                                -12.516

Slack (VIOLATED) :        -12.516ns  (required time - arrival time)
  Source:                 nco_reg[4]/C
                            (rising edge-triggered cell FDRE clocked by clk  {rise@0.000ns fall@5.000ns period=10.000ns})
  Destination:            w_step_reg[15]/R
                            (rising edge-triggered cell FDRE clocked by clk  {rise@0.000ns fall@5.000ns period=10.000ns})
  Path Group:             clk
  Path Type:              Setup (Max at Slow Process Corner)
  Requirement:            10.000ns  (clk rise@10.000ns - clk rise@0.000ns)
  Data Path Delay:        21.914ns  (logic 14.425ns (65.825%)  route 7.489ns (34.175%))
  Logic Levels:           39  (CARRY4=28 DSP48E1=2 LUT1=1 LUT2=5 LUT3=1 LUT4=1 LUT5=1)
  Clock Path Skew:        -0.039ns (DCD - SCD + CPR)
    Destination Clock Delay (DCD):    0.748ns = ( 10.748 - 10.000 )
    Source Clock Delay      (SCD):    0.787ns
    Clock Pessimism Removal (CPR):    0.000ns
  Clock Uncertainty:      0.035ns  ((TSJ^2 + TIJ^2)^1/2 + DJ) / 2 + PE
    Total System Jitter     (TSJ):    0.071ns
    Total Input Jitter      (TIJ):    0.000ns
    Discrete Jitter          (DJ):    0.000ns
    Phase Error              (PE):    0.000ns

    Location             Delay type                Incr(ns)  Path(ns)    Netlist Resource(s)
  -------------------------------------------------------------------    -------------------
                         (clock clk rise edge)        0.000     0.000 r
                                                      0.000     0.000 r  clk (IN)
                         net (fo=199, unset)          0.787     0.787    clk
                         FDRE                                         r  nco_reg[4]/C
  -------------------------------------------------------------------    -------------------
                         FDRE (Prop_fdre_C_Q)         0.303     1.090 r  nco_reg[4]/Q
                         net (fo=6, unplaced)         0.394     1.484    mu_raw[6]
                         LUT2 (Prop_lut2_I0_O)        0.252     1.736 r  mu_di_i_37/O
                         net (fo=1, unplaced)         0.000     1.736    mu_di_i_37_n_0
                         CARRY4 (Prop_carry4_DI[0]_CO[3])
                                                      0.477     2.213 r  mu_di_i_26/CO[3]
                         net (fo=1, unplaced)         0.008     2.221    mu_di_i_26_n_0
                         CARRY4 (Prop_carry4_CI_CO[3])
                                                      0.100     2.321 r  mu_di_i_17/CO[3]
                         net (fo=1, unplaced)         0.000     2.321    mu_di_i_17_n_0
                         CARRY4 (Prop_carry4_CI_CO[3])
                                                      0.100     2.421 r  mu_di_i_14/CO[3]
                         net (fo=1, unplaced)         0.000     2.421    mu_di_i_14_n_0
                         CARRY4 (Prop_carry4_CI_CO[0])
                                                      0.238     2.659 f  mu_di_i_13/CO[0]
                         net (fo=50, unplaced)        0.322     2.981    mu1
                         LUT2 (Prop_lut2_I1_O)        0.297     3.278 r  mu_di_i_2/O
                         net (fo=4, unplaced)         0.646     3.924    mu_di_i_2_n_0
                         DSP48E1 (Prop_dsp48e1_B[16]_PCOUT[47])
                                                      3.244     7.168 r  mu_di__1/PCOUT[47]
                         net (fo=1, unplaced)         0.055     7.223    mu_di__1_n_106
                         DSP48E1 (Prop_dsp48e1_PCIN[47]_P[0])
                                                      1.271     8.494 r  mu_di__2/P[0]
                         net (fo=2, unplaced)         0.646     9.139    mu_di__2_n_105
                         LUT2 (Prop_lut2_I0_O)        0.105     9.244 r  out_i[3]_i_10/O
                         net (fo=1, unplaced)         0.000     9.244    out_i[3]_i_10_n_0
                         CARRY4 (Prop_carry4_S[1]_CO[3])
                                                      0.444     9.688 r  out_i_reg[3]_i_7/CO[3]
                         net (fo=1, unplaced)         0.008     9.696    out_i_reg[3]_i_7_n_0
                         CARRY4 (Prop_carry4_CI_CO[3])
                                                      0.100     9.796 r  out_i_reg[7]_i_7/CO[3]
                         net (fo=1, unplaced)         0.000     9.796    out_i_reg[7]_i_7_n_0
                         CARRY4 (Prop_carry4_CI_CO[3])
                                                      0.100     9.896 r  out_i_reg[11]_i_7/CO[3]
                         net (fo=1, unplaced)         0.000     9.896    out_i_reg[11]_i_7_n_0
                         CARRY4 (Prop_carry4_CI_O[3])
                                                      0.277    10.173 f  out_i_reg[15]_i_28/O[3]
                         net (fo=4, unplaced)         0.543    10.716    y_i320[15]
                         LUT1 (Prop_lut1_I0_O)        0.253    10.969 r  out_i[15]_i_10/O
                         net (fo=1, unplaced)         0.000    10.969    out_i[15]_i_10_n_0
                         CARRY4 (Prop_carry4_DI[3]_CO[3])
                                                      0.351    11.320 r  out_i_reg[15]_i_3/CO[3]
                         net (fo=1, unplaced)         0.000    11.320    out_i_reg[15]_i_3_n_0
                         CARRY4 (Prop_carry4_CI_CO[3])
                                                      0.100    11.420 r  out_i_reg[15]_i_65/CO[3]
                         net (fo=1, unplaced)         0.000    11.420    out_i_reg[15]_i_65_n_0
                         CARRY4 (Prop_carry4_CI_O[3])
                                                      0.277    11.697 f  out_i_reg[15]_i_46/O[3]
                         net (fo=4, unplaced)         0.543    12.240    out_i_reg[15]_i_46_n_4
                         LUT2 (Prop_lut2_I1_O)        0.250    12.490 r  out_i[15]_i_33/O
                         net (fo=1, unplaced)         0.000    12.490    out_i[15]_i_33_n_0
                         CARRY4 (Prop_carry4_DI[0]_CO[3])
                                                      0.477    12.967 r  out_i_reg[15]_i_15/CO[3]
                         net (fo=1, unplaced)         0.000    12.967    out_i_reg[15]_i_15_n_0
                         CARRY4 (Prop_carry4_CI_CO[0])
                                                      0.238    13.205 f  out_i_reg[15]_i_4/CO[0]
                         net (fo=80, unplaced)        0.456    13.661    y_i2
                         LUT3 (Prop_lut3_I0_O)        0.317    13.978 r  w_step[10]_i_89/O
                         net (fo=1, unplaced)         0.000    13.978    w_step[10]_i_89_n_0
                         CARRY4 (Prop_carry4_DI[0]_CO[3])
                                                      0.477    14.455 r  w_step_reg[10]_i_69/CO[3]
                         net (fo=1, unplaced)         0.008    14.463    w_step_reg[10]_i_69_n_0
                         CARRY4 (Prop_carry4_CI_CO[3])
                                                      0.100    14.563 r  w_step_reg[10]_i_51/CO[3]
                         net (fo=1, unplaced)         0.000    14.563    w_step_reg[10]_i_51_n_0
                         CARRY4 (Prop_carry4_CI_CO[3])
                                                      0.100    14.663 r  w_step_reg[10]_i_37/CO[3]
                         net (fo=1, unplaced)         0.000    14.663    w_step_reg[10]_i_37_n_0
                         CARRY4 (Prop_carry4_CI_CO[3])
                                                      0.100    14.763 r  w_step_reg[10]_i_24/CO[3]
                         net (fo=1, unplaced)         0.000    14.763    w_step_reg[10]_i_24_n_0
                         CARRY4 (Prop_carry4_CI_CO[0])
                                                      0.238    15.001 r  w_step_reg[10]_i_13/CO[0]
                         net (fo=43, unplaced)        0.897    15.898    w_step_reg[10]_i_13_n_3
                         CARRY4 (Prop_carry4_S[3]_CO[3])
                                                      0.611    16.509 r  w_step_reg[10]_i_25/CO[3]
                         net (fo=1, unplaced)         0.000    16.509    w_step_reg[10]_i_25_n_0
                         CARRY4 (Prop_carry4_CI_CO[3])
                                                      0.100    16.609 r  w_step_reg[10]_i_14/CO[3]
                         net (fo=28, unplaced)        0.838    17.447    sgn_dy1
                         LUT5 (Prop_lut5_I1_O)        0.105    17.552 r  w_step[6]_i_4/O
                         net (fo=1, unplaced)         0.000    17.552    w_step[6]_i_4_n_0
                         CARRY4 (Prop_carry4_S[1]_CO[3])
                                                      0.444    17.996 r  w_step_reg[6]_i_1/CO[3]
                         net (fo=1, unplaced)         0.008    18.004    w_step_reg[6]_i_1_n_0
                         CARRY4 (Prop_carry4_CI_CO[3])
                                                      0.100    18.104 r  w_step_reg[10]_i_3/CO[3]
                         net (fo=1, unplaced)         0.000    18.104    w_step_reg[10]_i_3_n_0
                         CARRY4 (Prop_carry4_CI_CO[3])
                                                      0.100    18.204 r  w_step_reg[14]_i_6/CO[3]
                         net (fo=1, unplaced)         0.000    18.204    w_step_reg[14]_i_6_n_0
                         CARRY4 (Prop_carry4_CI_O[1])
                                                      0.269    18.473 r  w_step_reg[18]_i_2/O[1]
                         net (fo=1, unplaced)         0.564    19.037    integ_next[16]
                         CARRY4 (Prop_carry4_S[1]_CO[3])
                                                      0.689    19.726 r  w_step_reg[18]_i_1/CO[3]
                         net (fo=1, unplaced)         0.000    19.726    w_step_reg[18]_i_1_n_0
                         CARRY4 (Prop_carry4_CI_O[1])
                                                      0.269    19.995 f  w_step_reg[22]_i_1/O[1]
                         net (fo=4, unplaced)         0.496    20.491    w_unclamped[20]
                         LUT2 (Prop_lut2_I0_O)        0.245    20.736 r  w_step[14]_i_21/O
                         net (fo=1, unplaced)         0.000    20.736    w_step[14]_i_21_n_0
                         CARRY4 (Prop_carry4_S[1]_CO[3])
                                                      0.444    21.180 r  w_step_reg[14]_i_11/CO[3]
                         net (fo=1, unplaced)         0.000    21.180    w_step_reg[14]_i_11_n_0
                         CARRY4 (Prop_carry4_CI_CO[2])
                                                      0.211    21.391 r  w_step_reg[14]_i_4/CO[2]
                         net (fo=5, unplaced)         0.358    21.749    w_clamped1
                         LUT4 (Prop_lut4_I2_O)        0.252    22.001 r  w_step[31]_i_1/O
                         net (fo=17, unplaced)        0.700    22.701    w_step[31]_i_1_n_0
                         FDRE                                         r  w_step_reg[15]/R
  -------------------------------------------------------------------    -------------------

                         (clock clk rise edge)       10.000    10.000 r
                                                      0.000    10.000 r  clk (IN)
                         net (fo=199, unset)          0.748    10.748    clk
                         FDRE                                         r  w_step_reg[15]/C
                         clock pessimism              0.000    10.748
                         clock uncertainty           -0.035    10.712
                         FDRE (Setup_fdre_C_R)       -0.527    10.185    w_step_reg[15]
  -------------------------------------------------------------------
                         required time                         10.185
                         arrival time                         -22.701
  -------------------------------------------------------------------
                         slack                                -12.516

Slack (VIOLATED) :        -12.516ns  (required time - arrival time)
  Source:                 nco_reg[4]/C
                            (rising edge-triggered cell FDRE clocked by clk  {rise@0.000ns fall@5.000ns period=10.000ns})
  Destination:            w_step_reg[16]/R
                            (rising edge-triggered cell FDRE clocked by clk  {rise@0.000ns fall@5.000ns period=10.000ns})
  Path Group:             clk
  Path Type:              Setup (Max at Slow Process Corner)
  Requirement:            10.000ns  (clk rise@10.000ns - clk rise@0.000ns)
  Data Path Delay:        21.914ns  (logic 14.425ns (65.825%)  route 7.489ns (34.175%))
  Logic Levels:           39  (CARRY4=28 DSP48E1=2 LUT1=1 LUT2=5 LUT3=1 LUT4=1 LUT5=1)
  Clock Path Skew:        -0.039ns (DCD - SCD + CPR)
    Destination Clock Delay (DCD):    0.748ns = ( 10.748 - 10.000 )
    Source Clock Delay      (SCD):    0.787ns
    Clock Pessimism Removal (CPR):    0.000ns
  Clock Uncertainty:      0.035ns  ((TSJ^2 + TIJ^2)^1/2 + DJ) / 2 + PE
    Total System Jitter     (TSJ):    0.071ns
    Total Input Jitter      (TIJ):    0.000ns
    Discrete Jitter          (DJ):    0.000ns
    Phase Error              (PE):    0.000ns

    Location             Delay type                Incr(ns)  Path(ns)    Netlist Resource(s)
  -------------------------------------------------------------------    -------------------
                         (clock clk rise edge)        0.000     0.000 r
                                                      0.000     0.000 r  clk (IN)
                         net (fo=199, unset)          0.787     0.787    clk
                         FDRE                                         r  nco_reg[4]/C
  -------------------------------------------------------------------    -------------------
                         FDRE (Prop_fdre_C_Q)         0.303     1.090 r  nco_reg[4]/Q
                         net (fo=6, unplaced)         0.394     1.484    mu_raw[6]
                         LUT2 (Prop_lut2_I0_O)        0.252     1.736 r  mu_di_i_37/O
                         net (fo=1, unplaced)         0.000     1.736    mu_di_i_37_n_0
                         CARRY4 (Prop_carry4_DI[0]_CO[3])
                                                      0.477     2.213 r  mu_di_i_26/CO[3]
                         net (fo=1, unplaced)         0.008     2.221    mu_di_i_26_n_0
                         CARRY4 (Prop_carry4_CI_CO[3])
                                                      0.100     2.321 r  mu_di_i_17/CO[3]
                         net (fo=1, unplaced)         0.000     2.321    mu_di_i_17_n_0
                         CARRY4 (Prop_carry4_CI_CO[3])
                                                      0.100     2.421 r  mu_di_i_14/CO[3]
                         net (fo=1, unplaced)         0.000     2.421    mu_di_i_14_n_0
                         CARRY4 (Prop_carry4_CI_CO[0])
                                                      0.238     2.659 f  mu_di_i_13/CO[0]
                         net (fo=50, unplaced)        0.322     2.981    mu1
                         LUT2 (Prop_lut2_I1_O)        0.297     3.278 r  mu_di_i_2/O
                         net (fo=4, unplaced)         0.646     3.924    mu_di_i_2_n_0
                         DSP48E1 (Prop_dsp48e1_B[16]_PCOUT[47])
                                                      3.244     7.168 r  mu_di__1/PCOUT[47]
                         net (fo=1, unplaced)         0.055     7.223    mu_di__1_n_106
                         DSP48E1 (Prop_dsp48e1_PCIN[47]_P[0])
                                                      1.271     8.494 r  mu_di__2/P[0]
                         net (fo=2, unplaced)         0.646     9.139    mu_di__2_n_105
                         LUT2 (Prop_lut2_I0_O)        0.105     9.244 r  out_i[3]_i_10/O
                         net (fo=1, unplaced)         0.000     9.244    out_i[3]_i_10_n_0
                         CARRY4 (Prop_carry4_S[1]_CO[3])
                                                      0.444     9.688 r  out_i_reg[3]_i_7/CO[3]
                         net (fo=1, unplaced)         0.008     9.696    out_i_reg[3]_i_7_n_0
                         CARRY4 (Prop_carry4_CI_CO[3])
                                                      0.100     9.796 r  out_i_reg[7]_i_7/CO[3]
                         net (fo=1, unplaced)         0.000     9.796    out_i_reg[7]_i_7_n_0
                         CARRY4 (Prop_carry4_CI_CO[3])
                                                      0.100     9.896 r  out_i_reg[11]_i_7/CO[3]
                         net (fo=1, unplaced)         0.000     9.896    out_i_reg[11]_i_7_n_0
                         CARRY4 (Prop_carry4_CI_O[3])
                                                      0.277    10.173 f  out_i_reg[15]_i_28/O[3]
                         net (fo=4, unplaced)         0.543    10.716    y_i320[15]
                         LUT1 (Prop_lut1_I0_O)        0.253    10.969 r  out_i[15]_i_10/O
                         net (fo=1, unplaced)         0.000    10.969    out_i[15]_i_10_n_0
                         CARRY4 (Prop_carry4_DI[3]_CO[3])
                                                      0.351    11.320 r  out_i_reg[15]_i_3/CO[3]
                         net (fo=1, unplaced)         0.000    11.320    out_i_reg[15]_i_3_n_0
                         CARRY4 (Prop_carry4_CI_CO[3])
                                                      0.100    11.420 r  out_i_reg[15]_i_65/CO[3]
                         net (fo=1, unplaced)         0.000    11.420    out_i_reg[15]_i_65_n_0
                         CARRY4 (Prop_carry4_CI_O[3])
                                                      0.277    11.697 f  out_i_reg[15]_i_46/O[3]
                         net (fo=4, unplaced)         0.543    12.240    out_i_reg[15]_i_46_n_4
                         LUT2 (Prop_lut2_I1_O)        0.250    12.490 r  out_i[15]_i_33/O
                         net (fo=1, unplaced)         0.000    12.490    out_i[15]_i_33_n_0
                         CARRY4 (Prop_carry4_DI[0]_CO[3])
                                                      0.477    12.967 r  out_i_reg[15]_i_15/CO[3]
                         net (fo=1, unplaced)         0.000    12.967    out_i_reg[15]_i_15_n_0
                         CARRY4 (Prop_carry4_CI_CO[0])
                                                      0.238    13.205 f  out_i_reg[15]_i_4/CO[0]
                         net (fo=80, unplaced)        0.456    13.661    y_i2
                         LUT3 (Prop_lut3_I0_O)        0.317    13.978 r  w_step[10]_i_89/O
                         net (fo=1, unplaced)         0.000    13.978    w_step[10]_i_89_n_0
                         CARRY4 (Prop_carry4_DI[0]_CO[3])
                                                      0.477    14.455 r  w_step_reg[10]_i_69/CO[3]
                         net (fo=1, unplaced)         0.008    14.463    w_step_reg[10]_i_69_n_0
                         CARRY4 (Prop_carry4_CI_CO[3])
                                                      0.100    14.563 r  w_step_reg[10]_i_51/CO[3]
                         net (fo=1, unplaced)         0.000    14.563    w_step_reg[10]_i_51_n_0
                         CARRY4 (Prop_carry4_CI_CO[3])
                                                      0.100    14.663 r  w_step_reg[10]_i_37/CO[3]
                         net (fo=1, unplaced)         0.000    14.663    w_step_reg[10]_i_37_n_0
                         CARRY4 (Prop_carry4_CI_CO[3])
                                                      0.100    14.763 r  w_step_reg[10]_i_24/CO[3]
                         net (fo=1, unplaced)         0.000    14.763    w_step_reg[10]_i_24_n_0
                         CARRY4 (Prop_carry4_CI_CO[0])
                                                      0.238    15.001 r  w_step_reg[10]_i_13/CO[0]
                         net (fo=43, unplaced)        0.897    15.898    w_step_reg[10]_i_13_n_3
                         CARRY4 (Prop_carry4_S[3]_CO[3])
                                                      0.611    16.509 r  w_step_reg[10]_i_25/CO[3]
                         net (fo=1, unplaced)         0.000    16.509    w_step_reg[10]_i_25_n_0
                         CARRY4 (Prop_carry4_CI_CO[3])
                                                      0.100    16.609 r  w_step_reg[10]_i_14/CO[3]
                         net (fo=28, unplaced)        0.838    17.447    sgn_dy1
                         LUT5 (Prop_lut5_I1_O)        0.105    17.552 r  w_step[6]_i_4/O
                         net (fo=1, unplaced)         0.000    17.552    w_step[6]_i_4_n_0
                         CARRY4 (Prop_carry4_S[1]_CO[3])
                                                      0.444    17.996 r  w_step_reg[6]_i_1/CO[3]
                         net (fo=1, unplaced)         0.008    18.004    w_step_reg[6]_i_1_n_0
                         CARRY4 (Prop_carry4_CI_CO[3])
                                                      0.100    18.104 r  w_step_reg[10]_i_3/CO[3]
                         net (fo=1, unplaced)         0.000    18.104    w_step_reg[10]_i_3_n_0
                         CARRY4 (Prop_carry4_CI_CO[3])
                                                      0.100    18.204 r  w_step_reg[14]_i_6/CO[3]
                         net (fo=1, unplaced)         0.000    18.204    w_step_reg[14]_i_6_n_0
                         CARRY4 (Prop_carry4_CI_O[1])
                                                      0.269    18.473 r  w_step_reg[18]_i_2/O[1]
                         net (fo=1, unplaced)         0.564    19.037    integ_next[16]
                         CARRY4 (Prop_carry4_S[1]_CO[3])
                                                      0.689    19.726 r  w_step_reg[18]_i_1/CO[3]
                         net (fo=1, unplaced)         0.000    19.726    w_step_reg[18]_i_1_n_0
                         CARRY4 (Prop_carry4_CI_O[1])
                                                      0.269    19.995 f  w_step_reg[22]_i_1/O[1]
                         net (fo=4, unplaced)         0.496    20.491    w_unclamped[20]
                         LUT2 (Prop_lut2_I0_O)        0.245    20.736 r  w_step[14]_i_21/O
                         net (fo=1, unplaced)         0.000    20.736    w_step[14]_i_21_n_0
                         CARRY4 (Prop_carry4_S[1]_CO[3])
                                                      0.444    21.180 r  w_step_reg[14]_i_11/CO[3]
                         net (fo=1, unplaced)         0.000    21.180    w_step_reg[14]_i_11_n_0
                         CARRY4 (Prop_carry4_CI_CO[2])
                                                      0.211    21.391 r  w_step_reg[14]_i_4/CO[2]
                         net (fo=5, unplaced)         0.358    21.749    w_clamped1
                         LUT4 (Prop_lut4_I2_O)        0.252    22.001 r  w_step[31]_i_1/O
                         net (fo=17, unplaced)        0.700    22.701    w_step[31]_i_1_n_0
                         FDRE                                         r  w_step_reg[16]/R
  -------------------------------------------------------------------    -------------------

                         (clock clk rise edge)       10.000    10.000 r
                                                      0.000    10.000 r  clk (IN)
                         net (fo=199, unset)          0.748    10.748    clk
                         FDRE                                         r  w_step_reg[16]/C
                         clock pessimism              0.000    10.748
                         clock uncertainty           -0.035    10.712
                         FDRE (Setup_fdre_C_R)       -0.527    10.185    w_step_reg[16]
  -------------------------------------------------------------------
                         required time                         10.185
                         arrival time                         -22.701
  -------------------------------------------------------------------
                         slack                                -12.516

Slack (VIOLATED) :        -12.516ns  (required time - arrival time)
  Source:                 nco_reg[4]/C
                            (rising edge-triggered cell FDRE clocked by clk  {rise@0.000ns fall@5.000ns period=10.000ns})
  Destination:            w_step_reg[17]/R
                            (rising edge-triggered cell FDRE clocked by clk  {rise@0.000ns fall@5.000ns period=10.000ns})
  Path Group:             clk
  Path Type:              Setup (Max at Slow Process Corner)
  Requirement:            10.000ns  (clk rise@10.000ns - clk rise@0.000ns)
  Data Path Delay:        21.914ns  (logic 14.425ns (65.825%)  route 7.489ns (34.175%))
  Logic Levels:           39  (CARRY4=28 DSP48E1=2 LUT1=1 LUT2=5 LUT3=1 LUT4=1 LUT5=1)
  Clock Path Skew:        -0.039ns (DCD - SCD + CPR)
    Destination Clock Delay (DCD):    0.748ns = ( 10.748 - 10.000 )
    Source Clock Delay      (SCD):    0.787ns
    Clock Pessimism Removal (CPR):    0.000ns
  Clock Uncertainty:      0.035ns  ((TSJ^2 + TIJ^2)^1/2 + DJ) / 2 + PE
    Total System Jitter     (TSJ):    0.071ns
    Total Input Jitter      (TIJ):    0.000ns
    Discrete Jitter          (DJ):    0.000ns
    Phase Error              (PE):    0.000ns

    Location             Delay type                Incr(ns)  Path(ns)    Netlist Resource(s)
  -------------------------------------------------------------------    -------------------
                         (clock clk rise edge)        0.000     0.000 r
                                                      0.000     0.000 r  clk (IN)
                         net (fo=199, unset)          0.787     0.787    clk
                         FDRE                                         r  nco_reg[4]/C
  -------------------------------------------------------------------    -------------------
                         FDRE (Prop_fdre_C_Q)         0.303     1.090 r  nco_reg[4]/Q
                         net (fo=6, unplaced)         0.394     1.484    mu_raw[6]
                         LUT2 (Prop_lut2_I0_O)        0.252     1.736 r  mu_di_i_37/O
                         net (fo=1, unplaced)         0.000     1.736    mu_di_i_37_n_0
                         CARRY4 (Prop_carry4_DI[0]_CO[3])
                                                      0.477     2.213 r  mu_di_i_26/CO[3]
                         net (fo=1, unplaced)         0.008     2.221    mu_di_i_26_n_0
                         CARRY4 (Prop_carry4_CI_CO[3])
                                                      0.100     2.321 r  mu_di_i_17/CO[3]
                         net (fo=1, unplaced)         0.000     2.321    mu_di_i_17_n_0
                         CARRY4 (Prop_carry4_CI_CO[3])
                                                      0.100     2.421 r  mu_di_i_14/CO[3]
                         net (fo=1, unplaced)         0.000     2.421    mu_di_i_14_n_0
                         CARRY4 (Prop_carry4_CI_CO[0])
                                                      0.238     2.659 f  mu_di_i_13/CO[0]
                         net (fo=50, unplaced)        0.322     2.981    mu1
                         LUT2 (Prop_lut2_I1_O)        0.297     3.278 r  mu_di_i_2/O
                         net (fo=4, unplaced)         0.646     3.924    mu_di_i_2_n_0
                         DSP48E1 (Prop_dsp48e1_B[16]_PCOUT[47])
                                                      3.244     7.168 r  mu_di__1/PCOUT[47]
                         net (fo=1, unplaced)         0.055     7.223    mu_di__1_n_106
                         DSP48E1 (Prop_dsp48e1_PCIN[47]_P[0])
                                                      1.271     8.494 r  mu_di__2/P[0]
                         net (fo=2, unplaced)         0.646     9.139    mu_di__2_n_105
                         LUT2 (Prop_lut2_I0_O)        0.105     9.244 r  out_i[3]_i_10/O
                         net (fo=1, unplaced)         0.000     9.244    out_i[3]_i_10_n_0
                         CARRY4 (Prop_carry4_S[1]_CO[3])
                                                      0.444     9.688 r  out_i_reg[3]_i_7/CO[3]
                         net (fo=1, unplaced)         0.008     9.696    out_i_reg[3]_i_7_n_0
                         CARRY4 (Prop_carry4_CI_CO[3])
                                                      0.100     9.796 r  out_i_reg[7]_i_7/CO[3]
                         net (fo=1, unplaced)         0.000     9.796    out_i_reg[7]_i_7_n_0
                         CARRY4 (Prop_carry4_CI_CO[3])
                                                      0.100     9.896 r  out_i_reg[11]_i_7/CO[3]
                         net (fo=1, unplaced)         0.000     9.896    out_i_reg[11]_i_7_n_0
                         CARRY4 (Prop_carry4_CI_O[3])
                                                      0.277    10.173 f  out_i_reg[15]_i_28/O[3]
                         net (fo=4, unplaced)         0.543    10.716    y_i320[15]
                         LUT1 (Prop_lut1_I0_O)        0.253    10.969 r  out_i[15]_i_10/O
                         net (fo=1, unplaced)         0.000    10.969    out_i[15]_i_10_n_0
                         CARRY4 (Prop_carry4_DI[3]_CO[3])
                                                      0.351    11.320 r  out_i_reg[15]_i_3/CO[3]
                         net (fo=1, unplaced)         0.000    11.320    out_i_reg[15]_i_3_n_0
                         CARRY4 (Prop_carry4_CI_CO[3])
                                                      0.100    11.420 r  out_i_reg[15]_i_65/CO[3]
                         net (fo=1, unplaced)         0.000    11.420    out_i_reg[15]_i_65_n_0
                         CARRY4 (Prop_carry4_CI_O[3])
                                                      0.277    11.697 f  out_i_reg[15]_i_46/O[3]
                         net (fo=4, unplaced)         0.543    12.240    out_i_reg[15]_i_46_n_4
                         LUT2 (Prop_lut2_I1_O)        0.250    12.490 r  out_i[15]_i_33/O
                         net (fo=1, unplaced)         0.000    12.490    out_i[15]_i_33_n_0
                         CARRY4 (Prop_carry4_DI[0]_CO[3])
                                                      0.477    12.967 r  out_i_reg[15]_i_15/CO[3]
                         net (fo=1, unplaced)         0.000    12.967    out_i_reg[15]_i_15_n_0
                         CARRY4 (Prop_carry4_CI_CO[0])
                                                      0.238    13.205 f  out_i_reg[15]_i_4/CO[0]
                         net (fo=80, unplaced)        0.456    13.661    y_i2
                         LUT3 (Prop_lut3_I0_O)        0.317    13.978 r  w_step[10]_i_89/O
                         net (fo=1, unplaced)         0.000    13.978    w_step[10]_i_89_n_0
                         CARRY4 (Prop_carry4_DI[0]_CO[3])
                                                      0.477    14.455 r  w_step_reg[10]_i_69/CO[3]
                         net (fo=1, unplaced)         0.008    14.463    w_step_reg[10]_i_69_n_0
                         CARRY4 (Prop_carry4_CI_CO[3])
                                                      0.100    14.563 r  w_step_reg[10]_i_51/CO[3]
                         net (fo=1, unplaced)         0.000    14.563    w_step_reg[10]_i_51_n_0
                         CARRY4 (Prop_carry4_CI_CO[3])
                                                      0.100    14.663 r  w_step_reg[10]_i_37/CO[3]
                         net (fo=1, unplaced)         0.000    14.663    w_step_reg[10]_i_37_n_0
                         CARRY4 (Prop_carry4_CI_CO[3])
                                                      0.100    14.763 r  w_step_reg[10]_i_24/CO[3]
                         net (fo=1, unplaced)         0.000    14.763    w_step_reg[10]_i_24_n_0
                         CARRY4 (Prop_carry4_CI_CO[0])
                                                      0.238    15.001 r  w_step_reg[10]_i_13/CO[0]
                         net (fo=43, unplaced)        0.897    15.898    w_step_reg[10]_i_13_n_3
                         CARRY4 (Prop_carry4_S[3]_CO[3])
                                                      0.611    16.509 r  w_step_reg[10]_i_25/CO[3]
                         net (fo=1, unplaced)         0.000    16.509    w_step_reg[10]_i_25_n_0
                         CARRY4 (Prop_carry4_CI_CO[3])
                                                      0.100    16.609 r  w_step_reg[10]_i_14/CO[3]
                         net (fo=28, unplaced)        0.838    17.447    sgn_dy1
                         LUT5 (Prop_lut5_I1_O)        0.105    17.552 r  w_step[6]_i_4/O
                         net (fo=1, unplaced)         0.000    17.552    w_step[6]_i_4_n_0
                         CARRY4 (Prop_carry4_S[1]_CO[3])
                                                      0.444    17.996 r  w_step_reg[6]_i_1/CO[3]
                         net (fo=1, unplaced)         0.008    18.004    w_step_reg[6]_i_1_n_0
                         CARRY4 (Prop_carry4_CI_CO[3])
                                                      0.100    18.104 r  w_step_reg[10]_i_3/CO[3]
                         net (fo=1, unplaced)         0.000    18.104    w_step_reg[10]_i_3_n_0
                         CARRY4 (Prop_carry4_CI_CO[3])
                                                      0.100    18.204 r  w_step_reg[14]_i_6/CO[3]
                         net (fo=1, unplaced)         0.000    18.204    w_step_reg[14]_i_6_n_0
                         CARRY4 (Prop_carry4_CI_O[1])
                                                      0.269    18.473 r  w_step_reg[18]_i_2/O[1]
                         net (fo=1, unplaced)         0.564    19.037    integ_next[16]
                         CARRY4 (Prop_carry4_S[1]_CO[3])
                                                      0.689    19.726 r  w_step_reg[18]_i_1/CO[3]
                         net (fo=1, unplaced)         0.000    19.726    w_step_reg[18]_i_1_n_0
                         CARRY4 (Prop_carry4_CI_O[1])
                                                      0.269    19.995 f  w_step_reg[22]_i_1/O[1]
                         net (fo=4, unplaced)         0.496    20.491    w_unclamped[20]
                         LUT2 (Prop_lut2_I0_O)        0.245    20.736 r  w_step[14]_i_21/O
                         net (fo=1, unplaced)         0.000    20.736    w_step[14]_i_21_n_0
                         CARRY4 (Prop_carry4_S[1]_CO[3])
                                                      0.444    21.180 r  w_step_reg[14]_i_11/CO[3]
                         net (fo=1, unplaced)         0.000    21.180    w_step_reg[14]_i_11_n_0
                         CARRY4 (Prop_carry4_CI_CO[2])
                                                      0.211    21.391 r  w_step_reg[14]_i_4/CO[2]
                         net (fo=5, unplaced)         0.358    21.749    w_clamped1
                         LUT4 (Prop_lut4_I2_O)        0.252    22.001 r  w_step[31]_i_1/O
                         net (fo=17, unplaced)        0.700    22.701    w_step[31]_i_1_n_0
                         FDRE                                         r  w_step_reg[17]/R
  -------------------------------------------------------------------    -------------------

                         (clock clk rise edge)       10.000    10.000 r
                                                      0.000    10.000 r  clk (IN)
                         net (fo=199, unset)          0.748    10.748    clk
                         FDRE                                         r  w_step_reg[17]/C
                         clock pessimism              0.000    10.748
                         clock uncertainty           -0.035    10.712
                         FDRE (Setup_fdre_C_R)       -0.527    10.185    w_step_reg[17]
  -------------------------------------------------------------------
                         required time                         10.185
                         arrival time                         -22.701
  -------------------------------------------------------------------
                         slack                                -12.516

Slack (VIOLATED) :        -12.516ns  (required time - arrival time)
  Source:                 nco_reg[4]/C
                            (rising edge-triggered cell FDRE clocked by clk  {rise@0.000ns fall@5.000ns period=10.000ns})
  Destination:            w_step_reg[18]/R
                            (rising edge-triggered cell FDRE clocked by clk  {rise@0.000ns fall@5.000ns period=10.000ns})
  Path Group:             clk
  Path Type:              Setup (Max at Slow Process Corner)
  Requirement:            10.000ns  (clk rise@10.000ns - clk rise@0.000ns)
  Data Path Delay:        21.914ns  (logic 14.425ns (65.825%)  route 7.489ns (34.175%))
  Logic Levels:           39  (CARRY4=28 DSP48E1=2 LUT1=1 LUT2=5 LUT3=1 LUT4=1 LUT5=1)
  Clock Path Skew:        -0.039ns (DCD - SCD + CPR)
    Destination Clock Delay (DCD):    0.748ns = ( 10.748 - 10.000 )
    Source Clock Delay      (SCD):    0.787ns
    Clock Pessimism Removal (CPR):    0.000ns
  Clock Uncertainty:      0.035ns  ((TSJ^2 + TIJ^2)^1/2 + DJ) / 2 + PE
    Total System Jitter     (TSJ):    0.071ns
    Total Input Jitter      (TIJ):    0.000ns
    Discrete Jitter          (DJ):    0.000ns
    Phase Error              (PE):    0.000ns

    Location             Delay type                Incr(ns)  Path(ns)    Netlist Resource(s)
  -------------------------------------------------------------------    -------------------
                         (clock clk rise edge)        0.000     0.000 r
                                                      0.000     0.000 r  clk (IN)
                         net (fo=199, unset)          0.787     0.787    clk
                         FDRE                                         r  nco_reg[4]/C
  -------------------------------------------------------------------    -------------------
                         FDRE (Prop_fdre_C_Q)         0.303     1.090 r  nco_reg[4]/Q
                         net (fo=6, unplaced)         0.394     1.484    mu_raw[6]
                         LUT2 (Prop_lut2_I0_O)        0.252     1.736 r  mu_di_i_37/O
                         net (fo=1, unplaced)         0.000     1.736    mu_di_i_37_n_0
                         CARRY4 (Prop_carry4_DI[0]_CO[3])
                                                      0.477     2.213 r  mu_di_i_26/CO[3]
                         net (fo=1, unplaced)         0.008     2.221    mu_di_i_26_n_0
                         CARRY4 (Prop_carry4_CI_CO[3])
                                                      0.100     2.321 r  mu_di_i_17/CO[3]
                         net (fo=1, unplaced)         0.000     2.321    mu_di_i_17_n_0
                         CARRY4 (Prop_carry4_CI_CO[3])
                                                      0.100     2.421 r  mu_di_i_14/CO[3]
                         net (fo=1, unplaced)         0.000     2.421    mu_di_i_14_n_0
                         CARRY4 (Prop_carry4_CI_CO[0])
                                                      0.238     2.659 f  mu_di_i_13/CO[0]
                         net (fo=50, unplaced)        0.322     2.981    mu1
                         LUT2 (Prop_lut2_I1_O)        0.297     3.278 r  mu_di_i_2/O
                         net (fo=4, unplaced)         0.646     3.924    mu_di_i_2_n_0
                         DSP48E1 (Prop_dsp48e1_B[16]_PCOUT[47])
                                                      3.244     7.168 r  mu_di__1/PCOUT[47]
                         net (fo=1, unplaced)         0.055     7.223    mu_di__1_n_106
                         DSP48E1 (Prop_dsp48e1_PCIN[47]_P[0])
                                                      1.271     8.494 r  mu_di__2/P[0]
                         net (fo=2, unplaced)         0.646     9.139    mu_di__2_n_105
                         LUT2 (Prop_lut2_I0_O)        0.105     9.244 r  out_i[3]_i_10/O
                         net (fo=1, unplaced)         0.000     9.244    out_i[3]_i_10_n_0
                         CARRY4 (Prop_carry4_S[1]_CO[3])
                                                      0.444     9.688 r  out_i_reg[3]_i_7/CO[3]
                         net (fo=1, unplaced)         0.008     9.696    out_i_reg[3]_i_7_n_0
                         CARRY4 (Prop_carry4_CI_CO[3])
                                                      0.100     9.796 r  out_i_reg[7]_i_7/CO[3]
                         net (fo=1, unplaced)         0.000     9.796    out_i_reg[7]_i_7_n_0
                         CARRY4 (Prop_carry4_CI_CO[3])
                                                      0.100     9.896 r  out_i_reg[11]_i_7/CO[3]
                         net (fo=1, unplaced)         0.000     9.896    out_i_reg[11]_i_7_n_0
                         CARRY4 (Prop_carry4_CI_O[3])
                                                      0.277    10.173 f  out_i_reg[15]_i_28/O[3]
                         net (fo=4, unplaced)         0.543    10.716    y_i320[15]
                         LUT1 (Prop_lut1_I0_O)        0.253    10.969 r  out_i[15]_i_10/O
                         net (fo=1, unplaced)         0.000    10.969    out_i[15]_i_10_n_0
                         CARRY4 (Prop_carry4_DI[3]_CO[3])
                                                      0.351    11.320 r  out_i_reg[15]_i_3/CO[3]
                         net (fo=1, unplaced)         0.000    11.320    out_i_reg[15]_i_3_n_0
                         CARRY4 (Prop_carry4_CI_CO[3])
                                                      0.100    11.420 r  out_i_reg[15]_i_65/CO[3]
                         net (fo=1, unplaced)         0.000    11.420    out_i_reg[15]_i_65_n_0
                         CARRY4 (Prop_carry4_CI_O[3])
                                                      0.277    11.697 f  out_i_reg[15]_i_46/O[3]
                         net (fo=4, unplaced)         0.543    12.240    out_i_reg[15]_i_46_n_4
                         LUT2 (Prop_lut2_I1_O)        0.250    12.490 r  out_i[15]_i_33/O
                         net (fo=1, unplaced)         0.000    12.490    out_i[15]_i_33_n_0
                         CARRY4 (Prop_carry4_DI[0]_CO[3])
                                                      0.477    12.967 r  out_i_reg[15]_i_15/CO[3]
                         net (fo=1, unplaced)         0.000    12.967    out_i_reg[15]_i_15_n_0
                         CARRY4 (Prop_carry4_CI_CO[0])
                                                      0.238    13.205 f  out_i_reg[15]_i_4/CO[0]
                         net (fo=80, unplaced)        0.456    13.661    y_i2
                         LUT3 (Prop_lut3_I0_O)        0.317    13.978 r  w_step[10]_i_89/O
                         net (fo=1, unplaced)         0.000    13.978    w_step[10]_i_89_n_0
                         CARRY4 (Prop_carry4_DI[0]_CO[3])
                                                      0.477    14.455 r  w_step_reg[10]_i_69/CO[3]
                         net (fo=1, unplaced)         0.008    14.463    w_step_reg[10]_i_69_n_0
                         CARRY4 (Prop_carry4_CI_CO[3])
                                                      0.100    14.563 r  w_step_reg[10]_i_51/CO[3]
                         net (fo=1, unplaced)         0.000    14.563    w_step_reg[10]_i_51_n_0
                         CARRY4 (Prop_carry4_CI_CO[3])
                                                      0.100    14.663 r  w_step_reg[10]_i_37/CO[3]
                         net (fo=1, unplaced)         0.000    14.663    w_step_reg[10]_i_37_n_0
                         CARRY4 (Prop_carry4_CI_CO[3])
                                                      0.100    14.763 r  w_step_reg[10]_i_24/CO[3]
                         net (fo=1, unplaced)         0.000    14.763    w_step_reg[10]_i_24_n_0
                         CARRY4 (Prop_carry4_CI_CO[0])
                                                      0.238    15.001 r  w_step_reg[10]_i_13/CO[0]
                         net (fo=43, unplaced)        0.897    15.898    w_step_reg[10]_i_13_n_3
                         CARRY4 (Prop_carry4_S[3]_CO[3])
                                                      0.611    16.509 r  w_step_reg[10]_i_25/CO[3]
                         net (fo=1, unplaced)         0.000    16.509    w_step_reg[10]_i_25_n_0
                         CARRY4 (Prop_carry4_CI_CO[3])
                                                      0.100    16.609 r  w_step_reg[10]_i_14/CO[3]
                         net (fo=28, unplaced)        0.838    17.447    sgn_dy1
                         LUT5 (Prop_lut5_I1_O)        0.105    17.552 r  w_step[6]_i_4/O
                         net (fo=1, unplaced)         0.000    17.552    w_step[6]_i_4_n_0
                         CARRY4 (Prop_carry4_S[1]_CO[3])
                                                      0.444    17.996 r  w_step_reg[6]_i_1/CO[3]
                         net (fo=1, unplaced)         0.008    18.004    w_step_reg[6]_i_1_n_0
                         CARRY4 (Prop_carry4_CI_CO[3])
                                                      0.100    18.104 r  w_step_reg[10]_i_3/CO[3]
                         net (fo=1, unplaced)         0.000    18.104    w_step_reg[10]_i_3_n_0
                         CARRY4 (Prop_carry4_CI_CO[3])
                                                      0.100    18.204 r  w_step_reg[14]_i_6/CO[3]
                         net (fo=1, unplaced)         0.000    18.204    w_step_reg[14]_i_6_n_0
                         CARRY4 (Prop_carry4_CI_O[1])
                                                      0.269    18.473 r  w_step_reg[18]_i_2/O[1]
                         net (fo=1, unplaced)         0.564    19.037    integ_next[16]
                         CARRY4 (Prop_carry4_S[1]_CO[3])
                                                      0.689    19.726 r  w_step_reg[18]_i_1/CO[3]
                         net (fo=1, unplaced)         0.000    19.726    w_step_reg[18]_i_1_n_0
                         CARRY4 (Prop_carry4_CI_O[1])
                                                      0.269    19.995 f  w_step_reg[22]_i_1/O[1]
                         net (fo=4, unplaced)         0.496    20.491    w_unclamped[20]
                         LUT2 (Prop_lut2_I0_O)        0.245    20.736 r  w_step[14]_i_21/O
                         net (fo=1, unplaced)         0.000    20.736    w_step[14]_i_21_n_0
                         CARRY4 (Prop_carry4_S[1]_CO[3])
                                                      0.444    21.180 r  w_step_reg[14]_i_11/CO[3]
                         net (fo=1, unplaced)         0.000    21.180    w_step_reg[14]_i_11_n_0
                         CARRY4 (Prop_carry4_CI_CO[2])
                                                      0.211    21.391 r  w_step_reg[14]_i_4/CO[2]
                         net (fo=5, unplaced)         0.358    21.749    w_clamped1
                         LUT4 (Prop_lut4_I2_O)        0.252    22.001 r  w_step[31]_i_1/O
                         net (fo=17, unplaced)        0.700    22.701    w_step[31]_i_1_n_0
                         FDRE                                         r  w_step_reg[18]/R
  -------------------------------------------------------------------    -------------------

                         (clock clk rise edge)       10.000    10.000 r
                                                      0.000    10.000 r  clk (IN)
                         net (fo=199, unset)          0.748    10.748    clk
                         FDRE                                         r  w_step_reg[18]/C
                         clock pessimism              0.000    10.748
                         clock uncertainty           -0.035    10.712
                         FDRE (Setup_fdre_C_R)       -0.527    10.185    w_step_reg[18]
  -------------------------------------------------------------------
                         required time                         10.185
                         arrival time                         -22.701
  -------------------------------------------------------------------
                         slack                                -12.516

Slack (VIOLATED) :        -12.516ns  (required time - arrival time)
  Source:                 nco_reg[4]/C
                            (rising edge-triggered cell FDRE clocked by clk  {rise@0.000ns fall@5.000ns period=10.000ns})
  Destination:            w_step_reg[19]/R
                            (rising edge-triggered cell FDRE clocked by clk  {rise@0.000ns fall@5.000ns period=10.000ns})
  Path Group:             clk
  Path Type:              Setup (Max at Slow Process Corner)
  Requirement:            10.000ns  (clk rise@10.000ns - clk rise@0.000ns)
  Data Path Delay:        21.914ns  (logic 14.425ns (65.825%)  route 7.489ns (34.175%))
  Logic Levels:           39  (CARRY4=28 DSP48E1=2 LUT1=1 LUT2=5 LUT3=1 LUT4=1 LUT5=1)
  Clock Path Skew:        -0.039ns (DCD - SCD + CPR)
    Destination Clock Delay (DCD):    0.748ns = ( 10.748 - 10.000 )
    Source Clock Delay      (SCD):    0.787ns
    Clock Pessimism Removal (CPR):    0.000ns
  Clock Uncertainty:      0.035ns  ((TSJ^2 + TIJ^2)^1/2 + DJ) / 2 + PE
    Total System Jitter     (TSJ):    0.071ns
    Total Input Jitter      (TIJ):    0.000ns
    Discrete Jitter          (DJ):    0.000ns
    Phase Error              (PE):    0.000ns

    Location             Delay type                Incr(ns)  Path(ns)    Netlist Resource(s)
  -------------------------------------------------------------------    -------------------
                         (clock clk rise edge)        0.000     0.000 r
                                                      0.000     0.000 r  clk (IN)
                         net (fo=199, unset)          0.787     0.787    clk
                         FDRE                                         r  nco_reg[4]/C
  -------------------------------------------------------------------    -------------------
                         FDRE (Prop_fdre_C_Q)         0.303     1.090 r  nco_reg[4]/Q
                         net (fo=6, unplaced)         0.394     1.484    mu_raw[6]
                         LUT2 (Prop_lut2_I0_O)        0.252     1.736 r  mu_di_i_37/O
                         net (fo=1, unplaced)         0.000     1.736    mu_di_i_37_n_0
                         CARRY4 (Prop_carry4_DI[0]_CO[3])
                                                      0.477     2.213 r  mu_di_i_26/CO[3]
                         net (fo=1, unplaced)         0.008     2.221    mu_di_i_26_n_0
                         CARRY4 (Prop_carry4_CI_CO[3])
                                                      0.100     2.321 r  mu_di_i_17/CO[3]
                         net (fo=1, unplaced)         0.000     2.321    mu_di_i_17_n_0
                         CARRY4 (Prop_carry4_CI_CO[3])
                                                      0.100     2.421 r  mu_di_i_14/CO[3]
                         net (fo=1, unplaced)         0.000     2.421    mu_di_i_14_n_0
                         CARRY4 (Prop_carry4_CI_CO[0])
                                                      0.238     2.659 f  mu_di_i_13/CO[0]
                         net (fo=50, unplaced)        0.322     2.981    mu1
                         LUT2 (Prop_lut2_I1_O)        0.297     3.278 r  mu_di_i_2/O
                         net (fo=4, unplaced)         0.646     3.924    mu_di_i_2_n_0
                         DSP48E1 (Prop_dsp48e1_B[16]_PCOUT[47])
                                                      3.244     7.168 r  mu_di__1/PCOUT[47]
                         net (fo=1, unplaced)         0.055     7.223    mu_di__1_n_106
                         DSP48E1 (Prop_dsp48e1_PCIN[47]_P[0])
                                                      1.271     8.494 r  mu_di__2/P[0]
                         net (fo=2, unplaced)         0.646     9.139    mu_di__2_n_105
                         LUT2 (Prop_lut2_I0_O)        0.105     9.244 r  out_i[3]_i_10/O
                         net (fo=1, unplaced)         0.000     9.244    out_i[3]_i_10_n_0
                         CARRY4 (Prop_carry4_S[1]_CO[3])
                                                      0.444     9.688 r  out_i_reg[3]_i_7/CO[3]
                         net (fo=1, unplaced)         0.008     9.696    out_i_reg[3]_i_7_n_0
                         CARRY4 (Prop_carry4_CI_CO[3])
                                                      0.100     9.796 r  out_i_reg[7]_i_7/CO[3]
                         net (fo=1, unplaced)         0.000     9.796    out_i_reg[7]_i_7_n_0
                         CARRY4 (Prop_carry4_CI_CO[3])
                                                      0.100     9.896 r  out_i_reg[11]_i_7/CO[3]
                         net (fo=1, unplaced)         0.000     9.896    out_i_reg[11]_i_7_n_0
                         CARRY4 (Prop_carry4_CI_O[3])
                                                      0.277    10.173 f  out_i_reg[15]_i_28/O[3]
                         net (fo=4, unplaced)         0.543    10.716    y_i320[15]
                         LUT1 (Prop_lut1_I0_O)        0.253    10.969 r  out_i[15]_i_10/O
                         net (fo=1, unplaced)         0.000    10.969    out_i[15]_i_10_n_0
                         CARRY4 (Prop_carry4_DI[3]_CO[3])
                                                      0.351    11.320 r  out_i_reg[15]_i_3/CO[3]
                         net (fo=1, unplaced)         0.000    11.320    out_i_reg[15]_i_3_n_0
                         CARRY4 (Prop_carry4_CI_CO[3])
                                                      0.100    11.420 r  out_i_reg[15]_i_65/CO[3]
                         net (fo=1, unplaced)         0.000    11.420    out_i_reg[15]_i_65_n_0
                         CARRY4 (Prop_carry4_CI_O[3])
                                                      0.277    11.697 f  out_i_reg[15]_i_46/O[3]
                         net (fo=4, unplaced)         0.543    12.240    out_i_reg[15]_i_46_n_4
                         LUT2 (Prop_lut2_I1_O)        0.250    12.490 r  out_i[15]_i_33/O
                         net (fo=1, unplaced)         0.000    12.490    out_i[15]_i_33_n_0
                         CARRY4 (Prop_carry4_DI[0]_CO[3])
                                                      0.477    12.967 r  out_i_reg[15]_i_15/CO[3]
                         net (fo=1, unplaced)         0.000    12.967    out_i_reg[15]_i_15_n_0
                         CARRY4 (Prop_carry4_CI_CO[0])
                                                      0.238    13.205 f  out_i_reg[15]_i_4/CO[0]
                         net (fo=80, unplaced)        0.456    13.661    y_i2
                         LUT3 (Prop_lut3_I0_O)        0.317    13.978 r  w_step[10]_i_89/O
                         net (fo=1, unplaced)         0.000    13.978    w_step[10]_i_89_n_0
                         CARRY4 (Prop_carry4_DI[0]_CO[3])
                                                      0.477    14.455 r  w_step_reg[10]_i_69/CO[3]
                         net (fo=1, unplaced)         0.008    14.463    w_step_reg[10]_i_69_n_0
                         CARRY4 (Prop_carry4_CI_CO[3])
                                                      0.100    14.563 r  w_step_reg[10]_i_51/CO[3]
                         net (fo=1, unplaced)         0.000    14.563    w_step_reg[10]_i_51_n_0
                         CARRY4 (Prop_carry4_CI_CO[3])
                                                      0.100    14.663 r  w_step_reg[10]_i_37/CO[3]
                         net (fo=1, unplaced)         0.000    14.663    w_step_reg[10]_i_37_n_0
                         CARRY4 (Prop_carry4_CI_CO[3])
                                                      0.100    14.763 r  w_step_reg[10]_i_24/CO[3]
                         net (fo=1, unplaced)         0.000    14.763    w_step_reg[10]_i_24_n_0
                         CARRY4 (Prop_carry4_CI_CO[0])
                                                      0.238    15.001 r  w_step_reg[10]_i_13/CO[0]
                         net (fo=43, unplaced)        0.897    15.898    w_step_reg[10]_i_13_n_3
                         CARRY4 (Prop_carry4_S[3]_CO[3])
                                                      0.611    16.509 r  w_step_reg[10]_i_25/CO[3]
                         net (fo=1, unplaced)         0.000    16.509    w_step_reg[10]_i_25_n_0
                         CARRY4 (Prop_carry4_CI_CO[3])
                                                      0.100    16.609 r  w_step_reg[10]_i_14/CO[3]
                         net (fo=28, unplaced)        0.838    17.447    sgn_dy1
                         LUT5 (Prop_lut5_I1_O)        0.105    17.552 r  w_step[6]_i_4/O
                         net (fo=1, unplaced)         0.000    17.552    w_step[6]_i_4_n_0
                         CARRY4 (Prop_carry4_S[1]_CO[3])
                                                      0.444    17.996 r  w_step_reg[6]_i_1/CO[3]
                         net (fo=1, unplaced)         0.008    18.004    w_step_reg[6]_i_1_n_0
                         CARRY4 (Prop_carry4_CI_CO[3])
                                                      0.100    18.104 r  w_step_reg[10]_i_3/CO[3]
                         net (fo=1, unplaced)         0.000    18.104    w_step_reg[10]_i_3_n_0
                         CARRY4 (Prop_carry4_CI_CO[3])
                                                      0.100    18.204 r  w_step_reg[14]_i_6/CO[3]
                         net (fo=1, unplaced)         0.000    18.204    w_step_reg[14]_i_6_n_0
                         CARRY4 (Prop_carry4_CI_O[1])
                                                      0.269    18.473 r  w_step_reg[18]_i_2/O[1]
                         net (fo=1, unplaced)         0.564    19.037    integ_next[16]
                         CARRY4 (Prop_carry4_S[1]_CO[3])
                                                      0.689    19.726 r  w_step_reg[18]_i_1/CO[3]
                         net (fo=1, unplaced)         0.000    19.726    w_step_reg[18]_i_1_n_0
                         CARRY4 (Prop_carry4_CI_O[1])
                                                      0.269    19.995 f  w_step_reg[22]_i_1/O[1]
                         net (fo=4, unplaced)         0.496    20.491    w_unclamped[20]
                         LUT2 (Prop_lut2_I0_O)        0.245    20.736 r  w_step[14]_i_21/O
                         net (fo=1, unplaced)         0.000    20.736    w_step[14]_i_21_n_0
                         CARRY4 (Prop_carry4_S[1]_CO[3])
                                                      0.444    21.180 r  w_step_reg[14]_i_11/CO[3]
                         net (fo=1, unplaced)         0.000    21.180    w_step_reg[14]_i_11_n_0
                         CARRY4 (Prop_carry4_CI_CO[2])
                                                      0.211    21.391 r  w_step_reg[14]_i_4/CO[2]
                         net (fo=5, unplaced)         0.358    21.749    w_clamped1
                         LUT4 (Prop_lut4_I2_O)        0.252    22.001 r  w_step[31]_i_1/O
                         net (fo=17, unplaced)        0.700    22.701    w_step[31]_i_1_n_0
                         FDRE                                         r  w_step_reg[19]/R
  -------------------------------------------------------------------    -------------------

                         (clock clk rise edge)       10.000    10.000 r
                                                      0.000    10.000 r  clk (IN)
                         net (fo=199, unset)          0.748    10.748    clk
                         FDRE                                         r  w_step_reg[19]/C
                         clock pessimism              0.000    10.748
                         clock uncertainty           -0.035    10.712
                         FDRE (Setup_fdre_C_R)       -0.527    10.185    w_step_reg[19]
  -------------------------------------------------------------------
                         required time                         10.185
                         arrival time                         -22.701
  -------------------------------------------------------------------
                         slack                                -12.516

Slack (VIOLATED) :        -12.516ns  (required time - arrival time)
  Source:                 nco_reg[4]/C
                            (rising edge-triggered cell FDRE clocked by clk  {rise@0.000ns fall@5.000ns period=10.000ns})
  Destination:            w_step_reg[20]/R
                            (rising edge-triggered cell FDRE clocked by clk  {rise@0.000ns fall@5.000ns period=10.000ns})
  Path Group:             clk
  Path Type:              Setup (Max at Slow Process Corner)
  Requirement:            10.000ns  (clk rise@10.000ns - clk rise@0.000ns)
  Data Path Delay:        21.914ns  (logic 14.425ns (65.825%)  route 7.489ns (34.175%))
  Logic Levels:           39  (CARRY4=28 DSP48E1=2 LUT1=1 LUT2=5 LUT3=1 LUT4=1 LUT5=1)
  Clock Path Skew:        -0.039ns (DCD - SCD + CPR)
    Destination Clock Delay (DCD):    0.748ns = ( 10.748 - 10.000 )
    Source Clock Delay      (SCD):    0.787ns
    Clock Pessimism Removal (CPR):    0.000ns
  Clock Uncertainty:      0.035ns  ((TSJ^2 + TIJ^2)^1/2 + DJ) / 2 + PE
    Total System Jitter     (TSJ):    0.071ns
    Total Input Jitter      (TIJ):    0.000ns
    Discrete Jitter          (DJ):    0.000ns
    Phase Error              (PE):    0.000ns

    Location             Delay type                Incr(ns)  Path(ns)    Netlist Resource(s)
  -------------------------------------------------------------------    -------------------
                         (clock clk rise edge)        0.000     0.000 r
                                                      0.000     0.000 r  clk (IN)
                         net (fo=199, unset)          0.787     0.787    clk
                         FDRE                                         r  nco_reg[4]/C
  -------------------------------------------------------------------    -------------------
                         FDRE (Prop_fdre_C_Q)         0.303     1.090 r  nco_reg[4]/Q
                         net (fo=6, unplaced)         0.394     1.484    mu_raw[6]
                         LUT2 (Prop_lut2_I0_O)        0.252     1.736 r  mu_di_i_37/O
                         net (fo=1, unplaced)         0.000     1.736    mu_di_i_37_n_0
                         CARRY4 (Prop_carry4_DI[0]_CO[3])
                                                      0.477     2.213 r  mu_di_i_26/CO[3]
                         net (fo=1, unplaced)         0.008     2.221    mu_di_i_26_n_0
                         CARRY4 (Prop_carry4_CI_CO[3])
                                                      0.100     2.321 r  mu_di_i_17/CO[3]
                         net (fo=1, unplaced)         0.000     2.321    mu_di_i_17_n_0
                         CARRY4 (Prop_carry4_CI_CO[3])
                                                      0.100     2.421 r  mu_di_i_14/CO[3]
                         net (fo=1, unplaced)         0.000     2.421    mu_di_i_14_n_0
                         CARRY4 (Prop_carry4_CI_CO[0])
                                                      0.238     2.659 f  mu_di_i_13/CO[0]
                         net (fo=50, unplaced)        0.322     2.981    mu1
                         LUT2 (Prop_lut2_I1_O)        0.297     3.278 r  mu_di_i_2/O
                         net (fo=4, unplaced)         0.646     3.924    mu_di_i_2_n_0
                         DSP48E1 (Prop_dsp48e1_B[16]_PCOUT[47])
                                                      3.244     7.168 r  mu_di__1/PCOUT[47]
                         net (fo=1, unplaced)         0.055     7.223    mu_di__1_n_106
                         DSP48E1 (Prop_dsp48e1_PCIN[47]_P[0])
                                                      1.271     8.494 r  mu_di__2/P[0]
                         net (fo=2, unplaced)         0.646     9.139    mu_di__2_n_105
                         LUT2 (Prop_lut2_I0_O)        0.105     9.244 r  out_i[3]_i_10/O
                         net (fo=1, unplaced)         0.000     9.244    out_i[3]_i_10_n_0
                         CARRY4 (Prop_carry4_S[1]_CO[3])
                                                      0.444     9.688 r  out_i_reg[3]_i_7/CO[3]
                         net (fo=1, unplaced)         0.008     9.696    out_i_reg[3]_i_7_n_0
                         CARRY4 (Prop_carry4_CI_CO[3])
                                                      0.100     9.796 r  out_i_reg[7]_i_7/CO[3]
                         net (fo=1, unplaced)         0.000     9.796    out_i_reg[7]_i_7_n_0
                         CARRY4 (Prop_carry4_CI_CO[3])
                                                      0.100     9.896 r  out_i_reg[11]_i_7/CO[3]
                         net (fo=1, unplaced)         0.000     9.896    out_i_reg[11]_i_7_n_0
                         CARRY4 (Prop_carry4_CI_O[3])
                                                      0.277    10.173 f  out_i_reg[15]_i_28/O[3]
                         net (fo=4, unplaced)         0.543    10.716    y_i320[15]
                         LUT1 (Prop_lut1_I0_O)        0.253    10.969 r  out_i[15]_i_10/O
                         net (fo=1, unplaced)         0.000    10.969    out_i[15]_i_10_n_0
                         CARRY4 (Prop_carry4_DI[3]_CO[3])
                                                      0.351    11.320 r  out_i_reg[15]_i_3/CO[3]
                         net (fo=1, unplaced)         0.000    11.320    out_i_reg[15]_i_3_n_0
                         CARRY4 (Prop_carry4_CI_CO[3])
                                                      0.100    11.420 r  out_i_reg[15]_i_65/CO[3]
                         net (fo=1, unplaced)         0.000    11.420    out_i_reg[15]_i_65_n_0
                         CARRY4 (Prop_carry4_CI_O[3])
                                                      0.277    11.697 f  out_i_reg[15]_i_46/O[3]
                         net (fo=4, unplaced)         0.543    12.240    out_i_reg[15]_i_46_n_4
                         LUT2 (Prop_lut2_I1_O)        0.250    12.490 r  out_i[15]_i_33/O
                         net (fo=1, unplaced)         0.000    12.490    out_i[15]_i_33_n_0
                         CARRY4 (Prop_carry4_DI[0]_CO[3])
                                                      0.477    12.967 r  out_i_reg[15]_i_15/CO[3]
                         net (fo=1, unplaced)         0.000    12.967    out_i_reg[15]_i_15_n_0
                         CARRY4 (Prop_carry4_CI_CO[0])
                                                      0.238    13.205 f  out_i_reg[15]_i_4/CO[0]
                         net (fo=80, unplaced)        0.456    13.661    y_i2
                         LUT3 (Prop_lut3_I0_O)        0.317    13.978 r  w_step[10]_i_89/O
                         net (fo=1, unplaced)         0.000    13.978    w_step[10]_i_89_n_0
                         CARRY4 (Prop_carry4_DI[0]_CO[3])
                                                      0.477    14.455 r  w_step_reg[10]_i_69/CO[3]
                         net (fo=1, unplaced)         0.008    14.463    w_step_reg[10]_i_69_n_0
                         CARRY4 (Prop_carry4_CI_CO[3])
                                                      0.100    14.563 r  w_step_reg[10]_i_51/CO[3]
                         net (fo=1, unplaced)         0.000    14.563    w_step_reg[10]_i_51_n_0
                         CARRY4 (Prop_carry4_CI_CO[3])
                                                      0.100    14.663 r  w_step_reg[10]_i_37/CO[3]
                         net (fo=1, unplaced)         0.000    14.663    w_step_reg[10]_i_37_n_0
                         CARRY4 (Prop_carry4_CI_CO[3])
                                                      0.100    14.763 r  w_step_reg[10]_i_24/CO[3]
                         net (fo=1, unplaced)         0.000    14.763    w_step_reg[10]_i_24_n_0
                         CARRY4 (Prop_carry4_CI_CO[0])
                                                      0.238    15.001 r  w_step_reg[10]_i_13/CO[0]
                         net (fo=43, unplaced)        0.897    15.898    w_step_reg[10]_i_13_n_3
                         CARRY4 (Prop_carry4_S[3]_CO[3])
                                                      0.611    16.509 r  w_step_reg[10]_i_25/CO[3]
                         net (fo=1, unplaced)         0.000    16.509    w_step_reg[10]_i_25_n_0
                         CARRY4 (Prop_carry4_CI_CO[3])
                                                      0.100    16.609 r  w_step_reg[10]_i_14/CO[3]
                         net (fo=28, unplaced)        0.838    17.447    sgn_dy1
                         LUT5 (Prop_lut5_I1_O)        0.105    17.552 r  w_step[6]_i_4/O
                         net (fo=1, unplaced)         0.000    17.552    w_step[6]_i_4_n_0
                         CARRY4 (Prop_carry4_S[1]_CO[3])
                                                      0.444    17.996 r  w_step_reg[6]_i_1/CO[3]
                         net (fo=1, unplaced)         0.008    18.004    w_step_reg[6]_i_1_n_0
                         CARRY4 (Prop_carry4_CI_CO[3])
                                                      0.100    18.104 r  w_step_reg[10]_i_3/CO[3]
                         net (fo=1, unplaced)         0.000    18.104    w_step_reg[10]_i_3_n_0
                         CARRY4 (Prop_carry4_CI_CO[3])
                                                      0.100    18.204 r  w_step_reg[14]_i_6/CO[3]
                         net (fo=1, unplaced)         0.000    18.204    w_step_reg[14]_i_6_n_0
                         CARRY4 (Prop_carry4_CI_O[1])
                                                      0.269    18.473 r  w_step_reg[18]_i_2/O[1]
                         net (fo=1, unplaced)         0.564    19.037    integ_next[16]
                         CARRY4 (Prop_carry4_S[1]_CO[3])
                                                      0.689    19.726 r  w_step_reg[18]_i_1/CO[3]
                         net (fo=1, unplaced)         0.000    19.726    w_step_reg[18]_i_1_n_0
                         CARRY4 (Prop_carry4_CI_O[1])
                                                      0.269    19.995 f  w_step_reg[22]_i_1/O[1]
                         net (fo=4, unplaced)         0.496    20.491    w_unclamped[20]
                         LUT2 (Prop_lut2_I0_O)        0.245    20.736 r  w_step[14]_i_21/O
                         net (fo=1, unplaced)         0.000    20.736    w_step[14]_i_21_n_0
                         CARRY4 (Prop_carry4_S[1]_CO[3])
                                                      0.444    21.180 r  w_step_reg[14]_i_11/CO[3]
                         net (fo=1, unplaced)         0.000    21.180    w_step_reg[14]_i_11_n_0
                         CARRY4 (Prop_carry4_CI_CO[2])
                                                      0.211    21.391 r  w_step_reg[14]_i_4/CO[2]
                         net (fo=5, unplaced)         0.358    21.749    w_clamped1
                         LUT4 (Prop_lut4_I2_O)        0.252    22.001 r  w_step[31]_i_1/O
                         net (fo=17, unplaced)        0.700    22.701    w_step[31]_i_1_n_0
                         FDRE                                         r  w_step_reg[20]/R
  -------------------------------------------------------------------    -------------------

                         (clock clk rise edge)       10.000    10.000 r
                                                      0.000    10.000 r  clk (IN)
                         net (fo=199, unset)          0.748    10.748    clk
                         FDRE                                         r  w_step_reg[20]/C
                         clock pessimism              0.000    10.748
                         clock uncertainty           -0.035    10.712
                         FDRE (Setup_fdre_C_R)       -0.527    10.185    w_step_reg[20]
  -------------------------------------------------------------------
                         required time                         10.185
                         arrival time                         -22.701
  -------------------------------------------------------------------
                         slack                                -12.516

Slack (VIOLATED) :        -12.516ns  (required time - arrival time)
  Source:                 nco_reg[4]/C
                            (rising edge-triggered cell FDRE clocked by clk  {rise@0.000ns fall@5.000ns period=10.000ns})
  Destination:            w_step_reg[21]/R
                            (rising edge-triggered cell FDRE clocked by clk  {rise@0.000ns fall@5.000ns period=10.000ns})
  Path Group:             clk
  Path Type:              Setup (Max at Slow Process Corner)
  Requirement:            10.000ns  (clk rise@10.000ns - clk rise@0.000ns)
  Data Path Delay:        21.914ns  (logic 14.425ns (65.825%)  route 7.489ns (34.175%))
  Logic Levels:           39  (CARRY4=28 DSP48E1=2 LUT1=1 LUT2=5 LUT3=1 LUT4=1 LUT5=1)
  Clock Path Skew:        -0.039ns (DCD - SCD + CPR)
    Destination Clock Delay (DCD):    0.748ns = ( 10.748 - 10.000 )
    Source Clock Delay      (SCD):    0.787ns
    Clock Pessimism Removal (CPR):    0.000ns
  Clock Uncertainty:      0.035ns  ((TSJ^2 + TIJ^2)^1/2 + DJ) / 2 + PE
    Total System Jitter     (TSJ):    0.071ns
    Total Input Jitter      (TIJ):    0.000ns
    Discrete Jitter          (DJ):    0.000ns
    Phase Error              (PE):    0.000ns

    Location             Delay type                Incr(ns)  Path(ns)    Netlist Resource(s)
  -------------------------------------------------------------------    -------------------
                         (clock clk rise edge)        0.000     0.000 r
                                                      0.000     0.000 r  clk (IN)
                         net (fo=199, unset)          0.787     0.787    clk
                         FDRE                                         r  nco_reg[4]/C
  -------------------------------------------------------------------    -------------------
                         FDRE (Prop_fdre_C_Q)         0.303     1.090 r  nco_reg[4]/Q
                         net (fo=6, unplaced)         0.394     1.484    mu_raw[6]
                         LUT2 (Prop_lut2_I0_O)        0.252     1.736 r  mu_di_i_37/O
                         net (fo=1, unplaced)         0.000     1.736    mu_di_i_37_n_0
                         CARRY4 (Prop_carry4_DI[0]_CO[3])
                                                      0.477     2.213 r  mu_di_i_26/CO[3]
                         net (fo=1, unplaced)         0.008     2.221    mu_di_i_26_n_0
                         CARRY4 (Prop_carry4_CI_CO[3])
                                                      0.100     2.321 r  mu_di_i_17/CO[3]
                         net (fo=1, unplaced)         0.000     2.321    mu_di_i_17_n_0
                         CARRY4 (Prop_carry4_CI_CO[3])
                                                      0.100     2.421 r  mu_di_i_14/CO[3]
                         net (fo=1, unplaced)         0.000     2.421    mu_di_i_14_n_0
                         CARRY4 (Prop_carry4_CI_CO[0])
                                                      0.238     2.659 f  mu_di_i_13/CO[0]
                         net (fo=50, unplaced)        0.322     2.981    mu1
                         LUT2 (Prop_lut2_I1_O)        0.297     3.278 r  mu_di_i_2/O
                         net (fo=4, unplaced)         0.646     3.924    mu_di_i_2_n_0
                         DSP48E1 (Prop_dsp48e1_B[16]_PCOUT[47])
                                                      3.244     7.168 r  mu_di__1/PCOUT[47]
                         net (fo=1, unplaced)         0.055     7.223    mu_di__1_n_106
                         DSP48E1 (Prop_dsp48e1_PCIN[47]_P[0])
                                                      1.271     8.494 r  mu_di__2/P[0]
                         net (fo=2, unplaced)         0.646     9.139    mu_di__2_n_105
                         LUT2 (Prop_lut2_I0_O)        0.105     9.244 r  out_i[3]_i_10/O
                         net (fo=1, unplaced)         0.000     9.244    out_i[3]_i_10_n_0
                         CARRY4 (Prop_carry4_S[1]_CO[3])
                                                      0.444     9.688 r  out_i_reg[3]_i_7/CO[3]
                         net (fo=1, unplaced)         0.008     9.696    out_i_reg[3]_i_7_n_0
                         CARRY4 (Prop_carry4_CI_CO[3])
                                                      0.100     9.796 r  out_i_reg[7]_i_7/CO[3]
                         net (fo=1, unplaced)         0.000     9.796    out_i_reg[7]_i_7_n_0
                         CARRY4 (Prop_carry4_CI_CO[3])
                                                      0.100     9.896 r  out_i_reg[11]_i_7/CO[3]
                         net (fo=1, unplaced)         0.000     9.896    out_i_reg[11]_i_7_n_0
                         CARRY4 (Prop_carry4_CI_O[3])
                                                      0.277    10.173 f  out_i_reg[15]_i_28/O[3]
                         net (fo=4, unplaced)         0.543    10.716    y_i320[15]
                         LUT1 (Prop_lut1_I0_O)        0.253    10.969 r  out_i[15]_i_10/O
                         net (fo=1, unplaced)         0.000    10.969    out_i[15]_i_10_n_0
                         CARRY4 (Prop_carry4_DI[3]_CO[3])
                                                      0.351    11.320 r  out_i_reg[15]_i_3/CO[3]
                         net (fo=1, unplaced)         0.000    11.320    out_i_reg[15]_i_3_n_0
                         CARRY4 (Prop_carry4_CI_CO[3])
                                                      0.100    11.420 r  out_i_reg[15]_i_65/CO[3]
                         net (fo=1, unplaced)         0.000    11.420    out_i_reg[15]_i_65_n_0
                         CARRY4 (Prop_carry4_CI_O[3])
                                                      0.277    11.697 f  out_i_reg[15]_i_46/O[3]
                         net (fo=4, unplaced)         0.543    12.240    out_i_reg[15]_i_46_n_4
                         LUT2 (Prop_lut2_I1_O)        0.250    12.490 r  out_i[15]_i_33/O
                         net (fo=1, unplaced)         0.000    12.490    out_i[15]_i_33_n_0
                         CARRY4 (Prop_carry4_DI[0]_CO[3])
                                                      0.477    12.967 r  out_i_reg[15]_i_15/CO[3]
                         net (fo=1, unplaced)         0.000    12.967    out_i_reg[15]_i_15_n_0
                         CARRY4 (Prop_carry4_CI_CO[0])
                                                      0.238    13.205 f  out_i_reg[15]_i_4/CO[0]
                         net (fo=80, unplaced)        0.456    13.661    y_i2
                         LUT3 (Prop_lut3_I0_O)        0.317    13.978 r  w_step[10]_i_89/O
                         net (fo=1, unplaced)         0.000    13.978    w_step[10]_i_89_n_0
                         CARRY4 (Prop_carry4_DI[0]_CO[3])
                                                      0.477    14.455 r  w_step_reg[10]_i_69/CO[3]
                         net (fo=1, unplaced)         0.008    14.463    w_step_reg[10]_i_69_n_0
                         CARRY4 (Prop_carry4_CI_CO[3])
                                                      0.100    14.563 r  w_step_reg[10]_i_51/CO[3]
                         net (fo=1, unplaced)         0.000    14.563    w_step_reg[10]_i_51_n_0
                         CARRY4 (Prop_carry4_CI_CO[3])
                                                      0.100    14.663 r  w_step_reg[10]_i_37/CO[3]
                         net (fo=1, unplaced)         0.000    14.663    w_step_reg[10]_i_37_n_0
                         CARRY4 (Prop_carry4_CI_CO[3])
                                                      0.100    14.763 r  w_step_reg[10]_i_24/CO[3]
                         net (fo=1, unplaced)         0.000    14.763    w_step_reg[10]_i_24_n_0
                         CARRY4 (Prop_carry4_CI_CO[0])
                                                      0.238    15.001 r  w_step_reg[10]_i_13/CO[0]
                         net (fo=43, unplaced)        0.897    15.898    w_step_reg[10]_i_13_n_3
                         CARRY4 (Prop_carry4_S[3]_CO[3])
                                                      0.611    16.509 r  w_step_reg[10]_i_25/CO[3]
                         net (fo=1, unplaced)         0.000    16.509    w_step_reg[10]_i_25_n_0
                         CARRY4 (Prop_carry4_CI_CO[3])
                                                      0.100    16.609 r  w_step_reg[10]_i_14/CO[3]
                         net (fo=28, unplaced)        0.838    17.447    sgn_dy1
                         LUT5 (Prop_lut5_I1_O)        0.105    17.552 r  w_step[6]_i_4/O
                         net (fo=1, unplaced)         0.000    17.552    w_step[6]_i_4_n_0
                         CARRY4 (Prop_carry4_S[1]_CO[3])
                                                      0.444    17.996 r  w_step_reg[6]_i_1/CO[3]
                         net (fo=1, unplaced)         0.008    18.004    w_step_reg[6]_i_1_n_0
                         CARRY4 (Prop_carry4_CI_CO[3])
                                                      0.100    18.104 r  w_step_reg[10]_i_3/CO[3]
                         net (fo=1, unplaced)         0.000    18.104    w_step_reg[10]_i_3_n_0
                         CARRY4 (Prop_carry4_CI_CO[3])
                                                      0.100    18.204 r  w_step_reg[14]_i_6/CO[3]
                         net (fo=1, unplaced)         0.000    18.204    w_step_reg[14]_i_6_n_0
                         CARRY4 (Prop_carry4_CI_O[1])
                                                      0.269    18.473 r  w_step_reg[18]_i_2/O[1]
                         net (fo=1, unplaced)         0.564    19.037    integ_next[16]
                         CARRY4 (Prop_carry4_S[1]_CO[3])
                                                      0.689    19.726 r  w_step_reg[18]_i_1/CO[3]
                         net (fo=1, unplaced)         0.000    19.726    w_step_reg[18]_i_1_n_0
                         CARRY4 (Prop_carry4_CI_O[1])
                                                      0.269    19.995 f  w_step_reg[22]_i_1/O[1]
                         net (fo=4, unplaced)         0.496    20.491    w_unclamped[20]
                         LUT2 (Prop_lut2_I0_O)        0.245    20.736 r  w_step[14]_i_21/O
                         net (fo=1, unplaced)         0.000    20.736    w_step[14]_i_21_n_0
                         CARRY4 (Prop_carry4_S[1]_CO[3])
                                                      0.444    21.180 r  w_step_reg[14]_i_11/CO[3]
                         net (fo=1, unplaced)         0.000    21.180    w_step_reg[14]_i_11_n_0
                         CARRY4 (Prop_carry4_CI_CO[2])
                                                      0.211    21.391 r  w_step_reg[14]_i_4/CO[2]
                         net (fo=5, unplaced)         0.358    21.749    w_clamped1
                         LUT4 (Prop_lut4_I2_O)        0.252    22.001 r  w_step[31]_i_1/O
                         net (fo=17, unplaced)        0.700    22.701    w_step[31]_i_1_n_0
                         FDRE                                         r  w_step_reg[21]/R
  -------------------------------------------------------------------    -------------------

                         (clock clk rise edge)       10.000    10.000 r
                                                      0.000    10.000 r  clk (IN)
                         net (fo=199, unset)          0.748    10.748    clk
                         FDRE                                         r  w_step_reg[21]/C
                         clock pessimism              0.000    10.748
                         clock uncertainty           -0.035    10.712
                         FDRE (Setup_fdre_C_R)       -0.527    10.185    w_step_reg[21]
  -------------------------------------------------------------------
                         required time                         10.185
                         arrival time                         -22.701
  -------------------------------------------------------------------
                         slack                                -12.516

Slack (VIOLATED) :        -12.516ns  (required time - arrival time)
  Source:                 nco_reg[4]/C
                            (rising edge-triggered cell FDRE clocked by clk  {rise@0.000ns fall@5.000ns period=10.000ns})
  Destination:            w_step_reg[22]/R
                            (rising edge-triggered cell FDRE clocked by clk  {rise@0.000ns fall@5.000ns period=10.000ns})
  Path Group:             clk
  Path Type:              Setup (Max at Slow Process Corner)
  Requirement:            10.000ns  (clk rise@10.000ns - clk rise@0.000ns)
  Data Path Delay:        21.914ns  (logic 14.425ns (65.825%)  route 7.489ns (34.175%))
  Logic Levels:           39  (CARRY4=28 DSP48E1=2 LUT1=1 LUT2=5 LUT3=1 LUT4=1 LUT5=1)
  Clock Path Skew:        -0.039ns (DCD - SCD + CPR)
    Destination Clock Delay (DCD):    0.748ns = ( 10.748 - 10.000 )
    Source Clock Delay      (SCD):    0.787ns
    Clock Pessimism Removal (CPR):    0.000ns
  Clock Uncertainty:      0.035ns  ((TSJ^2 + TIJ^2)^1/2 + DJ) / 2 + PE
    Total System Jitter     (TSJ):    0.071ns
    Total Input Jitter      (TIJ):    0.000ns
    Discrete Jitter          (DJ):    0.000ns
    Phase Error              (PE):    0.000ns

    Location             Delay type                Incr(ns)  Path(ns)    Netlist Resource(s)
  -------------------------------------------------------------------    -------------------
                         (clock clk rise edge)        0.000     0.000 r
                                                      0.000     0.000 r  clk (IN)
                         net (fo=199, unset)          0.787     0.787    clk
                         FDRE                                         r  nco_reg[4]/C
  -------------------------------------------------------------------    -------------------
                         FDRE (Prop_fdre_C_Q)         0.303     1.090 r  nco_reg[4]/Q
                         net (fo=6, unplaced)         0.394     1.484    mu_raw[6]
                         LUT2 (Prop_lut2_I0_O)        0.252     1.736 r  mu_di_i_37/O
                         net (fo=1, unplaced)         0.000     1.736    mu_di_i_37_n_0
                         CARRY4 (Prop_carry4_DI[0]_CO[3])
                                                      0.477     2.213 r  mu_di_i_26/CO[3]
                         net (fo=1, unplaced)         0.008     2.221    mu_di_i_26_n_0
                         CARRY4 (Prop_carry4_CI_CO[3])
                                                      0.100     2.321 r  mu_di_i_17/CO[3]
                         net (fo=1, unplaced)         0.000     2.321    mu_di_i_17_n_0
                         CARRY4 (Prop_carry4_CI_CO[3])
                                                      0.100     2.421 r  mu_di_i_14/CO[3]
                         net (fo=1, unplaced)         0.000     2.421    mu_di_i_14_n_0
                         CARRY4 (Prop_carry4_CI_CO[0])
                                                      0.238     2.659 f  mu_di_i_13/CO[0]
                         net (fo=50, unplaced)        0.322     2.981    mu1
                         LUT2 (Prop_lut2_I1_O)        0.297     3.278 r  mu_di_i_2/O
                         net (fo=4, unplaced)         0.646     3.924    mu_di_i_2_n_0
                         DSP48E1 (Prop_dsp48e1_B[16]_PCOUT[47])
                                                      3.244     7.168 r  mu_di__1/PCOUT[47]
                         net (fo=1, unplaced)         0.055     7.223    mu_di__1_n_106
                         DSP48E1 (Prop_dsp48e1_PCIN[47]_P[0])
                                                      1.271     8.494 r  mu_di__2/P[0]
                         net (fo=2, unplaced)         0.646     9.139    mu_di__2_n_105
                         LUT2 (Prop_lut2_I0_O)        0.105     9.244 r  out_i[3]_i_10/O
                         net (fo=1, unplaced)         0.000     9.244    out_i[3]_i_10_n_0
                         CARRY4 (Prop_carry4_S[1]_CO[3])
                                                      0.444     9.688 r  out_i_reg[3]_i_7/CO[3]
                         net (fo=1, unplaced)         0.008     9.696    out_i_reg[3]_i_7_n_0
                         CARRY4 (Prop_carry4_CI_CO[3])
                                                      0.100     9.796 r  out_i_reg[7]_i_7/CO[3]
                         net (fo=1, unplaced)         0.000     9.796    out_i_reg[7]_i_7_n_0
                         CARRY4 (Prop_carry4_CI_CO[3])
                                                      0.100     9.896 r  out_i_reg[11]_i_7/CO[3]
                         net (fo=1, unplaced)         0.000     9.896    out_i_reg[11]_i_7_n_0
                         CARRY4 (Prop_carry4_CI_O[3])
                                                      0.277    10.173 f  out_i_reg[15]_i_28/O[3]
                         net (fo=4, unplaced)         0.543    10.716    y_i320[15]
                         LUT1 (Prop_lut1_I0_O)        0.253    10.969 r  out_i[15]_i_10/O
                         net (fo=1, unplaced)         0.000    10.969    out_i[15]_i_10_n_0
                         CARRY4 (Prop_carry4_DI[3]_CO[3])
                                                      0.351    11.320 r  out_i_reg[15]_i_3/CO[3]
                         net (fo=1, unplaced)         0.000    11.320    out_i_reg[15]_i_3_n_0
                         CARRY4 (Prop_carry4_CI_CO[3])
                                                      0.100    11.420 r  out_i_reg[15]_i_65/CO[3]
                         net (fo=1, unplaced)         0.000    11.420    out_i_reg[15]_i_65_n_0
                         CARRY4 (Prop_carry4_CI_O[3])
                                                      0.277    11.697 f  out_i_reg[15]_i_46/O[3]
                         net (fo=4, unplaced)         0.543    12.240    out_i_reg[15]_i_46_n_4
                         LUT2 (Prop_lut2_I1_O)        0.250    12.490 r  out_i[15]_i_33/O
                         net (fo=1, unplaced)         0.000    12.490    out_i[15]_i_33_n_0
                         CARRY4 (Prop_carry4_DI[0]_CO[3])
                                                      0.477    12.967 r  out_i_reg[15]_i_15/CO[3]
                         net (fo=1, unplaced)         0.000    12.967    out_i_reg[15]_i_15_n_0
                         CARRY4 (Prop_carry4_CI_CO[0])
                                                      0.238    13.205 f  out_i_reg[15]_i_4/CO[0]
                         net (fo=80, unplaced)        0.456    13.661    y_i2
                         LUT3 (Prop_lut3_I0_O)        0.317    13.978 r  w_step[10]_i_89/O
                         net (fo=1, unplaced)         0.000    13.978    w_step[10]_i_89_n_0
                         CARRY4 (Prop_carry4_DI[0]_CO[3])
                                                      0.477    14.455 r  w_step_reg[10]_i_69/CO[3]
                         net (fo=1, unplaced)         0.008    14.463    w_step_reg[10]_i_69_n_0
                         CARRY4 (Prop_carry4_CI_CO[3])
                                                      0.100    14.563 r  w_step_reg[10]_i_51/CO[3]
                         net (fo=1, unplaced)         0.000    14.563    w_step_reg[10]_i_51_n_0
                         CARRY4 (Prop_carry4_CI_CO[3])
                                                      0.100    14.663 r  w_step_reg[10]_i_37/CO[3]
                         net (fo=1, unplaced)         0.000    14.663    w_step_reg[10]_i_37_n_0
                         CARRY4 (Prop_carry4_CI_CO[3])
                                                      0.100    14.763 r  w_step_reg[10]_i_24/CO[3]
                         net (fo=1, unplaced)         0.000    14.763    w_step_reg[10]_i_24_n_0
                         CARRY4 (Prop_carry4_CI_CO[0])
                                                      0.238    15.001 r  w_step_reg[10]_i_13/CO[0]
                         net (fo=43, unplaced)        0.897    15.898    w_step_reg[10]_i_13_n_3
                         CARRY4 (Prop_carry4_S[3]_CO[3])
                                                      0.611    16.509 r  w_step_reg[10]_i_25/CO[3]
                         net (fo=1, unplaced)         0.000    16.509    w_step_reg[10]_i_25_n_0
                         CARRY4 (Prop_carry4_CI_CO[3])
                                                      0.100    16.609 r  w_step_reg[10]_i_14/CO[3]
                         net (fo=28, unplaced)        0.838    17.447    sgn_dy1
                         LUT5 (Prop_lut5_I1_O)        0.105    17.552 r  w_step[6]_i_4/O
                         net (fo=1, unplaced)         0.000    17.552    w_step[6]_i_4_n_0
                         CARRY4 (Prop_carry4_S[1]_CO[3])
                                                      0.444    17.996 r  w_step_reg[6]_i_1/CO[3]
                         net (fo=1, unplaced)         0.008    18.004    w_step_reg[6]_i_1_n_0
                         CARRY4 (Prop_carry4_CI_CO[3])
                                                      0.100    18.104 r  w_step_reg[10]_i_3/CO[3]
                         net (fo=1, unplaced)         0.000    18.104    w_step_reg[10]_i_3_n_0
                         CARRY4 (Prop_carry4_CI_CO[3])
                                                      0.100    18.204 r  w_step_reg[14]_i_6/CO[3]
                         net (fo=1, unplaced)         0.000    18.204    w_step_reg[14]_i_6_n_0
                         CARRY4 (Prop_carry4_CI_O[1])
                                                      0.269    18.473 r  w_step_reg[18]_i_2/O[1]
                         net (fo=1, unplaced)         0.564    19.037    integ_next[16]
                         CARRY4 (Prop_carry4_S[1]_CO[3])
                                                      0.689    19.726 r  w_step_reg[18]_i_1/CO[3]
                         net (fo=1, unplaced)         0.000    19.726    w_step_reg[18]_i_1_n_0
                         CARRY4 (Prop_carry4_CI_O[1])
                                                      0.269    19.995 f  w_step_reg[22]_i_1/O[1]
                         net (fo=4, unplaced)         0.496    20.491    w_unclamped[20]
                         LUT2 (Prop_lut2_I0_O)        0.245    20.736 r  w_step[14]_i_21/O
                         net (fo=1, unplaced)         0.000    20.736    w_step[14]_i_21_n_0
                         CARRY4 (Prop_carry4_S[1]_CO[3])
                                                      0.444    21.180 r  w_step_reg[14]_i_11/CO[3]
                         net (fo=1, unplaced)         0.000    21.180    w_step_reg[14]_i_11_n_0
                         CARRY4 (Prop_carry4_CI_CO[2])
                                                      0.211    21.391 r  w_step_reg[14]_i_4/CO[2]
                         net (fo=5, unplaced)         0.358    21.749    w_clamped1
                         LUT4 (Prop_lut4_I2_O)        0.252    22.001 r  w_step[31]_i_1/O
                         net (fo=17, unplaced)        0.700    22.701    w_step[31]_i_1_n_0
                         FDRE                                         r  w_step_reg[22]/R
  -------------------------------------------------------------------    -------------------

                         (clock clk rise edge)       10.000    10.000 r
                                                      0.000    10.000 r  clk (IN)
                         net (fo=199, unset)          0.748    10.748    clk
                         FDRE                                         r  w_step_reg[22]/C
                         clock pessimism              0.000    10.748
                         clock uncertainty           -0.035    10.712
                         FDRE (Setup_fdre_C_R)       -0.527    10.185    w_step_reg[22]
  -------------------------------------------------------------------
                         required time                         10.185
                         arrival time                         -22.701
  -------------------------------------------------------------------
                         slack                                -12.516

Slack (VIOLATED) :        -12.516ns  (required time - arrival time)
  Source:                 nco_reg[4]/C
                            (rising edge-triggered cell FDRE clocked by clk  {rise@0.000ns fall@5.000ns period=10.000ns})
  Destination:            w_step_reg[23]/R
                            (rising edge-triggered cell FDRE clocked by clk  {rise@0.000ns fall@5.000ns period=10.000ns})
  Path Group:             clk
  Path Type:              Setup (Max at Slow Process Corner)
  Requirement:            10.000ns  (clk rise@10.000ns - clk rise@0.000ns)
  Data Path Delay:        21.914ns  (logic 14.425ns (65.825%)  route 7.489ns (34.175%))
  Logic Levels:           39  (CARRY4=28 DSP48E1=2 LUT1=1 LUT2=5 LUT3=1 LUT4=1 LUT5=1)
  Clock Path Skew:        -0.039ns (DCD - SCD + CPR)
    Destination Clock Delay (DCD):    0.748ns = ( 10.748 - 10.000 )
    Source Clock Delay      (SCD):    0.787ns
    Clock Pessimism Removal (CPR):    0.000ns
  Clock Uncertainty:      0.035ns  ((TSJ^2 + TIJ^2)^1/2 + DJ) / 2 + PE
    Total System Jitter     (TSJ):    0.071ns
    Total Input Jitter      (TIJ):    0.000ns
    Discrete Jitter          (DJ):    0.000ns
    Phase Error              (PE):    0.000ns

    Location             Delay type                Incr(ns)  Path(ns)    Netlist Resource(s)
  -------------------------------------------------------------------    -------------------
                         (clock clk rise edge)        0.000     0.000 r
                                                      0.000     0.000 r  clk (IN)
                         net (fo=199, unset)          0.787     0.787    clk
                         FDRE                                         r  nco_reg[4]/C
  -------------------------------------------------------------------    -------------------
                         FDRE (Prop_fdre_C_Q)         0.303     1.090 r  nco_reg[4]/Q
                         net (fo=6, unplaced)         0.394     1.484    mu_raw[6]
                         LUT2 (Prop_lut2_I0_O)        0.252     1.736 r  mu_di_i_37/O
                         net (fo=1, unplaced)         0.000     1.736    mu_di_i_37_n_0
                         CARRY4 (Prop_carry4_DI[0]_CO[3])
                                                      0.477     2.213 r  mu_di_i_26/CO[3]
                         net (fo=1, unplaced)         0.008     2.221    mu_di_i_26_n_0
                         CARRY4 (Prop_carry4_CI_CO[3])
                                                      0.100     2.321 r  mu_di_i_17/CO[3]
                         net (fo=1, unplaced)         0.000     2.321    mu_di_i_17_n_0
                         CARRY4 (Prop_carry4_CI_CO[3])
                                                      0.100     2.421 r  mu_di_i_14/CO[3]
                         net (fo=1, unplaced)         0.000     2.421    mu_di_i_14_n_0
                         CARRY4 (Prop_carry4_CI_CO[0])
                                                      0.238     2.659 f  mu_di_i_13/CO[0]
                         net (fo=50, unplaced)        0.322     2.981    mu1
                         LUT2 (Prop_lut2_I1_O)        0.297     3.278 r  mu_di_i_2/O
                         net (fo=4, unplaced)         0.646     3.924    mu_di_i_2_n_0
                         DSP48E1 (Prop_dsp48e1_B[16]_PCOUT[47])
                                                      3.244     7.168 r  mu_di__1/PCOUT[47]
                         net (fo=1, unplaced)         0.055     7.223    mu_di__1_n_106
                         DSP48E1 (Prop_dsp48e1_PCIN[47]_P[0])
                                                      1.271     8.494 r  mu_di__2/P[0]
                         net (fo=2, unplaced)         0.646     9.139    mu_di__2_n_105
                         LUT2 (Prop_lut2_I0_O)        0.105     9.244 r  out_i[3]_i_10/O
                         net (fo=1, unplaced)         0.000     9.244    out_i[3]_i_10_n_0
                         CARRY4 (Prop_carry4_S[1]_CO[3])
                                                      0.444     9.688 r  out_i_reg[3]_i_7/CO[3]
                         net (fo=1, unplaced)         0.008     9.696    out_i_reg[3]_i_7_n_0
                         CARRY4 (Prop_carry4_CI_CO[3])
                                                      0.100     9.796 r  out_i_reg[7]_i_7/CO[3]
                         net (fo=1, unplaced)         0.000     9.796    out_i_reg[7]_i_7_n_0
                         CARRY4 (Prop_carry4_CI_CO[3])
                                                      0.100     9.896 r  out_i_reg[11]_i_7/CO[3]
                         net (fo=1, unplaced)         0.000     9.896    out_i_reg[11]_i_7_n_0
                         CARRY4 (Prop_carry4_CI_O[3])
                                                      0.277    10.173 f  out_i_reg[15]_i_28/O[3]
                         net (fo=4, unplaced)         0.543    10.716    y_i320[15]
                         LUT1 (Prop_lut1_I0_O)        0.253    10.969 r  out_i[15]_i_10/O
                         net (fo=1, unplaced)         0.000    10.969    out_i[15]_i_10_n_0
                         CARRY4 (Prop_carry4_DI[3]_CO[3])
                                                      0.351    11.320 r  out_i_reg[15]_i_3/CO[3]
                         net (fo=1, unplaced)         0.000    11.320    out_i_reg[15]_i_3_n_0
                         CARRY4 (Prop_carry4_CI_CO[3])
                                                      0.100    11.420 r  out_i_reg[15]_i_65/CO[3]
                         net (fo=1, unplaced)         0.000    11.420    out_i_reg[15]_i_65_n_0
                         CARRY4 (Prop_carry4_CI_O[3])
                                                      0.277    11.697 f  out_i_reg[15]_i_46/O[3]
                         net (fo=4, unplaced)         0.543    12.240    out_i_reg[15]_i_46_n_4
                         LUT2 (Prop_lut2_I1_O)        0.250    12.490 r  out_i[15]_i_33/O
                         net (fo=1, unplaced)         0.000    12.490    out_i[15]_i_33_n_0
                         CARRY4 (Prop_carry4_DI[0]_CO[3])
                                                      0.477    12.967 r  out_i_reg[15]_i_15/CO[3]
                         net (fo=1, unplaced)         0.000    12.967    out_i_reg[15]_i_15_n_0
                         CARRY4 (Prop_carry4_CI_CO[0])
                                                      0.238    13.205 f  out_i_reg[15]_i_4/CO[0]
                         net (fo=80, unplaced)        0.456    13.661    y_i2
                         LUT3 (Prop_lut3_I0_O)        0.317    13.978 r  w_step[10]_i_89/O
                         net (fo=1, unplaced)         0.000    13.978    w_step[10]_i_89_n_0
                         CARRY4 (Prop_carry4_DI[0]_CO[3])
                                                      0.477    14.455 r  w_step_reg[10]_i_69/CO[3]
                         net (fo=1, unplaced)         0.008    14.463    w_step_reg[10]_i_69_n_0
                         CARRY4 (Prop_carry4_CI_CO[3])
                                                      0.100    14.563 r  w_step_reg[10]_i_51/CO[3]
                         net (fo=1, unplaced)         0.000    14.563    w_step_reg[10]_i_51_n_0
                         CARRY4 (Prop_carry4_CI_CO[3])
                                                      0.100    14.663 r  w_step_reg[10]_i_37/CO[3]
                         net (fo=1, unplaced)         0.000    14.663    w_step_reg[10]_i_37_n_0
                         CARRY4 (Prop_carry4_CI_CO[3])
                                                      0.100    14.763 r  w_step_reg[10]_i_24/CO[3]
                         net (fo=1, unplaced)         0.000    14.763    w_step_reg[10]_i_24_n_0
                         CARRY4 (Prop_carry4_CI_CO[0])
                                                      0.238    15.001 r  w_step_reg[10]_i_13/CO[0]
                         net (fo=43, unplaced)        0.897    15.898    w_step_reg[10]_i_13_n_3
                         CARRY4 (Prop_carry4_S[3]_CO[3])
                                                      0.611    16.509 r  w_step_reg[10]_i_25/CO[3]
                         net (fo=1, unplaced)         0.000    16.509    w_step_reg[10]_i_25_n_0
                         CARRY4 (Prop_carry4_CI_CO[3])
                                                      0.100    16.609 r  w_step_reg[10]_i_14/CO[3]
                         net (fo=28, unplaced)        0.838    17.447    sgn_dy1
                         LUT5 (Prop_lut5_I1_O)        0.105    17.552 r  w_step[6]_i_4/O
                         net (fo=1, unplaced)         0.000    17.552    w_step[6]_i_4_n_0
                         CARRY4 (Prop_carry4_S[1]_CO[3])
                                                      0.444    17.996 r  w_step_reg[6]_i_1/CO[3]
                         net (fo=1, unplaced)         0.008    18.004    w_step_reg[6]_i_1_n_0
                         CARRY4 (Prop_carry4_CI_CO[3])
                                                      0.100    18.104 r  w_step_reg[10]_i_3/CO[3]
                         net (fo=1, unplaced)         0.000    18.104    w_step_reg[10]_i_3_n_0
                         CARRY4 (Prop_carry4_CI_CO[3])
                                                      0.100    18.204 r  w_step_reg[14]_i_6/CO[3]
                         net (fo=1, unplaced)         0.000    18.204    w_step_reg[14]_i_6_n_0
                         CARRY4 (Prop_carry4_CI_O[1])
                                                      0.269    18.473 r  w_step_reg[18]_i_2/O[1]
                         net (fo=1, unplaced)         0.564    19.037    integ_next[16]
                         CARRY4 (Prop_carry4_S[1]_CO[3])
                                                      0.689    19.726 r  w_step_reg[18]_i_1/CO[3]
                         net (fo=1, unplaced)         0.000    19.726    w_step_reg[18]_i_1_n_0
                         CARRY4 (Prop_carry4_CI_O[1])
                                                      0.269    19.995 f  w_step_reg[22]_i_1/O[1]
                         net (fo=4, unplaced)         0.496    20.491    w_unclamped[20]
                         LUT2 (Prop_lut2_I0_O)        0.245    20.736 r  w_step[14]_i_21/O
                         net (fo=1, unplaced)         0.000    20.736    w_step[14]_i_21_n_0
                         CARRY4 (Prop_carry4_S[1]_CO[3])
                                                      0.444    21.180 r  w_step_reg[14]_i_11/CO[3]
                         net (fo=1, unplaced)         0.000    21.180    w_step_reg[14]_i_11_n_0
                         CARRY4 (Prop_carry4_CI_CO[2])
                                                      0.211    21.391 r  w_step_reg[14]_i_4/CO[2]
                         net (fo=5, unplaced)         0.358    21.749    w_clamped1
                         LUT4 (Prop_lut4_I2_O)        0.252    22.001 r  w_step[31]_i_1/O
                         net (fo=17, unplaced)        0.700    22.701    w_step[31]_i_1_n_0
                         FDRE                                         r  w_step_reg[23]/R
  -------------------------------------------------------------------    -------------------

                         (clock clk rise edge)       10.000    10.000 r
                                                      0.000    10.000 r  clk (IN)
                         net (fo=199, unset)          0.748    10.748    clk
                         FDRE                                         r  w_step_reg[23]/C
                         clock pessimism              0.000    10.748
                         clock uncertainty           -0.035    10.712
                         FDRE (Setup_fdre_C_R)       -0.527    10.185    w_step_reg[23]
  -------------------------------------------------------------------
                         required time                         10.185
                         arrival time                         -22.701
  -------------------------------------------------------------------
                         slack                                -12.516





Pulse Width Checks
--------------------------------------------------------------------------------------
Clock Name:         clk
Waveform(ns):       { 0.000 5.000 }
Period(ns):         10.000
Sources:            { clk }

Check Type        Corner  Lib Pin  Reference Pin  Required(ns)  Actual(ns)  Slack(ns)  Location  Pin
Min Period        n/a     FDRE/C   n/a            1.000         10.000      9.000                emitted_reg[0]/C
Min Period        n/a     FDRE/C   n/a            1.000         10.000      9.000                emitted_reg[10]/C
Min Period        n/a     FDRE/C   n/a            1.000         10.000      9.000                emitted_reg[11]/C
Min Period        n/a     FDRE/C   n/a            1.000         10.000      9.000                emitted_reg[12]/C
Min Period        n/a     FDRE/C   n/a            1.000         10.000      9.000                emitted_reg[13]/C
Min Period        n/a     FDRE/C   n/a            1.000         10.000      9.000                emitted_reg[14]/C
Min Period        n/a     FDRE/C   n/a            1.000         10.000      9.000                emitted_reg[15]/C
Min Period        n/a     FDRE/C   n/a            1.000         10.000      9.000                emitted_reg[1]/C
Min Period        n/a     FDRE/C   n/a            1.000         10.000      9.000                emitted_reg[2]/C
Min Period        n/a     FDRE/C   n/a            1.000         10.000      9.000                emitted_reg[3]/C
Low Pulse Width   Slow    FDRE/C   n/a            0.500         5.000       4.500                emitted_reg[0]/C
Low Pulse Width   Fast    FDRE/C   n/a            0.500         5.000       4.500                emitted_reg[0]/C
Low Pulse Width   Slow    FDRE/C   n/a            0.500         5.000       4.500                emitted_reg[10]/C
Low Pulse Width   Fast    FDRE/C   n/a            0.500         5.000       4.500                emitted_reg[10]/C
Low Pulse Width   Slow    FDRE/C   n/a            0.500         5.000       4.500                emitted_reg[11]/C
Low Pulse Width   Fast    FDRE/C   n/a            0.500         5.000       4.500                emitted_reg[11]/C
Low Pulse Width   Slow    FDRE/C   n/a            0.500         5.000       4.500                emitted_reg[12]/C
Low Pulse Width   Fast    FDRE/C   n/a            0.500         5.000       4.500                emitted_reg[12]/C
Low Pulse Width   Slow    FDRE/C   n/a            0.500         5.000       4.500                emitted_reg[13]/C
Low Pulse Width   Fast    FDRE/C   n/a            0.500         5.000       4.500                emitted_reg[13]/C
High Pulse Width  Slow    FDRE/C   n/a            0.500         5.000       4.500                emitted_reg[0]/C
High Pulse Width  Fast    FDRE/C   n/a            0.500         5.000       4.500                emitted_reg[0]/C
High Pulse Width  Slow    FDRE/C   n/a            0.500         5.000       4.500                emitted_reg[10]/C
High Pulse Width  Fast    FDRE/C   n/a            0.500         5.000       4.500                emitted_reg[10]/C
High Pulse Width  Slow    FDRE/C   n/a            0.500         5.000       4.500                emitted_reg[11]/C
High Pulse Width  Fast    FDRE/C   n/a            0.500         5.000       4.500                emitted_reg[11]/C
High Pulse Width  Slow    FDRE/C   n/a            0.500         5.000       4.500                emitted_reg[12]/C
High Pulse Width  Fast    FDRE/C   n/a            0.500         5.000       4.500                emitted_reg[12]/C
High Pulse Width  Slow    FDRE/C   n/a            0.500         5.000       4.500                emitted_reg[13]/C
High Pulse Width  Fast    FDRE/C   n/a            0.500         5.000       4.500                emitted_reg[13]/C
