Copyright 1986-2021 Xilinx, Inc. All Rights Reserved.
------------------------------------------------------------------------------------------------------------------------------------------------------------------------------------------------------------------------
| Tool Version : Vivado v.2021.1 (win64) Build 3247384 Thu Jun 10 19:36:33 MDT 2021
| Date         : normalized
| Host         : normalized
| Command      : report_timing_summary -delay_type max -max_paths 10 -file <output_dir>/bpsk_symbol_timing_recovery_pipelined0_post_synthesis_timing_summary.rpt
| Design       : bpsk_symbol_timing_recovery
| Device       : 7z020-clg400
| Speed File   : -2  PRODUCTION 1.12 2019-11-22
------------------------------------------------------------------------------------------------------------------------------------------------------------------------------------------------------------------------

Timing Summary Report

------------------------------------------------------------------------------------------------
| Timer Settings
| --------------
------------------------------------------------------------------------------------------------

  Enable Multi Corner Analysis               :  Yes
  Enable Pessimism Removal                   :  Yes
  Pessimism Removal Resolution               :  Nearest Common Node
  Enable Input Delay Default Clock           :  No
  Enable Preset / Clear Arcs                 :  No
  Disable Flight Delays                      :  No
  Ignore I/O Paths                           :  No
  Timing Early Launch at Borrowing Latches   :  No
  Borrow Time for Max Delay Exceptions       :  Yes
  Merge Timing Exceptions                    :  Yes

  Corner  Analyze    Analyze
  Name    Max Paths  Min Paths
  ------  ---------  ---------
  Slow    Yes        Yes
  Fast    Yes        Yes


------------------------------------------------------------------------------------------------
| Report Methodology
| ------------------
------------------------------------------------------------------------------------------------

No report available as report_methodology has not been run prior. Run report_methodology on the current design for the summary of methodology violations.



check_timing report

Table of Contents
-----------------
1. checking no_clock (0)
2. checking constant_clock (0)
3. checking pulse_width_clock (0)
4. checking unconstrained_internal_endpoints (0)
5. checking no_input_delay (0)
6. checking no_output_delay (0)
7. checking multiple_clock (0)
8. checking generated_clocks (0)
9. checking loops (0)
10. checking partial_input_delay (0)
11. checking partial_output_delay (0)
12. checking latch_loops (0)

1. checking no_clock (0)
------------------------
 There are 0 register/latch pins with no clock.


2. checking constant_clock (0)
------------------------------
 There are 0 register/latch pins with constant_clock.


3. checking pulse_width_clock (0)
---------------------------------
 There are 0 register/latch pins which need pulse_width check


4. checking unconstrained_internal_endpoints (0)
------------------------------------------------
 There are 0 pins that are not constrained for maximum delay.

 There are 0 pins that are not constrained for maximum delay due to constant clock.


5. checking no_input_delay (0)
------------------------------
 There are 0 input ports with no input delay specified.

 There are 0 input ports with no input delay but user has a false path constraint.


6. checking no_output_delay (0)
-------------------------------
 There are 0 ports with no output delay specified.

 There are 0 ports with no output delay but user has a false path constraint

 There are 0 ports with no output delay but with a timing clock defined on it or propagating through it


7. checking multiple_clock (0)
------------------------------
 There are 0 register/latch pins with multiple clocks.


8. checking generated_clocks (0)
--------------------------------
 There are 0 generated clocks that are not connected to a clock source.


9. checking loops (0)
---------------------
 There are 0 combinational loops in the design.


10. checking partial_input_delay (0)
------------------------------------
 There are 0 input ports with partial input delay specified.


11. checking partial_output_delay (0)
-------------------------------------
 There are 0 ports with partial output delay specified.


12. checking latch_loops (0)
----------------------------
 There are 0 combinational latch loops in the design through latch input



------------------------------------------------------------------------------------------------
| Design Timing Summary
| ---------------------
------------------------------------------------------------------------------------------------

    WNS(ns)      TNS(ns)  TNS Failing Endpoints  TNS Total Endpoints     WPWS(ns)     TPWS(ns)  TPWS Failing Endpoints  TPWS Total Endpoints
    -------      -------  ---------------------  -------------------     --------     --------  ----------------------  --------------------
     -9.604     -414.292                    122                  640        4.500        0.000                       0                   200


Timing constraints are not met.


------------------------------------------------------------------------------------------------
| Clock Summary
| -------------
------------------------------------------------------------------------------------------------

Clock  Waveform(ns)       Period(ns)      Frequency(MHz)
-----  ------------       ----------      --------------
clk    {0.000 5.000}      10.000          100.000


------------------------------------------------------------------------------------------------
| Intra Clock Table
| -----------------
------------------------------------------------------------------------------------------------

Clock             WNS(ns)      TNS(ns)  TNS Failing Endpoints  TNS Total Endpoints     WPWS(ns)     TPWS(ns)  TPWS Failing Endpoints  TPWS Total Endpoints
-----             -------      -------  ---------------------  -------------------     --------     --------  ----------------------  --------------------
clk                -9.604     -414.292                    122                  640        4.500        0.000                       0                   200


------------------------------------------------------------------------------------------------
| Inter Clock Table
| -----------------
------------------------------------------------------------------------------------------------

From Clock    To Clock          WNS(ns)      TNS(ns)  TNS Failing Endpoints  TNS Total Endpoints
----------    --------          -------      -------  ---------------------  -------------------


------------------------------------------------------------------------------------------------
| Other Path Groups Table
| -----------------------
------------------------------------------------------------------------------------------------

Path Group    From Clock    To Clock          WNS(ns)      TNS(ns)  TNS Failing Endpoints  TNS Total Endpoints
----------    ----------    --------          -------      -------  ---------------------  -------------------


------------------------------------------------------------------------------------------------
| Timing Details
| --------------
------------------------------------------------------------------------------------------------


---------------------------------------------------------------------------------------------------
From Clock:  clk
  To Clock:  clk

Setup :          122  Failing Endpoints,  Worst Slack       -9.604ns,  Total Violation     -414.292ns
Hold  :           NA  Failing Endpoints,  Worst Slack           NA  ,  Total Violation           NA
PW    :            0  Failing Endpoints,  Worst Slack        4.500ns,  Total Violation        0.000ns
---------------------------------------------------------------------------------------------------


Max Delay Paths
--------------------------------------------------------------------------------------
Slack (VIOLATED) :        -9.604ns  (required time - arrival time)
  Source:                 nco_reg[4]/C
                            (rising edge-triggered cell FDRE clocked by clk  {rise@0.000ns fall@5.000ns period=10.000ns})
  Destination:            w_step_reg[10]/R
                            (rising edge-triggered cell FDRE clocked by clk  {rise@0.000ns fall@5.000ns period=10.000ns})
  Path Group:             clk
  Path Type:              Setup (Max at Slow Process Corner)
  Requirement:            10.000ns  (clk rise@10.000ns - clk rise@0.000ns)
  Data Path Delay:        19.002ns  (logic 12.105ns (63.703%)  route 6.897ns (36.297%))
  Logic Levels:           35  (CARRY4=26 DSP48E1=1 LUT1=1 LUT2=4 LUT3=1 LUT4=1 LUT5=1)
  Clock Path Skew:        -0.039ns (DCD - SCD + CPR)
    Destination Clock Delay (DCD):    0.748ns = ( 10.748 - 10.000 )
    Source Clock Delay      (SCD):    0.787ns
    Clock Pessimism Removal (CPR):    0.000ns
  Clock Uncertainty:      0.035ns  ((TSJ^2 + TIJ^2)^1/2 + DJ) / 2 + PE
    Total System Jitter     (TSJ):    0.071ns
    Total Input Jitter      (TIJ):    0.000ns
    Discrete Jitter          (DJ):    0.000ns
    Phase Error              (PE):    0.000ns

    Location             Delay type                Incr(ns)  Path(ns)    Netlist Resource(s)
  -------------------------------------------------------------------    -------------------
                         (clock clk rise edge)        0.000     0.000 r
                                                      0.000     0.000 r  clk (IN)
                         net (fo=201, unset)          0.787     0.787    clk
                         FDRE                                         r  nco_reg[4]/C
  -------------------------------------------------------------------    -------------------
                         FDRE (Prop_fdre_C_Q)         0.303     1.090 r  nco_reg[4]/Q
                         net (fo=6, unplaced)         0.394     1.484    mu_raw[6]
                         LUT2 (Prop_lut2_I0_O)        0.252     1.736 r  mu_di_i_37/O
                         net (fo=1, unplaced)         0.000     1.736    mu_di_i_37_n_0
                         CARRY4 (Prop_carry4_DI[0]_CO[3])
                                                      0.477     2.213 r  mu_di_i_26/CO[3]
                         net (fo=1, unplaced)         0.008     2.221    mu_di_i_26_n_0
                         CARRY4 (Prop_carry4_CI_CO[3])
                                                      0.100     2.321 r  mu_di_i_17/CO[3]
                         net (fo=1, unplaced)         0.000     2.321    mu_di_i_17_n_0
                         CARRY4 (Prop_carry4_CI_CO[3])
                                                      0.100     2.421 r  mu_di_i_14/CO[3]
                         net (fo=1, unplaced)         0.000     2.421    mu_di_i_14_n_0
                         CARRY4 (Prop_carry4_CI_CO[0])
                                                      0.238     2.659 f  mu_di_i_13/CO[0]
                         net (fo=23, unplaced)        0.303     2.962    mu1
                         LUT2 (Prop_lut2_I1_O)        0.297     3.259 r  mu_di_i_2/O
                         net (fo=4, unplaced)         0.646     3.905    mu_di_i_2_n_0
                         DSP48E1 (Prop_dsp48e1_B[17]_P[17])
                                                      3.076     6.981 r  mu_di/P[17]
                         net (fo=1, unplaced)         0.646     7.626    mu_di_n_88
                         LUT2 (Prop_lut2_I1_O)        0.105     7.731 r  out_i[3]_i_5/O
                         net (fo=1, unplaced)         0.000     7.731    out_i[3]_i_5_n_0
                         CARRY4 (Prop_carry4_S[1]_CO[3])
                                                      0.444     8.175 r  out_i_reg[3]_i_2/CO[3]
                         net (fo=1, unplaced)         0.008     8.183    out_i_reg[3]_i_2_n_0
                         CARRY4 (Prop_carry4_CI_CO[3])
                                                      0.100     8.283 r  out_i_reg[7]_i_2/CO[3]
                         net (fo=1, unplaced)         0.000     8.283    out_i_reg[7]_i_2_n_0
                         CARRY4 (Prop_carry4_CI_CO[3])
                                                      0.100     8.383 r  out_i_reg[11]_i_2/CO[3]
                         net (fo=1, unplaced)         0.000     8.383    out_i_reg[11]_i_2_n_0
                         CARRY4 (Prop_carry4_CI_O[3])
                                                      0.277     8.660 f  out_i_reg[15]_i_3/O[3]
                         net (fo=9, unplaced)         0.560     9.220    out_i_reg[15]_i_3_n_4
                         LUT1 (Prop_lut1_I0_O)        0.250     9.470 r  out_i[15]_i_34/O
                         net (fo=1, unplaced)         0.000     9.470    out_i[15]_i_34_n_0
                         CARRY4 (Prop_carry4_DI[0]_CO[3])
                                                      0.477     9.947 r  out_i_reg[15]_i_23/CO[3]
                         net (fo=1, unplaced)         0.008     9.955    out_i_reg[15]_i_23_n_0
                         CARRY4 (Prop_carry4_CI_CO[3])
                                                      0.100    10.055 r  out_i_reg[15]_i_14/CO[3]
                         net (fo=1, unplaced)         0.000    10.055    out_i_reg[15]_i_14_n_0
                         CARRY4 (Prop_carry4_CI_CO[0])
                                                      0.238    10.293 f  out_i_reg[15]_i_4/CO[0]
                         net (fo=80, unplaced)        0.456    10.749    y_i2
                         LUT3 (Prop_lut3_I0_O)        0.317    11.066 r  w_step[10]_i_89/O
                         net (fo=1, unplaced)         0.000    11.066    w_step[10]_i_89_n_0
                         CARRY4 (Prop_carry4_DI[0]_CO[3])
                                                      0.477    11.543 r  w_step_reg[10]_i_69/CO[3]
                         net (fo=1, unplaced)         0.008    11.551    w_step_reg[10]_i_69_n_0
                         CARRY4 (Prop_carry4_CI_CO[3])
                                                      0.100    11.651 r  w_step_reg[10]_i_51/CO[3]
                         net (fo=1, unplaced)         0.000    11.651    w_step_reg[10]_i_51_n_0
                         CARRY4 (Prop_carry4_CI_CO[3])
                                                      0.100    11.751 r  w_step_reg[10]_i_37/CO[3]
                         net (fo=1, unplaced)         0.000    11.751    w_step_reg[10]_i_37_n_0
                         CARRY4 (Prop_carry4_CI_CO[3])
                                                      0.100    11.851 r  w_step_reg[10]_i_24/CO[3]
                         net (fo=1, unplaced)         0.000    11.851    w_step_reg[10]_i_24_n_0
                         CARRY4 (Prop_carry4_CI_CO[0])
                                                      0.238    12.089 r  w_step_reg[10]_i_13/CO[0]
                         net (fo=43, unplaced)        0.897    12.986    w_step_reg[10]_i_13_n_3
                         CARRY4 (Prop_carry4_S[3]_CO[3])
                                                      0.611    13.597 r  w_step_reg[10]_i_25/CO[3]
                         net (fo=1, unplaced)         0.000    13.597    w_step_reg[10]_i_25_n_0
                         CARRY4 (Prop_carry4_CI_CO[3])
                                                      0.100    13.697 r  w_step_reg[10]_i_14/CO[3]
                         net (fo=28, unplaced)        0.838    14.535    sgn_dy1
                         LUT5 (Prop_lut5_I1_O)        0.105    14.640 r  w_step[6]_i_4/O
                         net (fo=1, unplaced)         0.000    14.640    w_step[6]_i_4_n_0
                         CARRY4 (Prop_carry4_S[1]_CO[3])
                                                      0.444    15.084 r  w_step_reg[6]_i_1/CO[3]
                         net (fo=1, unplaced)         0.008    15.092    w_step_reg[6]_i_1_n_0
                         CARRY4 (Prop_carry4_CI_CO[3])
                                                      0.100    15.192 r  w_step_reg[10]_i_3/CO[3]
                         net (fo=1, unplaced)         0.000    15.192    w_step_reg[10]_i_3_n_0
                         CARRY4 (Prop_carry4_CI_CO[3])
                                                      0.100    15.292 r  w_step_reg[14]_i_6/CO[3]
                         net (fo=1, unplaced)         0.000    15.292    w_step_reg[14]_i_6_n_0
                         CARRY4 (Prop_carry4_CI_O[1])
                                                      0.269    15.561 r  w_step_reg[18]_i_2/O[1]
                         net (fo=1, unplaced)         0.564    16.125    integ_next[16]
                         CARRY4 (Prop_carry4_S[1]_CO[3])
                                                      0.689    16.814 r  w_step_reg[18]_i_1/CO[3]
                         net (fo=1, unplaced)         0.000    16.814    w_step_reg[18]_i_1_n_0
                         CARRY4 (Prop_carry4_CI_O[1])
                                                      0.269    17.083 f  w_step_reg[22]_i_1/O[1]
                         net (fo=4, unplaced)         0.496    17.579    w_unclamped[20]
                         LUT2 (Prop_lut2_I0_O)        0.245    17.824 r  w_step[14]_i_21/O
                         net (fo=1, unplaced)         0.000    17.824    w_step[14]_i_21_n_0
                         CARRY4 (Prop_carry4_S[1]_CO[3])
                                                      0.444    18.268 r  w_step_reg[14]_i_11/CO[3]
                         net (fo=1, unplaced)         0.000    18.268    w_step_reg[14]_i_11_n_0
                         CARRY4 (Prop_carry4_CI_CO[2])
                                                      0.211    18.479 r  w_step_reg[14]_i_4/CO[2]
                         net (fo=5, unplaced)         0.358    18.837    w_clamped1
                         LUT4 (Prop_lut4_I2_O)        0.252    19.089 r  w_step[31]_i_1/O
                         net (fo=17, unplaced)        0.700    19.789    w_step[31]_i_1_n_0
                         FDRE                                         r  w_step_reg[10]/R
  -------------------------------------------------------------------    -------------------

                         (clock clk rise edge)       10.000    10.000 r
                                                      0.000    10.000 r  clk (IN)
                         net (fo=201, unset)          0.748    10.748    clk
                         FDRE                                         r  w_step_reg[10]/C
                         clock pessimism              0.000    10.748
                         clock uncertainty           -0.035    10.712
                         FDRE (Setup_fdre_C_R)       -0.527    10.185    w_step_reg[10]
  -------------------------------------------------------------------
                         required time                         10.185
                         arrival time                         -19.789
  -------------------------------------------------------------------
                         slack                                 -9.604

Slack (VIOLATED) :        -9.604ns  (required time - arrival time)
  Source:                 nco_reg[4]/C
                            (rising edge-triggered cell FDRE clocked by clk  {rise@0.000ns fall@5.000ns period=10.000ns})
  Destination:            w_step_reg[15]/R
                            (rising edge-triggered cell FDRE clocked by clk  {rise@0.000ns fall@5.000ns period=10.000ns})
  Path Group:             clk
  Path Type:              Setup (Max at Slow Process Corner)
  Requirement:            10.000ns  (clk rise@10.000ns - clk rise@0.000ns)
  Data Path Delay:        19.002ns  (logic 12.105ns (63.703%)  route 6.897ns (36.297%))
  Logic Levels:           35  (CARRY4=26 DSP48E1=1 LUT1=1 LUT2=4 LUT3=1 LUT4=1 LUT5=1)
  Clock Path Skew:        -0.039ns (DCD - SCD + CPR)
    Destination Clock Delay (DCD):    0.748ns = ( 10.748 - 10.000 )
    Source Clock Delay      (SCD):    0.787ns
    Clock Pessimism Removal (CPR):    0.000ns
  Clock Uncertainty:      0.035ns  ((TSJ^2 + TIJ^2)^1/2 + DJ) / 2 + PE
    Total System Jitter     (TSJ):    0.071ns
    Total Input Jitter      (TIJ):    0.000ns
    Discrete Jitter          (DJ):    0.000ns
    Phase Error              (PE):    0.000ns

    Location             Delay type                Incr(ns)  Path(ns)    Netlist Resource(s)
  -------------------------------------------------------------------    -------------------
                         (clock clk rise edge)        0.000     0.000 r
                                                      0.000     0.000 r  clk (IN)
                         net (fo=201, unset)          0.787     0.787    clk
                         FDRE                                         r  nco_reg[4]/C
  -------------------------------------------------------------------    -------------------
                         FDRE (Prop_fdre_C_Q)         0.303     1.090 r  nco_reg[4]/Q
                         net (fo=6, unplaced)         0.394     1.484    mu_raw[6]
                         LUT2 (Prop_lut2_I0_O)        0.252     1.736 r  mu_di_i_37/O
                         net (fo=1, unplaced)         0.000     1.736    mu_di_i_37_n_0
                         CARRY4 (Prop_carry4_DI[0]_CO[3])
                                                      0.477     2.213 r  mu_di_i_26/CO[3]
                         net (fo=1, unplaced)         0.008     2.221    mu_di_i_26_n_0
                         CARRY4 (Prop_carry4_CI_CO[3])
                                                      0.100     2.321 r  mu_di_i_17/CO[3]
                         net (fo=1, unplaced)         0.000     2.321    mu_di_i_17_n_0
                         CARRY4 (Prop_carry4_CI_CO[3])
                                                      0.100     2.421 r  mu_di_i_14/CO[3]
                         net (fo=1, unplaced)         0.000     2.421    mu_di_i_14_n_0
                         CARRY4 (Prop_carry4_CI_CO[0])
                                                      0.238     2.659 f  mu_di_i_13/CO[0]
                         net (fo=23, unplaced)        0.303     2.962    mu1
                         LUT2 (Prop_lut2_I1_O)        0.297     3.259 r  mu_di_i_2/O
                         net (fo=4, unplaced)         0.646     3.905    mu_di_i_2_n_0
                         DSP48E1 (Prop_dsp48e1_B[17]_P[17])
                                                      3.076     6.981 r  mu_di/P[17]
                         net (fo=1, unplaced)         0.646     7.626    mu_di_n_88
                         LUT2 (Prop_lut2_I1_O)        0.105     7.731 r  out_i[3]_i_5/O
                         net (fo=1, unplaced)         0.000     7.731    out_i[3]_i_5_n_0
                         CARRY4 (Prop_carry4_S[1]_CO[3])
                                                      0.444     8.175 r  out_i_reg[3]_i_2/CO[3]
                         net (fo=1, unplaced)         0.008     8.183    out_i_reg[3]_i_2_n_0
                         CARRY4 (Prop_carry4_CI_CO[3])
                                                      0.100     8.283 r  out_i_reg[7]_i_2/CO[3]
                         net (fo=1, unplaced)         0.000     8.283    out_i_reg[7]_i_2_n_0
                         CARRY4 (Prop_carry4_CI_CO[3])
                                                      0.100     8.383 r  out_i_reg[11]_i_2/CO[3]
                         net (fo=1, unplaced)         0.000     8.383    out_i_reg[11]_i_2_n_0
                         CARRY4 (Prop_carry4_CI_O[3])
                                                      0.277     8.660 f  out_i_reg[15]_i_3/O[3]
                         net (fo=9, unplaced)         0.560     9.220    out_i_reg[15]_i_3_n_4
                         LUT1 (Prop_lut1_I0_O)        0.250     9.470 r  out_i[15]_i_34/O
                         net (fo=1, unplaced)         0.000     9.470    out_i[15]_i_34_n_0
                         CARRY4 (Prop_carry4_DI[0]_CO[3])
                                                      0.477     9.947 r  out_i_reg[15]_i_23/CO[3]
                         net (fo=1, unplaced)         0.008     9.955    out_i_reg[15]_i_23_n_0
                         CARRY4 (Prop_carry4_CI_CO[3])
                                                      0.100    10.055 r  out_i_reg[15]_i_14/CO[3]
                         net (fo=1, unplaced)         0.000    10.055    out_i_reg[15]_i_14_n_0
                         CARRY4 (Prop_carry4_CI_CO[0])
                                                      0.238    10.293 f  out_i_reg[15]_i_4/CO[0]
                         net (fo=80, unplaced)        0.456    10.749    y_i2
                         LUT3 (Prop_lut3_I0_O)        0.317    11.066 r  w_step[10]_i_89/O
                         net (fo=1, unplaced)         0.000    11.066    w_step[10]_i_89_n_0
                         CARRY4 (Prop_carry4_DI[0]_CO[3])
                                                      0.477    11.543 r  w_step_reg[10]_i_69/CO[3]
                         net (fo=1, unplaced)         0.008    11.551    w_step_reg[10]_i_69_n_0
                         CARRY4 (Prop_carry4_CI_CO[3])
                                                      0.100    11.651 r  w_step_reg[10]_i_51/CO[3]
                         net (fo=1, unplaced)         0.000    11.651    w_step_reg[10]_i_51_n_0
                         CARRY4 (Prop_carry4_CI_CO[3])
                                                      0.100    11.751 r  w_step_reg[10]_i_37/CO[3]
                         net (fo=1, unplaced)         0.000    11.751    w_step_reg[10]_i_37_n_0
                         CARRY4 (Prop_carry4_CI_CO[3])
                                                      0.100    11.851 r  w_step_reg[10]_i_24/CO[3]
                         net (fo=1, unplaced)         0.000    11.851    w_step_reg[10]_i_24_n_0
                         CARRY4 (Prop_carry4_CI_CO[0])
                                                      0.238    12.089 r  w_step_reg[10]_i_13/CO[0]
                         net (fo=43, unplaced)        0.897    12.986    w_step_reg[10]_i_13_n_3
                         CARRY4 (Prop_carry4_S[3]_CO[3])
                                                      0.611    13.597 r  w_step_reg[10]_i_25/CO[3]
                         net (fo=1, unplaced)         0.000    13.597    w_step_reg[10]_i_25_n_0
                         CARRY4 (Prop_carry4_CI_CO[3])
                                                      0.100    13.697 r  w_step_reg[10]_i_14/CO[3]
                         net (fo=28, unplaced)        0.838    14.535    sgn_dy1
                         LUT5 (Prop_lut5_I1_O)        0.105    14.640 r  w_step[6]_i_4/O
                         net (fo=1, unplaced)         0.000    14.640    w_step[6]_i_4_n_0
                         CARRY4 (Prop_carry4_S[1]_CO[3])
                                                      0.444    15.084 r  w_step_reg[6]_i_1/CO[3]
                         net (fo=1, unplaced)         0.008    15.092    w_step_reg[6]_i_1_n_0
                         CARRY4 (Prop_carry4_CI_CO[3])
                                                      0.100    15.192 r  w_step_reg[10]_i_3/CO[3]
                         net (fo=1, unplaced)         0.000    15.192    w_step_reg[10]_i_3_n_0
                         CARRY4 (Prop_carry4_CI_CO[3])
                                                      0.100    15.292 r  w_step_reg[14]_i_6/CO[3]
                         net (fo=1, unplaced)         0.000    15.292    w_step_reg[14]_i_6_n_0
                         CARRY4 (Prop_carry4_CI_O[1])
                                                      0.269    15.561 r  w_step_reg[18]_i_2/O[1]
                         net (fo=1, unplaced)         0.564    16.125    integ_next[16]
                         CARRY4 (Prop_carry4_S[1]_CO[3])
                                                      0.689    16.814 r  w_step_reg[18]_i_1/CO[3]
                         net (fo=1, unplaced)         0.000    16.814    w_step_reg[18]_i_1_n_0
                         CARRY4 (Prop_carry4_CI_O[1])
                                                      0.269    17.083 f  w_step_reg[22]_i_1/O[1]
                         net (fo=4, unplaced)         0.496    17.579    w_unclamped[20]
                         LUT2 (Prop_lut2_I0_O)        0.245    17.824 r  w_step[14]_i_21/O
                         net (fo=1, unplaced)         0.000    17.824    w_step[14]_i_21_n_0
                         CARRY4 (Prop_carry4_S[1]_CO[3])
                                                      0.444    18.268 r  w_step_reg[14]_i_11/CO[3]
                         net (fo=1, unplaced)         0.000    18.268    w_step_reg[14]_i_11_n_0
                         CARRY4 (Prop_carry4_CI_CO[2])
                                                      0.211    18.479 r  w_step_reg[14]_i_4/CO[2]
                         net (fo=5, unplaced)         0.358    18.837    w_clamped1
                         LUT4 (Prop_lut4_I2_O)        0.252    19.089 r  w_step[31]_i_1/O
                         net (fo=17, unplaced)        0.700    19.789    w_step[31]_i_1_n_0
                         FDRE                                         r  w_step_reg[15]/R
  -------------------------------------------------------------------    -------------------

                         (clock clk rise edge)       10.000    10.000 r
                                                      0.000    10.000 r  clk (IN)
                         net (fo=201, unset)          0.748    10.748    clk
                         FDRE                                         r  w_step_reg[15]/C
                         clock pessimism              0.000    10.748
                         clock uncertainty           -0.035    10.712
                         FDRE (Setup_fdre_C_R)       -0.527    10.185    w_step_reg[15]
  -------------------------------------------------------------------
                         required time                         10.185
                         arrival time                         -19.789
  -------------------------------------------------------------------
                         slack                                 -9.604

Slack (VIOLATED) :        -9.604ns  (required time - arrival time)
  Source:                 nco_reg[4]/C
                            (rising edge-triggered cell FDRE clocked by clk  {rise@0.000ns fall@5.000ns period=10.000ns})
  Destination:            w_step_reg[16]/R
                            (rising edge-triggered cell FDRE clocked by clk  {rise@0.000ns fall@5.000ns period=10.000ns})
  Path Group:             clk
  Path Type:              Setup (Max at Slow Process Corner)
  Requirement:            10.000ns  (clk rise@10.000ns - clk rise@0.000ns)
  Data Path Delay:        19.002ns  (logic 12.105ns (63.703%)  route 6.897ns (36.297%))
  Logic Levels:           35  (CARRY4=26 DSP48E1=1 LUT1=1 LUT2=4 LUT3=1 LUT4=1 LUT5=1)
  Clock Path Skew:        -0.039ns (DCD - SCD + CPR)
    Destination Clock Delay (DCD):    0.748ns = ( 10.748 - 10.000 )
    Source Clock Delay      (SCD):    0.787ns
    Clock Pessimism Removal (CPR):    0.000ns
  Clock Uncertainty:      0.035ns  ((TSJ^2 + TIJ^2)^1/2 + DJ) / 2 + PE
    Total System Jitter     (TSJ):    0.071ns
    Total Input Jitter      (TIJ):    0.000ns
    Discrete Jitter          (DJ):    0.000ns
    Phase Error              (PE):    0.000ns

    Location             Delay type                Incr(ns)  Path(ns)    Netlist Resource(s)
  -------------------------------------------------------------------    -------------------
                         (clock clk rise edge)        0.000     0.000 r
                                                      0.000     0.000 r  clk (IN)
                         net (fo=201, unset)          0.787     0.787    clk
                         FDRE                                         r  nco_reg[4]/C
  -------------------------------------------------------------------    -------------------
                         FDRE (Prop_fdre_C_Q)         0.303     1.090 r  nco_reg[4]/Q
                         net (fo=6, unplaced)         0.394     1.484    mu_raw[6]
                         LUT2 (Prop_lut2_I0_O)        0.252     1.736 r  mu_di_i_37/O
                         net (fo=1, unplaced)         0.000     1.736    mu_di_i_37_n_0
                         CARRY4 (Prop_carry4_DI[0]_CO[3])
                                                      0.477     2.213 r  mu_di_i_26/CO[3]
                         net (fo=1, unplaced)         0.008     2.221    mu_di_i_26_n_0
                         CARRY4 (Prop_carry4_CI_CO[3])
                                                      0.100     2.321 r  mu_di_i_17/CO[3]
                         net (fo=1, unplaced)         0.000     2.321    mu_di_i_17_n_0
                         CARRY4 (Prop_carry4_CI_CO[3])
                                                      0.100     2.421 r  mu_di_i_14/CO[3]
                         net (fo=1, unplaced)         0.000     2.421    mu_di_i_14_n_0
                         CARRY4 (Prop_carry4_CI_CO[0])
                                                      0.238     2.659 f  mu_di_i_13/CO[0]
                         net (fo=23, unplaced)        0.303     2.962    mu1
                         LUT2 (Prop_lut2_I1_O)        0.297     3.259 r  mu_di_i_2/O
                         net (fo=4, unplaced)         0.646     3.905    mu_di_i_2_n_0
                         DSP48E1 (Prop_dsp48e1_B[17]_P[17])
                                                      3.076     6.981 r  mu_di/P[17]
                         net (fo=1, unplaced)         0.646     7.626    mu_di_n_88
                         LUT2 (Prop_lut2_I1_O)        0.105     7.731 r  out_i[3]_i_5/O
                         net (fo=1, unplaced)         0.000     7.731    out_i[3]_i_5_n_0
                         CARRY4 (Prop_carry4_S[1]_CO[3])
                                                      0.444     8.175 r  out_i_reg[3]_i_2/CO[3]
                         net (fo=1, unplaced)         0.008     8.183    out_i_reg[3]_i_2_n_0
                         CARRY4 (Prop_carry4_CI_CO[3])
                                                      0.100     8.283 r  out_i_reg[7]_i_2/CO[3]
                         net (fo=1, unplaced)         0.000     8.283    out_i_reg[7]_i_2_n_0
                         CARRY4 (Prop_carry4_CI_CO[3])
                                                      0.100     8.383 r  out_i_reg[11]_i_2/CO[3]
                         net (fo=1, unplaced)         0.000     8.383    out_i_reg[11]_i_2_n_0
                         CARRY4 (Prop_carry4_CI_O[3])
                                                      0.277     8.660 f  out_i_reg[15]_i_3/O[3]
                         net (fo=9, unplaced)         0.560     9.220    out_i_reg[15]_i_3_n_4
                         LUT1 (Prop_lut1_I0_O)        0.250     9.470 r  out_i[15]_i_34/O
                         net (fo=1, unplaced)         0.000     9.470    out_i[15]_i_34_n_0
                         CARRY4 (Prop_carry4_DI[0]_CO[3])
                                                      0.477     9.947 r  out_i_reg[15]_i_23/CO[3]
                         net (fo=1, unplaced)         0.008     9.955    out_i_reg[15]_i_23_n_0
                         CARRY4 (Prop_carry4_CI_CO[3])
                                                      0.100    10.055 r  out_i_reg[15]_i_14/CO[3]
                         net (fo=1, unplaced)         0.000    10.055    out_i_reg[15]_i_14_n_0
                         CARRY4 (Prop_carry4_CI_CO[0])
                                                      0.238    10.293 f  out_i_reg[15]_i_4/CO[0]
                         net (fo=80, unplaced)        0.456    10.749    y_i2
                         LUT3 (Prop_lut3_I0_O)        0.317    11.066 r  w_step[10]_i_89/O
                         net (fo=1, unplaced)         0.000    11.066    w_step[10]_i_89_n_0
                         CARRY4 (Prop_carry4_DI[0]_CO[3])
                                                      0.477    11.543 r  w_step_reg[10]_i_69/CO[3]
                         net (fo=1, unplaced)         0.008    11.551    w_step_reg[10]_i_69_n_0
                         CARRY4 (Prop_carry4_CI_CO[3])
                                                      0.100    11.651 r  w_step_reg[10]_i_51/CO[3]
                         net (fo=1, unplaced)         0.000    11.651    w_step_reg[10]_i_51_n_0
                         CARRY4 (Prop_carry4_CI_CO[3])
                                                      0.100    11.751 r  w_step_reg[10]_i_37/CO[3]
                         net (fo=1, unplaced)         0.000    11.751    w_step_reg[10]_i_37_n_0
                         CARRY4 (Prop_carry4_CI_CO[3])
                                                      0.100    11.851 r  w_step_reg[10]_i_24/CO[3]
                         net (fo=1, unplaced)         0.000    11.851    w_step_reg[10]_i_24_n_0
                         CARRY4 (Prop_carry4_CI_CO[0])
                                                      0.238    12.089 r  w_step_reg[10]_i_13/CO[0]
                         net (fo=43, unplaced)        0.897    12.986    w_step_reg[10]_i_13_n_3
                         CARRY4 (Prop_carry4_S[3]_CO[3])
                                                      0.611    13.597 r  w_step_reg[10]_i_25/CO[3]
                         net (fo=1, unplaced)         0.000    13.597    w_step_reg[10]_i_25_n_0
                         CARRY4 (Prop_carry4_CI_CO[3])
                                                      0.100    13.697 r  w_step_reg[10]_i_14/CO[3]
                         net (fo=28, unplaced)        0.838    14.535    sgn_dy1
                         LUT5 (Prop_lut5_I1_O)        0.105    14.640 r  w_step[6]_i_4/O
                         net (fo=1, unplaced)         0.000    14.640    w_step[6]_i_4_n_0
                         CARRY4 (Prop_carry4_S[1]_CO[3])
                                                      0.444    15.084 r  w_step_reg[6]_i_1/CO[3]
                         net (fo=1, unplaced)         0.008    15.092    w_step_reg[6]_i_1_n_0
                         CARRY4 (Prop_carry4_CI_CO[3])
                                                      0.100    15.192 r  w_step_reg[10]_i_3/CO[3]
                         net (fo=1, unplaced)         0.000    15.192    w_step_reg[10]_i_3_n_0
                         CARRY4 (Prop_carry4_CI_CO[3])
                                                      0.100    15.292 r  w_step_reg[14]_i_6/CO[3]
                         net (fo=1, unplaced)         0.000    15.292    w_step_reg[14]_i_6_n_0
                         CARRY4 (Prop_carry4_CI_O[1])
                                                      0.269    15.561 r  w_step_reg[18]_i_2/O[1]
                         net (fo=1, unplaced)         0.564    16.125    integ_next[16]
                         CARRY4 (Prop_carry4_S[1]_CO[3])
                                                      0.689    16.814 r  w_step_reg[18]_i_1/CO[3]
                         net (fo=1, unplaced)         0.000    16.814    w_step_reg[18]_i_1_n_0
                         CARRY4 (Prop_carry4_CI_O[1])
                                                      0.269    17.083 f  w_step_reg[22]_i_1/O[1]
                         net (fo=4, unplaced)         0.496    17.579    w_unclamped[20]
                         LUT2 (Prop_lut2_I0_O)        0.245    17.824 r  w_step[14]_i_21/O
                         net (fo=1, unplaced)         0.000    17.824    w_step[14]_i_21_n_0
                         CARRY4 (Prop_carry4_S[1]_CO[3])
                                                      0.444    18.268 r  w_step_reg[14]_i_11/CO[3]
                         net (fo=1, unplaced)         0.000    18.268    w_step_reg[14]_i_11_n_0
                         CARRY4 (Prop_carry4_CI_CO[2])
                                                      0.211    18.479 r  w_step_reg[14]_i_4/CO[2]
                         net (fo=5, unplaced)         0.358    18.837    w_clamped1
                         LUT4 (Prop_lut4_I2_O)        0.252    19.089 r  w_step[31]_i_1/O
                         net (fo=17, unplaced)        0.700    19.789    w_step[31]_i_1_n_0
                         FDRE                                         r  w_step_reg[16]/R
  -------------------------------------------------------------------    -------------------

                         (clock clk rise edge)       10.000    10.000 r
                                                      0.000    10.000 r  clk (IN)
                         net (fo=201, unset)          0.748    10.748    clk
                         FDRE                                         r  w_step_reg[16]/C
                         clock pessimism              0.000    10.748
                         clock uncertainty           -0.035    10.712
                         FDRE (Setup_fdre_C_R)       -0.527    10.185    w_step_reg[16]
  -------------------------------------------------------------------
                         required time                         10.185
                         arrival time                         -19.789
  -------------------------------------------------------------------
                         slack                                 -9.604

Slack (VIOLATED) :        -9.604ns  (required time - arrival time)
  Source:                 nco_reg[4]/C
                            (rising edge-triggered cell FDRE clocked by clk  {rise@0.000ns fall@5.000ns period=10.000ns})
  Destination:            w_step_reg[17]/R
                            (rising edge-triggered cell FDRE clocked by clk  {rise@0.000ns fall@5.000ns period=10.000ns})
  Path Group:             clk
  Path Type:              Setup (Max at Slow Process Corner)
  Requirement:            10.000ns  (clk rise@10.000ns - clk rise@0.000ns)
  Data Path Delay:        19.002ns  (logic 12.105ns (63.703%)  route 6.897ns (36.297%))
  Logic Levels:           35  (CARRY4=26 DSP48E1=1 LUT1=1 LUT2=4 LUT3=1 LUT4=1 LUT5=1)
  Clock Path Skew:        -0.039ns (DCD - SCD + CPR)
    Destination Clock Delay (DCD):    0.748ns = ( 10.748 - 10.000 )
    Source Clock Delay      (SCD):    0.787ns
    Clock Pessimism Removal (CPR):    0.000ns
  Clock Uncertainty:      0.035ns  ((TSJ^2 + TIJ^2)^1/2 + DJ) / 2 + PE
    Total System Jitter     (TSJ):    0.071ns
    Total Input Jitter      (TIJ):    0.000ns
    Discrete Jitter          (DJ):    0.000ns
    Phase Error              (PE):    0.000ns

    Location             Delay type                Incr(ns)  Path(ns)    Netlist Resource(s)
  -------------------------------------------------------------------    -------------------
                         (clock clk rise edge)        0.000     0.000 r
                                                      0.000     0.000 r  clk (IN)
                         net (fo=201, unset)          0.787     0.787    clk
                         FDRE                                         r  nco_reg[4]/C
  -------------------------------------------------------------------    -------------------
                         FDRE (Prop_fdre_C_Q)         0.303     1.090 r  nco_reg[4]/Q
                         net (fo=6, unplaced)         0.394     1.484    mu_raw[6]
                         LUT2 (Prop_lut2_I0_O)        0.252     1.736 r  mu_di_i_37/O
                         net (fo=1, unplaced)         0.000     1.736    mu_di_i_37_n_0
                         CARRY4 (Prop_carry4_DI[0]_CO[3])
                                                      0.477     2.213 r  mu_di_i_26/CO[3]
                         net (fo=1, unplaced)         0.008     2.221    mu_di_i_26_n_0
                         CARRY4 (Prop_carry4_CI_CO[3])
                                                      0.100     2.321 r  mu_di_i_17/CO[3]
                         net (fo=1, unplaced)         0.000     2.321    mu_di_i_17_n_0
                         CARRY4 (Prop_carry4_CI_CO[3])
                                                      0.100     2.421 r  mu_di_i_14/CO[3]
                         net (fo=1, unplaced)         0.000     2.421    mu_di_i_14_n_0
                         CARRY4 (Prop_carry4_CI_CO[0])
                                                      0.238     2.659 f  mu_di_i_13/CO[0]
                         net (fo=23, unplaced)        0.303     2.962    mu1
                         LUT2 (Prop_lut2_I1_O)        0.297     3.259 r  mu_di_i_2/O
                         net (fo=4, unplaced)         0.646     3.905    mu_di_i_2_n_0
                         DSP48E1 (Prop_dsp48e1_B[17]_P[17])
                                                      3.076     6.981 r  mu_di/P[17]
                         net (fo=1, unplaced)         0.646     7.626    mu_di_n_88
                         LUT2 (Prop_lut2_I1_O)        0.105     7.731 r  out_i[3]_i_5/O
                         net (fo=1, unplaced)         0.000     7.731    out_i[3]_i_5_n_0
                         CARRY4 (Prop_carry4_S[1]_CO[3])
                                                      0.444     8.175 r  out_i_reg[3]_i_2/CO[3]
                         net (fo=1, unplaced)         0.008     8.183    out_i_reg[3]_i_2_n_0
                         CARRY4 (Prop_carry4_CI_CO[3])
                                                      0.100     8.283 r  out_i_reg[7]_i_2/CO[3]
                         net (fo=1, unplaced)         0.000     8.283    out_i_reg[7]_i_2_n_0
                         CARRY4 (Prop_carry4_CI_CO[3])
                                                      0.100     8.383 r  out_i_reg[11]_i_2/CO[3]
                         net (fo=1, unplaced)         0.000     8.383    out_i_reg[11]_i_2_n_0
                         CARRY4 (Prop_carry4_CI_O[3])
                                                      0.277     8.660 f  out_i_reg[15]_i_3/O[3]
                         net (fo=9, unplaced)         0.560     9.220    out_i_reg[15]_i_3_n_4
                         LUT1 (Prop_lut1_I0_O)        0.250     9.470 r  out_i[15]_i_34/O
                         net (fo=1, unplaced)         0.000     9.470    out_i[15]_i_34_n_0
                         CARRY4 (Prop_carry4_DI[0]_CO[3])
                                                      0.477     9.947 r  out_i_reg[15]_i_23/CO[3]
                         net (fo=1, unplaced)         0.008     9.955    out_i_reg[15]_i_23_n_0
                         CARRY4 (Prop_carry4_CI_CO[3])
                                                      0.100    10.055 r  out_i_reg[15]_i_14/CO[3]
                         net (fo=1, unplaced)         0.000    10.055    out_i_reg[15]_i_14_n_0
                         CARRY4 (Prop_carry4_CI_CO[0])
                                                      0.238    10.293 f  out_i_reg[15]_i_4/CO[0]
                         net (fo=80, unplaced)        0.456    10.749    y_i2
                         LUT3 (Prop_lut3_I0_O)        0.317    11.066 r  w_step[10]_i_89/O
                         net (fo=1, unplaced)         0.000    11.066    w_step[10]_i_89_n_0
                         CARRY4 (Prop_carry4_DI[0]_CO[3])
                                                      0.477    11.543 r  w_step_reg[10]_i_69/CO[3]
                         net (fo=1, unplaced)         0.008    11.551    w_step_reg[10]_i_69_n_0
                         CARRY4 (Prop_carry4_CI_CO[3])
                                                      0.100    11.651 r  w_step_reg[10]_i_51/CO[3]
                         net (fo=1, unplaced)         0.000    11.651    w_step_reg[10]_i_51_n_0
                         CARRY4 (Prop_carry4_CI_CO[3])
                                                      0.100    11.751 r  w_step_reg[10]_i_37/CO[3]
                         net (fo=1, unplaced)         0.000    11.751    w_step_reg[10]_i_37_n_0
                         CARRY4 (Prop_carry4_CI_CO[3])
                                                      0.100    11.851 r  w_step_reg[10]_i_24/CO[3]
                         net (fo=1, unplaced)         0.000    11.851    w_step_reg[10]_i_24_n_0
                         CARRY4 (Prop_carry4_CI_CO[0])
                                                      0.238    12.089 r  w_step_reg[10]_i_13/CO[0]
                         net (fo=43, unplaced)        0.897    12.986    w_step_reg[10]_i_13_n_3
                         CARRY4 (Prop_carry4_S[3]_CO[3])
                                                      0.611    13.597 r  w_step_reg[10]_i_25/CO[3]
                         net (fo=1, unplaced)         0.000    13.597    w_step_reg[10]_i_25_n_0
                         CARRY4 (Prop_carry4_CI_CO[3])
                                                      0.100    13.697 r  w_step_reg[10]_i_14/CO[3]
                         net (fo=28, unplaced)        0.838    14.535    sgn_dy1
                         LUT5 (Prop_lut5_I1_O)        0.105    14.640 r  w_step[6]_i_4/O
                         net (fo=1, unplaced)         0.000    14.640    w_step[6]_i_4_n_0
                         CARRY4 (Prop_carry4_S[1]_CO[3])
                                                      0.444    15.084 r  w_step_reg[6]_i_1/CO[3]
                         net (fo=1, unplaced)         0.008    15.092    w_step_reg[6]_i_1_n_0
                         CARRY4 (Prop_carry4_CI_CO[3])
                                                      0.100    15.192 r  w_step_reg[10]_i_3/CO[3]
                         net (fo=1, unplaced)         0.000    15.192    w_step_reg[10]_i_3_n_0
                         CARRY4 (Prop_carry4_CI_CO[3])
                                                      0.100    15.292 r  w_step_reg[14]_i_6/CO[3]
                         net (fo=1, unplaced)         0.000    15.292    w_step_reg[14]_i_6_n_0
                         CARRY4 (Prop_carry4_CI_O[1])
                                                      0.269    15.561 r  w_step_reg[18]_i_2/O[1]
                         net (fo=1, unplaced)         0.564    16.125    integ_next[16]
                         CARRY4 (Prop_carry4_S[1]_CO[3])
                                                      0.689    16.814 r  w_step_reg[18]_i_1/CO[3]
                         net (fo=1, unplaced)         0.000    16.814    w_step_reg[18]_i_1_n_0
                         CARRY4 (Prop_carry4_CI_O[1])
                                                      0.269    17.083 f  w_step_reg[22]_i_1/O[1]
                         net (fo=4, unplaced)         0.496    17.579    w_unclamped[20]
                         LUT2 (Prop_lut2_I0_O)        0.245    17.824 r  w_step[14]_i_21/O
                         net (fo=1, unplaced)         0.000    17.824    w_step[14]_i_21_n_0
                         CARRY4 (Prop_carry4_S[1]_CO[3])
                                                      0.444    18.268 r  w_step_reg[14]_i_11/CO[3]
                         net (fo=1, unplaced)         0.000    18.268    w_step_reg[14]_i_11_n_0
                         CARRY4 (Prop_carry4_CI_CO[2])
                                                      0.211    18.479 r  w_step_reg[14]_i_4/CO[2]
                         net (fo=5, unplaced)         0.358    18.837    w_clamped1
                         LUT4 (Prop_lut4_I2_O)        0.252    19.089 r  w_step[31]_i_1/O
                         net (fo=17, unplaced)        0.700    19.789    w_step[31]_i_1_n_0
                         FDRE                                         r  w_step_reg[17]/R
  -------------------------------------------------------------------    -------------------

                         (clock clk rise edge)       10.000    10.000 r
                                                      0.000    10.000 r  clk (IN)
                         net (fo=201, unset)          0.748    10.748    clk
                         FDRE                                         r  w_step_reg[17]/C
                         clock pessimism              0.000    10.748
                         clock uncertainty           -0.035    10.712
                         FDRE (Setup_fdre_C_R)       -0.527    10.185    w_step_reg[17]
  -------------------------------------------------------------------
                         required time                         10.185
                         arrival time                         -19.789
  -------------------------------------------------------------------
                         slack                                 -9.604

Slack (VIOLATED) :        -9.604ns  (required time - arrival time)
  Source:                 nco_reg[4]/C
                            (rising edge-triggered cell FDRE clocked by clk  {rise@0.000ns fall@5.000ns period=10.000ns})
  Destination:            w_step_reg[18]/R
                            (rising edge-triggered cell FDRE clocked by clk  {rise@0.000ns fall@5.000ns period=10.000ns})
  Path Group:             clk
  Path Type:              Setup (Max at Slow Process Corner)
  Requirement:            10.000ns  (clk rise@10.000ns - clk rise@0.000ns)
  Data Path Delay:        19.002ns  (logic 12.105ns (63.703%)  route 6.897ns (36.297%))
  Logic Levels:           35  (CARRY4=26 DSP48E1=1 LUT1=1 LUT2=4 LUT3=1 LUT4=1 LUT5=1)
  Clock Path Skew:        -0.039ns (DCD - SCD + CPR)
    Destination Clock Delay (DCD):    0.748ns = ( 10.748 - 10.000 )
    Source Clock Delay      (SCD):    0.787ns
    Clock Pessimism Removal (CPR):    0.000ns
  Clock Uncertainty:      0.035ns  ((TSJ^2 + TIJ^2)^1/2 + DJ) / 2 + PE
    Total System Jitter     (TSJ):    0.071ns
    Total Input Jitter      (TIJ):    0.000ns
    Discrete Jitter          (DJ):    0.000ns
    Phase Error              (PE):    0.000ns

    Location             Delay type                Incr(ns)  Path(ns)    Netlist Resource(s)
  -------------------------------------------------------------------    -------------------
                         (clock clk rise edge)        0.000     0.000 r
                                                      0.000     0.000 r  clk (IN)
                         net (fo=201, unset)          0.787     0.787    clk
                         FDRE                                         r  nco_reg[4]/C
  -------------------------------------------------------------------    -------------------
                         FDRE (Prop_fdre_C_Q)         0.303     1.090 r  nco_reg[4]/Q
                         net (fo=6, unplaced)         0.394     1.484    mu_raw[6]
                         LUT2 (Prop_lut2_I0_O)        0.252     1.736 r  mu_di_i_37/O
                         net (fo=1, unplaced)         0.000     1.736    mu_di_i_37_n_0
                         CARRY4 (Prop_carry4_DI[0]_CO[3])
                                                      0.477     2.213 r  mu_di_i_26/CO[3]
                         net (fo=1, unplaced)         0.008     2.221    mu_di_i_26_n_0
                         CARRY4 (Prop_carry4_CI_CO[3])
                                                      0.100     2.321 r  mu_di_i_17/CO[3]
                         net (fo=1, unplaced)         0.000     2.321    mu_di_i_17_n_0
                         CARRY4 (Prop_carry4_CI_CO[3])
                                                      0.100     2.421 r  mu_di_i_14/CO[3]
                         net (fo=1, unplaced)         0.000     2.421    mu_di_i_14_n_0
                         CARRY4 (Prop_carry4_CI_CO[0])
                                                      0.238     2.659 f  mu_di_i_13/CO[0]
                         net (fo=23, unplaced)        0.303     2.962    mu1
                         LUT2 (Prop_lut2_I1_O)        0.297     3.259 r  mu_di_i_2/O
                         net (fo=4, unplaced)         0.646     3.905    mu_di_i_2_n_0
                         DSP48E1 (Prop_dsp48e1_B[17]_P[17])
                                                      3.076     6.981 r  mu_di/P[17]
                         net (fo=1, unplaced)         0.646     7.626    mu_di_n_88
                         LUT2 (Prop_lut2_I1_O)        0.105     7.731 r  out_i[3]_i_5/O
                         net (fo=1, unplaced)         0.000     7.731    out_i[3]_i_5_n_0
                         CARRY4 (Prop_carry4_S[1]_CO[3])
                                                      0.444     8.175 r  out_i_reg[3]_i_2/CO[3]
                         net (fo=1, unplaced)         0.008     8.183    out_i_reg[3]_i_2_n_0
                         CARRY4 (Prop_carry4_CI_CO[3])
                                                      0.100     8.283 r  out_i_reg[7]_i_2/CO[3]
                         net (fo=1, unplaced)         0.000     8.283    out_i_reg[7]_i_2_n_0
                         CARRY4 (Prop_carry4_CI_CO[3])
                                                      0.100     8.383 r  out_i_reg[11]_i_2/CO[3]
                         net (fo=1, unplaced)         0.000     8.383    out_i_reg[11]_i_2_n_0
                         CARRY4 (Prop_carry4_CI_O[3])
                                                      0.277     8.660 f  out_i_reg[15]_i_3/O[3]
                         net (fo=9, unplaced)         0.560     9.220    out_i_reg[15]_i_3_n_4
                         LUT1 (Prop_lut1_I0_O)        0.250     9.470 r  out_i[15]_i_34/O
                         net (fo=1, unplaced)         0.000     9.470    out_i[15]_i_34_n_0
                         CARRY4 (Prop_carry4_DI[0]_CO[3])
                                                      0.477     9.947 r  out_i_reg[15]_i_23/CO[3]
                         net (fo=1, unplaced)         0.008     9.955    out_i_reg[15]_i_23_n_0
                         CARRY4 (Prop_carry4_CI_CO[3])
                                                      0.100    10.055 r  out_i_reg[15]_i_14/CO[3]
                         net (fo=1, unplaced)         0.000    10.055    out_i_reg[15]_i_14_n_0
                         CARRY4 (Prop_carry4_CI_CO[0])
                                                      0.238    10.293 f  out_i_reg[15]_i_4/CO[0]
                         net (fo=80, unplaced)        0.456    10.749    y_i2
                         LUT3 (Prop_lut3_I0_O)        0.317    11.066 r  w_step[10]_i_89/O
                         net (fo=1, unplaced)         0.000    11.066    w_step[10]_i_89_n_0
                         CARRY4 (Prop_carry4_DI[0]_CO[3])
                                                      0.477    11.543 r  w_step_reg[10]_i_69/CO[3]
                         net (fo=1, unplaced)         0.008    11.551    w_step_reg[10]_i_69_n_0
                         CARRY4 (Prop_carry4_CI_CO[3])
                                                      0.100    11.651 r  w_step_reg[10]_i_51/CO[3]
                         net (fo=1, unplaced)         0.000    11.651    w_step_reg[10]_i_51_n_0
                         CARRY4 (Prop_carry4_CI_CO[3])
                                                      0.100    11.751 r  w_step_reg[10]_i_37/CO[3]
                         net (fo=1, unplaced)         0.000    11.751    w_step_reg[10]_i_37_n_0
                         CARRY4 (Prop_carry4_CI_CO[3])
                                                      0.100    11.851 r  w_step_reg[10]_i_24/CO[3]
                         net (fo=1, unplaced)         0.000    11.851    w_step_reg[10]_i_24_n_0
                         CARRY4 (Prop_carry4_CI_CO[0])
                                                      0.238    12.089 r  w_step_reg[10]_i_13/CO[0]
                         net (fo=43, unplaced)        0.897    12.986    w_step_reg[10]_i_13_n_3
                         CARRY4 (Prop_carry4_S[3]_CO[3])
                                                      0.611    13.597 r  w_step_reg[10]_i_25/CO[3]
                         net (fo=1, unplaced)         0.000    13.597    w_step_reg[10]_i_25_n_0
                         CARRY4 (Prop_carry4_CI_CO[3])
                                                      0.100    13.697 r  w_step_reg[10]_i_14/CO[3]
                         net (fo=28, unplaced)        0.838    14.535    sgn_dy1
                         LUT5 (Prop_lut5_I1_O)        0.105    14.640 r  w_step[6]_i_4/O
                         net (fo=1, unplaced)         0.000    14.640    w_step[6]_i_4_n_0
                         CARRY4 (Prop_carry4_S[1]_CO[3])
                                                      0.444    15.084 r  w_step_reg[6]_i_1/CO[3]
                         net (fo=1, unplaced)         0.008    15.092    w_step_reg[6]_i_1_n_0
                         CARRY4 (Prop_carry4_CI_CO[3])
                                                      0.100    15.192 r  w_step_reg[10]_i_3/CO[3]
                         net (fo=1, unplaced)         0.000    15.192    w_step_reg[10]_i_3_n_0
                         CARRY4 (Prop_carry4_CI_CO[3])
                                                      0.100    15.292 r  w_step_reg[14]_i_6/CO[3]
                         net (fo=1, unplaced)         0.000    15.292    w_step_reg[14]_i_6_n_0
                         CARRY4 (Prop_carry4_CI_O[1])
                                                      0.269    15.561 r  w_step_reg[18]_i_2/O[1]
                         net (fo=1, unplaced)         0.564    16.125    integ_next[16]
                         CARRY4 (Prop_carry4_S[1]_CO[3])
                                                      0.689    16.814 r  w_step_reg[18]_i_1/CO[3]
                         net (fo=1, unplaced)         0.000    16.814    w_step_reg[18]_i_1_n_0
                         CARRY4 (Prop_carry4_CI_O[1])
                                                      0.269    17.083 f  w_step_reg[22]_i_1/O[1]
                         net (fo=4, unplaced)         0.496    17.579    w_unclamped[20]
                         LUT2 (Prop_lut2_I0_O)        0.245    17.824 r  w_step[14]_i_21/O
                         net (fo=1, unplaced)         0.000    17.824    w_step[14]_i_21_n_0
                         CARRY4 (Prop_carry4_S[1]_CO[3])
                                                      0.444    18.268 r  w_step_reg[14]_i_11/CO[3]
                         net (fo=1, unplaced)         0.000    18.268    w_step_reg[14]_i_11_n_0
                         CARRY4 (Prop_carry4_CI_CO[2])
                                                      0.211    18.479 r  w_step_reg[14]_i_4/CO[2]
                         net (fo=5, unplaced)         0.358    18.837    w_clamped1
                         LUT4 (Prop_lut4_I2_O)        0.252    19.089 r  w_step[31]_i_1/O
                         net (fo=17, unplaced)        0.700    19.789    w_step[31]_i_1_n_0
                         FDRE                                         r  w_step_reg[18]/R
  -------------------------------------------------------------------    -------------------

                         (clock clk rise edge)       10.000    10.000 r
                                                      0.000    10.000 r  clk (IN)
                         net (fo=201, unset)          0.748    10.748    clk
                         FDRE                                         r  w_step_reg[18]/C
                         clock pessimism              0.000    10.748
                         clock uncertainty           -0.035    10.712
                         FDRE (Setup_fdre_C_R)       -0.527    10.185    w_step_reg[18]
  -------------------------------------------------------------------
                         required time                         10.185
                         arrival time                         -19.789
  -------------------------------------------------------------------
                         slack                                 -9.604

Slack (VIOLATED) :        -9.604ns  (required time - arrival time)
  Source:                 nco_reg[4]/C
                            (rising edge-triggered cell FDRE clocked by clk  {rise@0.000ns fall@5.000ns period=10.000ns})
  Destination:            w_step_reg[19]/R
                            (rising edge-triggered cell FDRE clocked by clk  {rise@0.000ns fall@5.000ns period=10.000ns})
  Path Group:             clk
  Path Type:              Setup (Max at Slow Process Corner)
  Requirement:            10.000ns  (clk rise@10.000ns - clk rise@0.000ns)
  Data Path Delay:        19.002ns  (logic 12.105ns (63.703%)  route 6.897ns (36.297%))
  Logic Levels:           35  (CARRY4=26 DSP48E1=1 LUT1=1 LUT2=4 LUT3=1 LUT4=1 LUT5=1)
  Clock Path Skew:        -0.039ns (DCD - SCD + CPR)
    Destination Clock Delay (DCD):    0.748ns = ( 10.748 - 10.000 )
    Source Clock Delay      (SCD):    0.787ns
    Clock Pessimism Removal (CPR):    0.000ns
  Clock Uncertainty:      0.035ns  ((TSJ^2 + TIJ^2)^1/2 + DJ) / 2 + PE
    Total System Jitter     (TSJ):    0.071ns
    Total Input Jitter      (TIJ):    0.000ns
    Discrete Jitter          (DJ):    0.000ns
    Phase Error              (PE):    0.000ns

    Location             Delay type                Incr(ns)  Path(ns)    Netlist Resource(s)
  -------------------------------------------------------------------    -------------------
                         (clock clk rise edge)        0.000     0.000 r
                                                      0.000     0.000 r  clk (IN)
                         net (fo=201, unset)          0.787     0.787    clk
                         FDRE                                         r  nco_reg[4]/C
  -------------------------------------------------------------------    -------------------
                         FDRE (Prop_fdre_C_Q)         0.303     1.090 r  nco_reg[4]/Q
                         net (fo=6, unplaced)         0.394     1.484    mu_raw[6]
                         LUT2 (Prop_lut2_I0_O)        0.252     1.736 r  mu_di_i_37/O
                         net (fo=1, unplaced)         0.000     1.736    mu_di_i_37_n_0
                         CARRY4 (Prop_carry4_DI[0]_CO[3])
                                                      0.477     2.213 r  mu_di_i_26/CO[3]
                         net (fo=1, unplaced)         0.008     2.221    mu_di_i_26_n_0
                         CARRY4 (Prop_carry4_CI_CO[3])
                                                      0.100     2.321 r  mu_di_i_17/CO[3]
                         net (fo=1, unplaced)         0.000     2.321    mu_di_i_17_n_0
                         CARRY4 (Prop_carry4_CI_CO[3])
                                                      0.100     2.421 r  mu_di_i_14/CO[3]
                         net (fo=1, unplaced)         0.000     2.421    mu_di_i_14_n_0
                         CARRY4 (Prop_carry4_CI_CO[0])
                                                      0.238     2.659 f  mu_di_i_13/CO[0]
                         net (fo=23, unplaced)        0.303     2.962    mu1
                         LUT2 (Prop_lut2_I1_O)        0.297     3.259 r  mu_di_i_2/O
                         net (fo=4, unplaced)         0.646     3.905    mu_di_i_2_n_0
                         DSP48E1 (Prop_dsp48e1_B[17]_P[17])
                                                      3.076     6.981 r  mu_di/P[17]
                         net (fo=1, unplaced)         0.646     7.626    mu_di_n_88
                         LUT2 (Prop_lut2_I1_O)        0.105     7.731 r  out_i[3]_i_5/O
                         net (fo=1, unplaced)         0.000     7.731    out_i[3]_i_5_n_0
                         CARRY4 (Prop_carry4_S[1]_CO[3])
                                                      0.444     8.175 r  out_i_reg[3]_i_2/CO[3]
                         net (fo=1, unplaced)         0.008     8.183    out_i_reg[3]_i_2_n_0
                         CARRY4 (Prop_carry4_CI_CO[3])
                                                      0.100     8.283 r  out_i_reg[7]_i_2/CO[3]
                         net (fo=1, unplaced)         0.000     8.283    out_i_reg[7]_i_2_n_0
                         CARRY4 (Prop_carry4_CI_CO[3])
                                                      0.100     8.383 r  out_i_reg[11]_i_2/CO[3]
                         net (fo=1, unplaced)         0.000     8.383    out_i_reg[11]_i_2_n_0
                         CARRY4 (Prop_carry4_CI_O[3])
                                                      0.277     8.660 f  out_i_reg[15]_i_3/O[3]
                         net (fo=9, unplaced)         0.560     9.220    out_i_reg[15]_i_3_n_4
                         LUT1 (Prop_lut1_I0_O)        0.250     9.470 r  out_i[15]_i_34/O
                         net (fo=1, unplaced)         0.000     9.470    out_i[15]_i_34_n_0
                         CARRY4 (Prop_carry4_DI[0]_CO[3])
                                                      0.477     9.947 r  out_i_reg[15]_i_23/CO[3]
                         net (fo=1, unplaced)         0.008     9.955    out_i_reg[15]_i_23_n_0
                         CARRY4 (Prop_carry4_CI_CO[3])
                                                      0.100    10.055 r  out_i_reg[15]_i_14/CO[3]
                         net (fo=1, unplaced)         0.000    10.055    out_i_reg[15]_i_14_n_0
                         CARRY4 (Prop_carry4_CI_CO[0])
                                                      0.238    10.293 f  out_i_reg[15]_i_4/CO[0]
                         net (fo=80, unplaced)        0.456    10.749    y_i2
                         LUT3 (Prop_lut3_I0_O)        0.317    11.066 r  w_step[10]_i_89/O
                         net (fo=1, unplaced)         0.000    11.066    w_step[10]_i_89_n_0
                         CARRY4 (Prop_carry4_DI[0]_CO[3])
                                                      0.477    11.543 r  w_step_reg[10]_i_69/CO[3]
                         net (fo=1, unplaced)         0.008    11.551    w_step_reg[10]_i_69_n_0
                         CARRY4 (Prop_carry4_CI_CO[3])
                                                      0.100    11.651 r  w_step_reg[10]_i_51/CO[3]
                         net (fo=1, unplaced)         0.000    11.651    w_step_reg[10]_i_51_n_0
                         CARRY4 (Prop_carry4_CI_CO[3])
                                                      0.100    11.751 r  w_step_reg[10]_i_37/CO[3]
                         net (fo=1, unplaced)         0.000    11.751    w_step_reg[10]_i_37_n_0
                         CARRY4 (Prop_carry4_CI_CO[3])
                                                      0.100    11.851 r  w_step_reg[10]_i_24/CO[3]
                         net (fo=1, unplaced)         0.000    11.851    w_step_reg[10]_i_24_n_0
                         CARRY4 (Prop_carry4_CI_CO[0])
                                                      0.238    12.089 r  w_step_reg[10]_i_13/CO[0]
                         net (fo=43, unplaced)        0.897    12.986    w_step_reg[10]_i_13_n_3
                         CARRY4 (Prop_carry4_S[3]_CO[3])
                                                      0.611    13.597 r  w_step_reg[10]_i_25/CO[3]
                         net (fo=1, unplaced)         0.000    13.597    w_step_reg[10]_i_25_n_0
                         CARRY4 (Prop_carry4_CI_CO[3])
                                                      0.100    13.697 r  w_step_reg[10]_i_14/CO[3]
                         net (fo=28, unplaced)        0.838    14.535    sgn_dy1
                         LUT5 (Prop_lut5_I1_O)        0.105    14.640 r  w_step[6]_i_4/O
                         net (fo=1, unplaced)         0.000    14.640    w_step[6]_i_4_n_0
                         CARRY4 (Prop_carry4_S[1]_CO[3])
                                                      0.444    15.084 r  w_step_reg[6]_i_1/CO[3]
                         net (fo=1, unplaced)         0.008    15.092    w_step_reg[6]_i_1_n_0
                         CARRY4 (Prop_carry4_CI_CO[3])
                                                      0.100    15.192 r  w_step_reg[10]_i_3/CO[3]
                         net (fo=1, unplaced)         0.000    15.192    w_step_reg[10]_i_3_n_0
                         CARRY4 (Prop_carry4_CI_CO[3])
                                                      0.100    15.292 r  w_step_reg[14]_i_6/CO[3]
                         net (fo=1, unplaced)         0.000    15.292    w_step_reg[14]_i_6_n_0
                         CARRY4 (Prop_carry4_CI_O[1])
                                                      0.269    15.561 r  w_step_reg[18]_i_2/O[1]
                         net (fo=1, unplaced)         0.564    16.125    integ_next[16]
                         CARRY4 (Prop_carry4_S[1]_CO[3])
                                                      0.689    16.814 r  w_step_reg[18]_i_1/CO[3]
                         net (fo=1, unplaced)         0.000    16.814    w_step_reg[18]_i_1_n_0
                         CARRY4 (Prop_carry4_CI_O[1])
                                                      0.269    17.083 f  w_step_reg[22]_i_1/O[1]
                         net (fo=4, unplaced)         0.496    17.579    w_unclamped[20]
                         LUT2 (Prop_lut2_I0_O)        0.245    17.824 r  w_step[14]_i_21/O
                         net (fo=1, unplaced)         0.000    17.824    w_step[14]_i_21_n_0
                         CARRY4 (Prop_carry4_S[1]_CO[3])
                                                      0.444    18.268 r  w_step_reg[14]_i_11/CO[3]
                         net (fo=1, unplaced)         0.000    18.268    w_step_reg[14]_i_11_n_0
                         CARRY4 (Prop_carry4_CI_CO[2])
                                                      0.211    18.479 r  w_step_reg[14]_i_4/CO[2]
                         net (fo=5, unplaced)         0.358    18.837    w_clamped1
                         LUT4 (Prop_lut4_I2_O)        0.252    19.089 r  w_step[31]_i_1/O
                         net (fo=17, unplaced)        0.700    19.789    w_step[31]_i_1_n_0
                         FDRE                                         r  w_step_reg[19]/R
  -------------------------------------------------------------------    -------------------

                         (clock clk rise edge)       10.000    10.000 r
                                                      0.000    10.000 r  clk (IN)
                         net (fo=201, unset)          0.748    10.748    clk
                         FDRE                                         r  w_step_reg[19]/C
                         clock pessimism              0.000    10.748
                         clock uncertainty           -0.035    10.712
                         FDRE (Setup_fdre_C_R)       -0.527    10.185    w_step_reg[19]
  -------------------------------------------------------------------
                         required time                         10.185
                         arrival time                         -19.789
  -------------------------------------------------------------------
                         slack                                 -9.604

Slack (VIOLATED) :        -9.604ns  (required time - arrival time)
  Source:                 nco_reg[4]/C
                            (rising edge-triggered cell FDRE clocked by clk  {rise@0.000ns fall@5.000ns period=10.000ns})
  Destination:            w_step_reg[20]/R
                            (rising edge-triggered cell FDRE clocked by clk  {rise@0.000ns fall@5.000ns period=10.000ns})
  Path Group:             clk
  Path Type:              Setup (Max at Slow Process Corner)
  Requirement:            10.000ns  (clk rise@10.000ns - clk rise@0.000ns)
  Data Path Delay:        19.002ns  (logic 12.105ns (63.703%)  route 6.897ns (36.297%))
  Logic Levels:           35  (CARRY4=26 DSP48E1=1 LUT1=1 LUT2=4 LUT3=1 LUT4=1 LUT5=1)
  Clock Path Skew:        -0.039ns (DCD - SCD + CPR)
    Destination Clock Delay (DCD):    0.748ns = ( 10.748 - 10.000 )
    Source Clock Delay      (SCD):    0.787ns
    Clock Pessimism Removal (CPR):    0.000ns
  Clock Uncertainty:      0.035ns  ((TSJ^2 + TIJ^2)^1/2 + DJ) / 2 + PE
    Total System Jitter     (TSJ):    0.071ns
    Total Input Jitter      (TIJ):    0.000ns
    Discrete Jitter          (DJ):    0.000ns
    Phase Error              (PE):    0.000ns

    Location             Delay type                Incr(ns)  Path(ns)    Netlist Resource(s)
  -------------------------------------------------------------------    -------------------
                         (clock clk rise edge)        0.000     0.000 r
                                                      0.000     0.000 r  clk (IN)
                         net (fo=201, unset)          0.787     0.787    clk
                         FDRE                                         r  nco_reg[4]/C
  -------------------------------------------------------------------    -------------------
                         FDRE (Prop_fdre_C_Q)         0.303     1.090 r  nco_reg[4]/Q
                         net (fo=6, unplaced)         0.394     1.484    mu_raw[6]
                         LUT2 (Prop_lut2_I0_O)        0.252     1.736 r  mu_di_i_37/O
                         net (fo=1, unplaced)         0.000     1.736    mu_di_i_37_n_0
                         CARRY4 (Prop_carry4_DI[0]_CO[3])
                                                      0.477     2.213 r  mu_di_i_26/CO[3]
                         net (fo=1, unplaced)         0.008     2.221    mu_di_i_26_n_0
                         CARRY4 (Prop_carry4_CI_CO[3])
                                                      0.100     2.321 r  mu_di_i_17/CO[3]
                         net (fo=1, unplaced)         0.000     2.321    mu_di_i_17_n_0
                         CARRY4 (Prop_carry4_CI_CO[3])
                                                      0.100     2.421 r  mu_di_i_14/CO[3]
                         net (fo=1, unplaced)         0.000     2.421    mu_di_i_14_n_0
                         CARRY4 (Prop_carry4_CI_CO[0])
                                                      0.238     2.659 f  mu_di_i_13/CO[0]
                         net (fo=23, unplaced)        0.303     2.962    mu1
                         LUT2 (Prop_lut2_I1_O)        0.297     3.259 r  mu_di_i_2/O
                         net (fo=4, unplaced)         0.646     3.905    mu_di_i_2_n_0
                         DSP48E1 (Prop_dsp48e1_B[17]_P[17])
                                                      3.076     6.981 r  mu_di/P[17]
                         net (fo=1, unplaced)         0.646     7.626    mu_di_n_88
                         LUT2 (Prop_lut2_I1_O)        0.105     7.731 r  out_i[3]_i_5/O
                         net (fo=1, unplaced)         0.000     7.731    out_i[3]_i_5_n_0
                         CARRY4 (Prop_carry4_S[1]_CO[3])
                                                      0.444     8.175 r  out_i_reg[3]_i_2/CO[3]
                         net (fo=1, unplaced)         0.008     8.183    out_i_reg[3]_i_2_n_0
                         CARRY4 (Prop_carry4_CI_CO[3])
                                                      0.100     8.283 r  out_i_reg[7]_i_2/CO[3]
                         net (fo=1, unplaced)         0.000     8.283    out_i_reg[7]_i_2_n_0
                         CARRY4 (Prop_carry4_CI_CO[3])
                                                      0.100     8.383 r  out_i_reg[11]_i_2/CO[3]
                         net (fo=1, unplaced)         0.000     8.383    out_i_reg[11]_i_2_n_0
                         CARRY4 (Prop_carry4_CI_O[3])
                                                      0.277     8.660 f  out_i_reg[15]_i_3/O[3]
                         net (fo=9, unplaced)         0.560     9.220    out_i_reg[15]_i_3_n_4
                         LUT1 (Prop_lut1_I0_O)        0.250     9.470 r  out_i[15]_i_34/O
                         net (fo=1, unplaced)         0.000     9.470    out_i[15]_i_34_n_0
                         CARRY4 (Prop_carry4_DI[0]_CO[3])
                                                      0.477     9.947 r  out_i_reg[15]_i_23/CO[3]
                         net (fo=1, unplaced)         0.008     9.955    out_i_reg[15]_i_23_n_0
                         CARRY4 (Prop_carry4_CI_CO[3])
                                                      0.100    10.055 r  out_i_reg[15]_i_14/CO[3]
                         net (fo=1, unplaced)         0.000    10.055    out_i_reg[15]_i_14_n_0
                         CARRY4 (Prop_carry4_CI_CO[0])
                                                      0.238    10.293 f  out_i_reg[15]_i_4/CO[0]
                         net (fo=80, unplaced)        0.456    10.749    y_i2
                         LUT3 (Prop_lut3_I0_O)        0.317    11.066 r  w_step[10]_i_89/O
                         net (fo=1, unplaced)         0.000    11.066    w_step[10]_i_89_n_0
                         CARRY4 (Prop_carry4_DI[0]_CO[3])
                                                      0.477    11.543 r  w_step_reg[10]_i_69/CO[3]
                         net (fo=1, unplaced)         0.008    11.551    w_step_reg[10]_i_69_n_0
                         CARRY4 (Prop_carry4_CI_CO[3])
                                                      0.100    11.651 r  w_step_reg[10]_i_51/CO[3]
                         net (fo=1, unplaced)         0.000    11.651    w_step_reg[10]_i_51_n_0
                         CARRY4 (Prop_carry4_CI_CO[3])
                                                      0.100    11.751 r  w_step_reg[10]_i_37/CO[3]
                         net (fo=1, unplaced)         0.000    11.751    w_step_reg[10]_i_37_n_0
                         CARRY4 (Prop_carry4_CI_CO[3])
                                                      0.100    11.851 r  w_step_reg[10]_i_24/CO[3]
                         net (fo=1, unplaced)         0.000    11.851    w_step_reg[10]_i_24_n_0
                         CARRY4 (Prop_carry4_CI_CO[0])
                                                      0.238    12.089 r  w_step_reg[10]_i_13/CO[0]
                         net (fo=43, unplaced)        0.897    12.986    w_step_reg[10]_i_13_n_3
                         CARRY4 (Prop_carry4_S[3]_CO[3])
                                                      0.611    13.597 r  w_step_reg[10]_i_25/CO[3]
                         net (fo=1, unplaced)         0.000    13.597    w_step_reg[10]_i_25_n_0
                         CARRY4 (Prop_carry4_CI_CO[3])
                                                      0.100    13.697 r  w_step_reg[10]_i_14/CO[3]
                         net (fo=28, unplaced)        0.838    14.535    sgn_dy1
                         LUT5 (Prop_lut5_I1_O)        0.105    14.640 r  w_step[6]_i_4/O
                         net (fo=1, unplaced)         0.000    14.640    w_step[6]_i_4_n_0
                         CARRY4 (Prop_carry4_S[1]_CO[3])
                                                      0.444    15.084 r  w_step_reg[6]_i_1/CO[3]
                         net (fo=1, unplaced)         0.008    15.092    w_step_reg[6]_i_1_n_0
                         CARRY4 (Prop_carry4_CI_CO[3])
                                                      0.100    15.192 r  w_step_reg[10]_i_3/CO[3]
                         net (fo=1, unplaced)         0.000    15.192    w_step_reg[10]_i_3_n_0
                         CARRY4 (Prop_carry4_CI_CO[3])
                                                      0.100    15.292 r  w_step_reg[14]_i_6/CO[3]
                         net (fo=1, unplaced)         0.000    15.292    w_step_reg[14]_i_6_n_0
                         CARRY4 (Prop_carry4_CI_O[1])
                                                      0.269    15.561 r  w_step_reg[18]_i_2/O[1]
                         net (fo=1, unplaced)         0.564    16.125    integ_next[16]
                         CARRY4 (Prop_carry4_S[1]_CO[3])
                                                      0.689    16.814 r  w_step_reg[18]_i_1/CO[3]
                         net (fo=1, unplaced)         0.000    16.814    w_step_reg[18]_i_1_n_0
                         CARRY4 (Prop_carry4_CI_O[1])
                                                      0.269    17.083 f  w_step_reg[22]_i_1/O[1]
                         net (fo=4, unplaced)         0.496    17.579    w_unclamped[20]
                         LUT2 (Prop_lut2_I0_O)        0.245    17.824 r  w_step[14]_i_21/O
                         net (fo=1, unplaced)         0.000    17.824    w_step[14]_i_21_n_0
                         CARRY4 (Prop_carry4_S[1]_CO[3])
                                                      0.444    18.268 r  w_step_reg[14]_i_11/CO[3]
                         net (fo=1, unplaced)         0.000    18.268    w_step_reg[14]_i_11_n_0
                         CARRY4 (Prop_carry4_CI_CO[2])
                                                      0.211    18.479 r  w_step_reg[14]_i_4/CO[2]
                         net (fo=5, unplaced)         0.358    18.837    w_clamped1
                         LUT4 (Prop_lut4_I2_O)        0.252    19.089 r  w_step[31]_i_1/O
                         net (fo=17, unplaced)        0.700    19.789    w_step[31]_i_1_n_0
                         FDRE                                         r  w_step_reg[20]/R
  -------------------------------------------------------------------    -------------------

                         (clock clk rise edge)       10.000    10.000 r
                                                      0.000    10.000 r  clk (IN)
                         net (fo=201, unset)          0.748    10.748    clk
                         FDRE                                         r  w_step_reg[20]/C
                         clock pessimism              0.000    10.748
                         clock uncertainty           -0.035    10.712
                         FDRE (Setup_fdre_C_R)       -0.527    10.185    w_step_reg[20]
  -------------------------------------------------------------------
                         required time                         10.185
                         arrival time                         -19.789
  -------------------------------------------------------------------
                         slack                                 -9.604

Slack (VIOLATED) :        -9.604ns  (required time - arrival time)
  Source:                 nco_reg[4]/C
                            (rising edge-triggered cell FDRE clocked by clk  {rise@0.000ns fall@5.000ns period=10.000ns})
  Destination:            w_step_reg[21]/R
                            (rising edge-triggered cell FDRE clocked by clk  {rise@0.000ns fall@5.000ns period=10.000ns})
  Path Group:             clk
  Path Type:              Setup (Max at Slow Process Corner)
  Requirement:            10.000ns  (clk rise@10.000ns - clk rise@0.000ns)
  Data Path Delay:        19.002ns  (logic 12.105ns (63.703%)  route 6.897ns (36.297%))
  Logic Levels:           35  (CARRY4=26 DSP48E1=1 LUT1=1 LUT2=4 LUT3=1 LUT4=1 LUT5=1)
  Clock Path Skew:        -0.039ns (DCD - SCD + CPR)
    Destination Clock Delay (DCD):    0.748ns = ( 10.748 - 10.000 )
    Source Clock Delay      (SCD):    0.787ns
    Clock Pessimism Removal (CPR):    0.000ns
  Clock Uncertainty:      0.035ns  ((TSJ^2 + TIJ^2)^1/2 + DJ) / 2 + PE
    Total System Jitter     (TSJ):    0.071ns
    Total Input Jitter      (TIJ):    0.000ns
    Discrete Jitter          (DJ):    0.000ns
    Phase Error              (PE):    0.000ns

    Location             Delay type                Incr(ns)  Path(ns)    Netlist Resource(s)
  -------------------------------------------------------------------    -------------------
                         (clock clk rise edge)        0.000     0.000 r
                                                      0.000     0.000 r  clk (IN)
                         net (fo=201, unset)          0.787     0.787    clk
                         FDRE                                         r  nco_reg[4]/C
  -------------------------------------------------------------------    -------------------
                         FDRE (Prop_fdre_C_Q)         0.303     1.090 r  nco_reg[4]/Q
                         net (fo=6, unplaced)         0.394     1.484    mu_raw[6]
                         LUT2 (Prop_lut2_I0_O)        0.252     1.736 r  mu_di_i_37/O
                         net (fo=1, unplaced)         0.000     1.736    mu_di_i_37_n_0
                         CARRY4 (Prop_carry4_DI[0]_CO[3])
                                                      0.477     2.213 r  mu_di_i_26/CO[3]
                         net (fo=1, unplaced)         0.008     2.221    mu_di_i_26_n_0
                         CARRY4 (Prop_carry4_CI_CO[3])
                                                      0.100     2.321 r  mu_di_i_17/CO[3]
                         net (fo=1, unplaced)         0.000     2.321    mu_di_i_17_n_0
                         CARRY4 (Prop_carry4_CI_CO[3])
                                                      0.100     2.421 r  mu_di_i_14/CO[3]
                         net (fo=1, unplaced)         0.000     2.421    mu_di_i_14_n_0
                         CARRY4 (Prop_carry4_CI_CO[0])
                                                      0.238     2.659 f  mu_di_i_13/CO[0]
                         net (fo=23, unplaced)        0.303     2.962    mu1
                         LUT2 (Prop_lut2_I1_O)        0.297     3.259 r  mu_di_i_2/O
                         net (fo=4, unplaced)         0.646     3.905    mu_di_i_2_n_0
                         DSP48E1 (Prop_dsp48e1_B[17]_P[17])
                                                      3.076     6.981 r  mu_di/P[17]
                         net (fo=1, unplaced)         0.646     7.626    mu_di_n_88
                         LUT2 (Prop_lut2_I1_O)        0.105     7.731 r  out_i[3]_i_5/O
                         net (fo=1, unplaced)         0.000     7.731    out_i[3]_i_5_n_0
                         CARRY4 (Prop_carry4_S[1]_CO[3])
                                                      0.444     8.175 r  out_i_reg[3]_i_2/CO[3]
                         net (fo=1, unplaced)         0.008     8.183    out_i_reg[3]_i_2_n_0
                         CARRY4 (Prop_carry4_CI_CO[3])
                                                      0.100     8.283 r  out_i_reg[7]_i_2/CO[3]
                         net (fo=1, unplaced)         0.000     8.283    out_i_reg[7]_i_2_n_0
                         CARRY4 (Prop_carry4_CI_CO[3])
                                                      0.100     8.383 r  out_i_reg[11]_i_2/CO[3]
                         net (fo=1, unplaced)         0.000     8.383    out_i_reg[11]_i_2_n_0
                         CARRY4 (Prop_carry4_CI_O[3])
                                                      0.277     8.660 f  out_i_reg[15]_i_3/O[3]
                         net (fo=9, unplaced)         0.560     9.220    out_i_reg[15]_i_3_n_4
                         LUT1 (Prop_lut1_I0_O)        0.250     9.470 r  out_i[15]_i_34/O
                         net (fo=1, unplaced)         0.000     9.470    out_i[15]_i_34_n_0
                         CARRY4 (Prop_carry4_DI[0]_CO[3])
                                                      0.477     9.947 r  out_i_reg[15]_i_23/CO[3]
                         net (fo=1, unplaced)         0.008     9.955    out_i_reg[15]_i_23_n_0
                         CARRY4 (Prop_carry4_CI_CO[3])
                                                      0.100    10.055 r  out_i_reg[15]_i_14/CO[3]
                         net (fo=1, unplaced)         0.000    10.055    out_i_reg[15]_i_14_n_0
                         CARRY4 (Prop_carry4_CI_CO[0])
                                                      0.238    10.293 f  out_i_reg[15]_i_4/CO[0]
                         net (fo=80, unplaced)        0.456    10.749    y_i2
                         LUT3 (Prop_lut3_I0_O)        0.317    11.066 r  w_step[10]_i_89/O
                         net (fo=1, unplaced)         0.000    11.066    w_step[10]_i_89_n_0
                         CARRY4 (Prop_carry4_DI[0]_CO[3])
                                                      0.477    11.543 r  w_step_reg[10]_i_69/CO[3]
                         net (fo=1, unplaced)         0.008    11.551    w_step_reg[10]_i_69_n_0
                         CARRY4 (Prop_carry4_CI_CO[3])
                                                      0.100    11.651 r  w_step_reg[10]_i_51/CO[3]
                         net (fo=1, unplaced)         0.000    11.651    w_step_reg[10]_i_51_n_0
                         CARRY4 (Prop_carry4_CI_CO[3])
                                                      0.100    11.751 r  w_step_reg[10]_i_37/CO[3]
                         net (fo=1, unplaced)         0.000    11.751    w_step_reg[10]_i_37_n_0
                         CARRY4 (Prop_carry4_CI_CO[3])
                                                      0.100    11.851 r  w_step_reg[10]_i_24/CO[3]
                         net (fo=1, unplaced)         0.000    11.851    w_step_reg[10]_i_24_n_0
                         CARRY4 (Prop_carry4_CI_CO[0])
                                                      0.238    12.089 r  w_step_reg[10]_i_13/CO[0]
                         net (fo=43, unplaced)        0.897    12.986    w_step_reg[10]_i_13_n_3
                         CARRY4 (Prop_carry4_S[3]_CO[3])
                                                      0.611    13.597 r  w_step_reg[10]_i_25/CO[3]
                         net (fo=1, unplaced)         0.000    13.597    w_step_reg[10]_i_25_n_0
                         CARRY4 (Prop_carry4_CI_CO[3])
                                                      0.100    13.697 r  w_step_reg[10]_i_14/CO[3]
                         net (fo=28, unplaced)        0.838    14.535    sgn_dy1
                         LUT5 (Prop_lut5_I1_O)        0.105    14.640 r  w_step[6]_i_4/O
                         net (fo=1, unplaced)         0.000    14.640    w_step[6]_i_4_n_0
                         CARRY4 (Prop_carry4_S[1]_CO[3])
                                                      0.444    15.084 r  w_step_reg[6]_i_1/CO[3]
                         net (fo=1, unplaced)         0.008    15.092    w_step_reg[6]_i_1_n_0
                         CARRY4 (Prop_carry4_CI_CO[3])
                                                      0.100    15.192 r  w_step_reg[10]_i_3/CO[3]
                         net (fo=1, unplaced)         0.000    15.192    w_step_reg[10]_i_3_n_0
                         CARRY4 (Prop_carry4_CI_CO[3])
                                                      0.100    15.292 r  w_step_reg[14]_i_6/CO[3]
                         net (fo=1, unplaced)         0.000    15.292    w_step_reg[14]_i_6_n_0
                         CARRY4 (Prop_carry4_CI_O[1])
                                                      0.269    15.561 r  w_step_reg[18]_i_2/O[1]
                         net (fo=1, unplaced)         0.564    16.125    integ_next[16]
                         CARRY4 (Prop_carry4_S[1]_CO[3])
                                                      0.689    16.814 r  w_step_reg[18]_i_1/CO[3]
                         net (fo=1, unplaced)         0.000    16.814    w_step_reg[18]_i_1_n_0
                         CARRY4 (Prop_carry4_CI_O[1])
                                                      0.269    17.083 f  w_step_reg[22]_i_1/O[1]
                         net (fo=4, unplaced)         0.496    17.579    w_unclamped[20]
                         LUT2 (Prop_lut2_I0_O)        0.245    17.824 r  w_step[14]_i_21/O
                         net (fo=1, unplaced)         0.000    17.824    w_step[14]_i_21_n_0
                         CARRY4 (Prop_carry4_S[1]_CO[3])
                                                      0.444    18.268 r  w_step_reg[14]_i_11/CO[3]
                         net (fo=1, unplaced)         0.000    18.268    w_step_reg[14]_i_11_n_0
                         CARRY4 (Prop_carry4_CI_CO[2])
                                                      0.211    18.479 r  w_step_reg[14]_i_4/CO[2]
                         net (fo=5, unplaced)         0.358    18.837    w_clamped1
                         LUT4 (Prop_lut4_I2_O)        0.252    19.089 r  w_step[31]_i_1/O
                         net (fo=17, unplaced)        0.700    19.789    w_step[31]_i_1_n_0
                         FDRE                                         r  w_step_reg[21]/R
  -------------------------------------------------------------------    -------------------

                         (clock clk rise edge)       10.000    10.000 r
                                                      0.000    10.000 r  clk (IN)
                         net (fo=201, unset)          0.748    10.748    clk
                         FDRE                                         r  w_step_reg[21]/C
                         clock pessimism              0.000    10.748
                         clock uncertainty           -0.035    10.712
                         FDRE (Setup_fdre_C_R)       -0.527    10.185    w_step_reg[21]
  -------------------------------------------------------------------
                         required time                         10.185
                         arrival time                         -19.789
  -------------------------------------------------------------------
                         slack                                 -9.604

Slack (VIOLATED) :        -9.604ns  (required time - arrival time)
  Source:                 nco_reg[4]/C
                            (rising edge-triggered cell FDRE clocked by clk  {rise@0.000ns fall@5.000ns period=10.000ns})
  Destination:            w_step_reg[22]/R
                            (rising edge-triggered cell FDRE clocked by clk  {rise@0.000ns fall@5.000ns period=10.000ns})
  Path Group:             clk
  Path Type:              Setup (Max at Slow Process Corner)
  Requirement:            10.000ns  (clk rise@10.000ns - clk rise@0.000ns)
  Data Path Delay:        19.002ns  (logic 12.105ns (63.703%)  route 6.897ns (36.297%))
  Logic Levels:           35  (CARRY4=26 DSP48E1=1 LUT1=1 LUT2=4 LUT3=1 LUT4=1 LUT5=1)
  Clock Path Skew:        -0.039ns (DCD - SCD + CPR)
    Destination Clock Delay (DCD):    0.748ns = ( 10.748 - 10.000 )
    Source Clock Delay      (SCD):    0.787ns
    Clock Pessimism Removal (CPR):    0.000ns
  Clock Uncertainty:      0.035ns  ((TSJ^2 + TIJ^2)^1/2 + DJ) / 2 + PE
    Total System Jitter     (TSJ):    0.071ns
    Total Input Jitter      (TIJ):    0.000ns
    Discrete Jitter          (DJ):    0.000ns
    Phase Error              (PE):    0.000ns

    Location             Delay type                Incr(ns)  Path(ns)    Netlist Resource(s)
  -------------------------------------------------------------------    -------------------
                         (clock clk rise edge)        0.000     0.000 r
                                                      0.000     0.000 r  clk (IN)
                         net (fo=201, unset)          0.787     0.787    clk
                         FDRE                                         r  nco_reg[4]/C
  -------------------------------------------------------------------    -------------------
                         FDRE (Prop_fdre_C_Q)         0.303     1.090 r  nco_reg[4]/Q
                         net (fo=6, unplaced)         0.394     1.484    mu_raw[6]
                         LUT2 (Prop_lut2_I0_O)        0.252     1.736 r  mu_di_i_37/O
                         net (fo=1, unplaced)         0.000     1.736    mu_di_i_37_n_0
                         CARRY4 (Prop_carry4_DI[0]_CO[3])
                                                      0.477     2.213 r  mu_di_i_26/CO[3]
                         net (fo=1, unplaced)         0.008     2.221    mu_di_i_26_n_0
                         CARRY4 (Prop_carry4_CI_CO[3])
                                                      0.100     2.321 r  mu_di_i_17/CO[3]
                         net (fo=1, unplaced)         0.000     2.321    mu_di_i_17_n_0
                         CARRY4 (Prop_carry4_CI_CO[3])
                                                      0.100     2.421 r  mu_di_i_14/CO[3]
                         net (fo=1, unplaced)         0.000     2.421    mu_di_i_14_n_0
                         CARRY4 (Prop_carry4_CI_CO[0])
                                                      0.238     2.659 f  mu_di_i_13/CO[0]
                         net (fo=23, unplaced)        0.303     2.962    mu1
                         LUT2 (Prop_lut2_I1_O)        0.297     3.259 r  mu_di_i_2/O
                         net (fo=4, unplaced)         0.646     3.905    mu_di_i_2_n_0
                         DSP48E1 (Prop_dsp48e1_B[17]_P[17])
                                                      3.076     6.981 r  mu_di/P[17]
                         net (fo=1, unplaced)         0.646     7.626    mu_di_n_88
                         LUT2 (Prop_lut2_I1_O)        0.105     7.731 r  out_i[3]_i_5/O
                         net (fo=1, unplaced)         0.000     7.731    out_i[3]_i_5_n_0
                         CARRY4 (Prop_carry4_S[1]_CO[3])
                                                      0.444     8.175 r  out_i_reg[3]_i_2/CO[3]
                         net (fo=1, unplaced)         0.008     8.183    out_i_reg[3]_i_2_n_0
                         CARRY4 (Prop_carry4_CI_CO[3])
                                                      0.100     8.283 r  out_i_reg[7]_i_2/CO[3]
                         net (fo=1, unplaced)         0.000     8.283    out_i_reg[7]_i_2_n_0
                         CARRY4 (Prop_carry4_CI_CO[3])
                                                      0.100     8.383 r  out_i_reg[11]_i_2/CO[3]
                         net (fo=1, unplaced)         0.000     8.383    out_i_reg[11]_i_2_n_0
                         CARRY4 (Prop_carry4_CI_O[3])
                                                      0.277     8.660 f  out_i_reg[15]_i_3/O[3]
                         net (fo=9, unplaced)         0.560     9.220    out_i_reg[15]_i_3_n_4
                         LUT1 (Prop_lut1_I0_O)        0.250     9.470 r  out_i[15]_i_34/O
                         net (fo=1, unplaced)         0.000     9.470    out_i[15]_i_34_n_0
                         CARRY4 (Prop_carry4_DI[0]_CO[3])
                                                      0.477     9.947 r  out_i_reg[15]_i_23/CO[3]
                         net (fo=1, unplaced)         0.008     9.955    out_i_reg[15]_i_23_n_0
                         CARRY4 (Prop_carry4_CI_CO[3])
                                                      0.100    10.055 r  out_i_reg[15]_i_14/CO[3]
                         net (fo=1, unplaced)         0.000    10.055    out_i_reg[15]_i_14_n_0
                         CARRY4 (Prop_carry4_CI_CO[0])
                                                      0.238    10.293 f  out_i_reg[15]_i_4/CO[0]
                         net (fo=80, unplaced)        0.456    10.749    y_i2
                         LUT3 (Prop_lut3_I0_O)        0.317    11.066 r  w_step[10]_i_89/O
                         net (fo=1, unplaced)         0.000    11.066    w_step[10]_i_89_n_0
                         CARRY4 (Prop_carry4_DI[0]_CO[3])
                                                      0.477    11.543 r  w_step_reg[10]_i_69/CO[3]
                         net (fo=1, unplaced)         0.008    11.551    w_step_reg[10]_i_69_n_0
                         CARRY4 (Prop_carry4_CI_CO[3])
                                                      0.100    11.651 r  w_step_reg[10]_i_51/CO[3]
                         net (fo=1, unplaced)         0.000    11.651    w_step_reg[10]_i_51_n_0
                         CARRY4 (Prop_carry4_CI_CO[3])
                                                      0.100    11.751 r  w_step_reg[10]_i_37/CO[3]
                         net (fo=1, unplaced)         0.000    11.751    w_step_reg[10]_i_37_n_0
                         CARRY4 (Prop_carry4_CI_CO[3])
                                                      0.100    11.851 r  w_step_reg[10]_i_24/CO[3]
                         net (fo=1, unplaced)         0.000    11.851    w_step_reg[10]_i_24_n_0
                         CARRY4 (Prop_carry4_CI_CO[0])
                                                      0.238    12.089 r  w_step_reg[10]_i_13/CO[0]
                         net (fo=43, unplaced)        0.897    12.986    w_step_reg[10]_i_13_n_3
                         CARRY4 (Prop_carry4_S[3]_CO[3])
                                                      0.611    13.597 r  w_step_reg[10]_i_25/CO[3]
                         net (fo=1, unplaced)         0.000    13.597    w_step_reg[10]_i_25_n_0
                         CARRY4 (Prop_carry4_CI_CO[3])
                                                      0.100    13.697 r  w_step_reg[10]_i_14/CO[3]
                         net (fo=28, unplaced)        0.838    14.535    sgn_dy1
                         LUT5 (Prop_lut5_I1_O)        0.105    14.640 r  w_step[6]_i_4/O
                         net (fo=1, unplaced)         0.000    14.640    w_step[6]_i_4_n_0
                         CARRY4 (Prop_carry4_S[1]_CO[3])
                                                      0.444    15.084 r  w_step_reg[6]_i_1/CO[3]
                         net (fo=1, unplaced)         0.008    15.092    w_step_reg[6]_i_1_n_0
                         CARRY4 (Prop_carry4_CI_CO[3])
                                                      0.100    15.192 r  w_step_reg[10]_i_3/CO[3]
                         net (fo=1, unplaced)         0.000    15.192    w_step_reg[10]_i_3_n_0
                         CARRY4 (Prop_carry4_CI_CO[3])
                                                      0.100    15.292 r  w_step_reg[14]_i_6/CO[3]
                         net (fo=1, unplaced)         0.000    15.292    w_step_reg[14]_i_6_n_0
                         CARRY4 (Prop_carry4_CI_O[1])
                                                      0.269    15.561 r  w_step_reg[18]_i_2/O[1]
                         net (fo=1, unplaced)         0.564    16.125    integ_next[16]
                         CARRY4 (Prop_carry4_S[1]_CO[3])
                                                      0.689    16.814 r  w_step_reg[18]_i_1/CO[3]
                         net (fo=1, unplaced)         0.000    16.814    w_step_reg[18]_i_1_n_0
                         CARRY4 (Prop_carry4_CI_O[1])
                                                      0.269    17.083 f  w_step_reg[22]_i_1/O[1]
                         net (fo=4, unplaced)         0.496    17.579    w_unclamped[20]
                         LUT2 (Prop_lut2_I0_O)        0.245    17.824 r  w_step[14]_i_21/O
                         net (fo=1, unplaced)         0.000    17.824    w_step[14]_i_21_n_0
                         CARRY4 (Prop_carry4_S[1]_CO[3])
                                                      0.444    18.268 r  w_step_reg[14]_i_11/CO[3]
                         net (fo=1, unplaced)         0.000    18.268    w_step_reg[14]_i_11_n_0
                         CARRY4 (Prop_carry4_CI_CO[2])
                                                      0.211    18.479 r  w_step_reg[14]_i_4/CO[2]
                         net (fo=5, unplaced)         0.358    18.837    w_clamped1
                         LUT4 (Prop_lut4_I2_O)        0.252    19.089 r  w_step[31]_i_1/O
                         net (fo=17, unplaced)        0.700    19.789    w_step[31]_i_1_n_0
                         FDRE                                         r  w_step_reg[22]/R
  -------------------------------------------------------------------    -------------------

                         (clock clk rise edge)       10.000    10.000 r
                                                      0.000    10.000 r  clk (IN)
                         net (fo=201, unset)          0.748    10.748    clk
                         FDRE                                         r  w_step_reg[22]/C
                         clock pessimism              0.000    10.748
                         clock uncertainty           -0.035    10.712
                         FDRE (Setup_fdre_C_R)       -0.527    10.185    w_step_reg[22]
  -------------------------------------------------------------------
                         required time                         10.185
                         arrival time                         -19.789
  -------------------------------------------------------------------
                         slack                                 -9.604

Slack (VIOLATED) :        -9.604ns  (required time - arrival time)
  Source:                 nco_reg[4]/C
                            (rising edge-triggered cell FDRE clocked by clk  {rise@0.000ns fall@5.000ns period=10.000ns})
  Destination:            w_step_reg[23]/R
                            (rising edge-triggered cell FDRE clocked by clk  {rise@0.000ns fall@5.000ns period=10.000ns})
  Path Group:             clk
  Path Type:              Setup (Max at Slow Process Corner)
  Requirement:            10.000ns  (clk rise@10.000ns - clk rise@0.000ns)
  Data Path Delay:        19.002ns  (logic 12.105ns (63.703%)  route 6.897ns (36.297%))
  Logic Levels:           35  (CARRY4=26 DSP48E1=1 LUT1=1 LUT2=4 LUT3=1 LUT4=1 LUT5=1)
  Clock Path Skew:        -0.039ns (DCD - SCD + CPR)
    Destination Clock Delay (DCD):    0.748ns = ( 10.748 - 10.000 )
    Source Clock Delay      (SCD):    0.787ns
    Clock Pessimism Removal (CPR):    0.000ns
  Clock Uncertainty:      0.035ns  ((TSJ^2 + TIJ^2)^1/2 + DJ) / 2 + PE
    Total System Jitter     (TSJ):    0.071ns
    Total Input Jitter      (TIJ):    0.000ns
    Discrete Jitter          (DJ):    0.000ns
    Phase Error              (PE):    0.000ns

    Location             Delay type                Incr(ns)  Path(ns)    Netlist Resource(s)
  -------------------------------------------------------------------    -------------------
                         (clock clk rise edge)        0.000     0.000 r
                                                      0.000     0.000 r  clk (IN)
                         net (fo=201, unset)          0.787     0.787    clk
                         FDRE                                         r  nco_reg[4]/C
  -------------------------------------------------------------------    -------------------
                         FDRE (Prop_fdre_C_Q)         0.303     1.090 r  nco_reg[4]/Q
                         net (fo=6, unplaced)         0.394     1.484    mu_raw[6]
                         LUT2 (Prop_lut2_I0_O)        0.252     1.736 r  mu_di_i_37/O
                         net (fo=1, unplaced)         0.000     1.736    mu_di_i_37_n_0
                         CARRY4 (Prop_carry4_DI[0]_CO[3])
                                                      0.477     2.213 r  mu_di_i_26/CO[3]
                         net (fo=1, unplaced)         0.008     2.221    mu_di_i_26_n_0
                         CARRY4 (Prop_carry4_CI_CO[3])
                                                      0.100     2.321 r  mu_di_i_17/CO[3]
                         net (fo=1, unplaced)         0.000     2.321    mu_di_i_17_n_0
                         CARRY4 (Prop_carry4_CI_CO[3])
                                                      0.100     2.421 r  mu_di_i_14/CO[3]
                         net (fo=1, unplaced)         0.000     2.421    mu_di_i_14_n_0
                         CARRY4 (Prop_carry4_CI_CO[0])
                                                      0.238     2.659 f  mu_di_i_13/CO[0]
                         net (fo=23, unplaced)        0.303     2.962    mu1
                         LUT2 (Prop_lut2_I1_O)        0.297     3.259 r  mu_di_i_2/O
                         net (fo=4, unplaced)         0.646     3.905    mu_di_i_2_n_0
                         DSP48E1 (Prop_dsp48e1_B[17]_P[17])
                                                      3.076     6.981 r  mu_di/P[17]
                         net (fo=1, unplaced)         0.646     7.626    mu_di_n_88
                         LUT2 (Prop_lut2_I1_O)        0.105     7.731 r  out_i[3]_i_5/O
                         net (fo=1, unplaced)         0.000     7.731    out_i[3]_i_5_n_0
                         CARRY4 (Prop_carry4_S[1]_CO[3])
                                                      0.444     8.175 r  out_i_reg[3]_i_2/CO[3]
                         net (fo=1, unplaced)         0.008     8.183    out_i_reg[3]_i_2_n_0
                         CARRY4 (Prop_carry4_CI_CO[3])
                                                      0.100     8.283 r  out_i_reg[7]_i_2/CO[3]
                         net (fo=1, unplaced)         0.000     8.283    out_i_reg[7]_i_2_n_0
                         CARRY4 (Prop_carry4_CI_CO[3])
                                                      0.100     8.383 r  out_i_reg[11]_i_2/CO[3]
                         net (fo=1, unplaced)         0.000     8.383    out_i_reg[11]_i_2_n_0
                         CARRY4 (Prop_carry4_CI_O[3])
                                                      0.277     8.660 f  out_i_reg[15]_i_3/O[3]
                         net (fo=9, unplaced)         0.560     9.220    out_i_reg[15]_i_3_n_4
                         LUT1 (Prop_lut1_I0_O)        0.250     9.470 r  out_i[15]_i_34/O
                         net (fo=1, unplaced)         0.000     9.470    out_i[15]_i_34_n_0
                         CARRY4 (Prop_carry4_DI[0]_CO[3])
                                                      0.477     9.947 r  out_i_reg[15]_i_23/CO[3]
                         net (fo=1, unplaced)         0.008     9.955    out_i_reg[15]_i_23_n_0
                         CARRY4 (Prop_carry4_CI_CO[3])
                                                      0.100    10.055 r  out_i_reg[15]_i_14/CO[3]
                         net (fo=1, unplaced)         0.000    10.055    out_i_reg[15]_i_14_n_0
                         CARRY4 (Prop_carry4_CI_CO[0])
                                                      0.238    10.293 f  out_i_reg[15]_i_4/CO[0]
                         net (fo=80, unplaced)        0.456    10.749    y_i2
                         LUT3 (Prop_lut3_I0_O)        0.317    11.066 r  w_step[10]_i_89/O
                         net (fo=1, unplaced)         0.000    11.066    w_step[10]_i_89_n_0
                         CARRY4 (Prop_carry4_DI[0]_CO[3])
                                                      0.477    11.543 r  w_step_reg[10]_i_69/CO[3]
                         net (fo=1, unplaced)         0.008    11.551    w_step_reg[10]_i_69_n_0
                         CARRY4 (Prop_carry4_CI_CO[3])
                                                      0.100    11.651 r  w_step_reg[10]_i_51/CO[3]
                         net (fo=1, unplaced)         0.000    11.651    w_step_reg[10]_i_51_n_0
                         CARRY4 (Prop_carry4_CI_CO[3])
                                                      0.100    11.751 r  w_step_reg[10]_i_37/CO[3]
                         net (fo=1, unplaced)         0.000    11.751    w_step_reg[10]_i_37_n_0
                         CARRY4 (Prop_carry4_CI_CO[3])
                                                      0.100    11.851 r  w_step_reg[10]_i_24/CO[3]
                         net (fo=1, unplaced)         0.000    11.851    w_step_reg[10]_i_24_n_0
                         CARRY4 (Prop_carry4_CI_CO[0])
                                                      0.238    12.089 r  w_step_reg[10]_i_13/CO[0]
                         net (fo=43, unplaced)        0.897    12.986    w_step_reg[10]_i_13_n_3
                         CARRY4 (Prop_carry4_S[3]_CO[3])
                                                      0.611    13.597 r  w_step_reg[10]_i_25/CO[3]
                         net (fo=1, unplaced)         0.000    13.597    w_step_reg[10]_i_25_n_0
                         CARRY4 (Prop_carry4_CI_CO[3])
                                                      0.100    13.697 r  w_step_reg[10]_i_14/CO[3]
                         net (fo=28, unplaced)        0.838    14.535    sgn_dy1
                         LUT5 (Prop_lut5_I1_O)        0.105    14.640 r  w_step[6]_i_4/O
                         net (fo=1, unplaced)         0.000    14.640    w_step[6]_i_4_n_0
                         CARRY4 (Prop_carry4_S[1]_CO[3])
                                                      0.444    15.084 r  w_step_reg[6]_i_1/CO[3]
                         net (fo=1, unplaced)         0.008    15.092    w_step_reg[6]_i_1_n_0
                         CARRY4 (Prop_carry4_CI_CO[3])
                                                      0.100    15.192 r  w_step_reg[10]_i_3/CO[3]
                         net (fo=1, unplaced)         0.000    15.192    w_step_reg[10]_i_3_n_0
                         CARRY4 (Prop_carry4_CI_CO[3])
                                                      0.100    15.292 r  w_step_reg[14]_i_6/CO[3]
                         net (fo=1, unplaced)         0.000    15.292    w_step_reg[14]_i_6_n_0
                         CARRY4 (Prop_carry4_CI_O[1])
                                                      0.269    15.561 r  w_step_reg[18]_i_2/O[1]
                         net (fo=1, unplaced)         0.564    16.125    integ_next[16]
                         CARRY4 (Prop_carry4_S[1]_CO[3])
                                                      0.689    16.814 r  w_step_reg[18]_i_1/CO[3]
                         net (fo=1, unplaced)         0.000    16.814    w_step_reg[18]_i_1_n_0
                         CARRY4 (Prop_carry4_CI_O[1])
                                                      0.269    17.083 f  w_step_reg[22]_i_1/O[1]
                         net (fo=4, unplaced)         0.496    17.579    w_unclamped[20]
                         LUT2 (Prop_lut2_I0_O)        0.245    17.824 r  w_step[14]_i_21/O
                         net (fo=1, unplaced)         0.000    17.824    w_step[14]_i_21_n_0
                         CARRY4 (Prop_carry4_S[1]_CO[3])
                                                      0.444    18.268 r  w_step_reg[14]_i_11/CO[3]
                         net (fo=1, unplaced)         0.000    18.268    w_step_reg[14]_i_11_n_0
                         CARRY4 (Prop_carry4_CI_CO[2])
                                                      0.211    18.479 r  w_step_reg[14]_i_4/CO[2]
                         net (fo=5, unplaced)         0.358    18.837    w_clamped1
                         LUT4 (Prop_lut4_I2_O)        0.252    19.089 r  w_step[31]_i_1/O
                         net (fo=17, unplaced)        0.700    19.789    w_step[31]_i_1_n_0
                         FDRE                                         r  w_step_reg[23]/R
  -------------------------------------------------------------------    -------------------

                         (clock clk rise edge)       10.000    10.000 r
                                                      0.000    10.000 r  clk (IN)
                         net (fo=201, unset)          0.748    10.748    clk
                         FDRE                                         r  w_step_reg[23]/C
                         clock pessimism              0.000    10.748
                         clock uncertainty           -0.035    10.712
                         FDRE (Setup_fdre_C_R)       -0.527    10.185    w_step_reg[23]
  -------------------------------------------------------------------
                         required time                         10.185
                         arrival time                         -19.789
  -------------------------------------------------------------------
                         slack                                 -9.604





Pulse Width Checks
--------------------------------------------------------------------------------------
Clock Name:         clk
Waveform(ns):       { 0.000 5.000 }
Period(ns):         10.000
Sources:            { clk }

Check Type        Corner  Lib Pin  Reference Pin  Required(ns)  Actual(ns)  Slack(ns)  Location  Pin
Min Period        n/a     FDRE/C   n/a            1.000         10.000      9.000                emitted_reg[0]/C
Min Period        n/a     FDRE/C   n/a            1.000         10.000      9.000                emitted_reg[10]/C
Min Period        n/a     FDRE/C   n/a            1.000         10.000      9.000                emitted_reg[11]/C
Min Period        n/a     FDRE/C   n/a            1.000         10.000      9.000                emitted_reg[12]/C
Min Period        n/a     FDRE/C   n/a            1.000         10.000      9.000                emitted_reg[13]/C
Min Period        n/a     FDRE/C   n/a            1.000         10.000      9.000                emitted_reg[14]/C
Min Period        n/a     FDRE/C   n/a            1.000         10.000      9.000                emitted_reg[15]/C
Min Period        n/a     FDRE/C   n/a            1.000         10.000      9.000                emitted_reg[1]/C
Min Period        n/a     FDRE/C   n/a            1.000         10.000      9.000                emitted_reg[2]/C
Min Period        n/a     FDRE/C   n/a            1.000         10.000      9.000                emitted_reg[3]/C
Low Pulse Width   Slow    FDRE/C   n/a            0.500         5.000       4.500                emitted_reg[0]/C
Low Pulse Width   Fast    FDRE/C   n/a            0.500         5.000       4.500                emitted_reg[0]/C
Low Pulse Width   Slow    FDRE/C   n/a            0.500         5.000       4.500                emitted_reg[10]/C
Low Pulse Width   Fast    FDRE/C   n/a            0.500         5.000       4.500                emitted_reg[10]/C
Low Pulse Width   Slow    FDRE/C   n/a            0.500         5.000       4.500                emitted_reg[11]/C
Low Pulse Width   Fast    FDRE/C   n/a            0.500         5.000       4.500                emitted_reg[11]/C
Low Pulse Width   Slow    FDRE/C   n/a            0.500         5.000       4.500                emitted_reg[12]/C
Low Pulse Width   Fast    FDRE/C   n/a            0.500         5.000       4.500                emitted_reg[12]/C
Low Pulse Width   Slow    FDRE/C   n/a            0.500         5.000       4.500                emitted_reg[13]/C
Low Pulse Width   Fast    FDRE/C   n/a            0.500         5.000       4.500                emitted_reg[13]/C
High Pulse Width  Slow    FDRE/C   n/a            0.500         5.000       4.500                emitted_reg[0]/C
High Pulse Width  Fast    FDRE/C   n/a            0.500         5.000       4.500                emitted_reg[0]/C
High Pulse Width  Slow    FDRE/C   n/a            0.500         5.000       4.500                emitted_reg[10]/C
High Pulse Width  Fast    FDRE/C   n/a            0.500         5.000       4.500                emitted_reg[10]/C
High Pulse Width  Slow    FDRE/C   n/a            0.500         5.000       4.500                emitted_reg[11]/C
High Pulse Width  Fast    FDRE/C   n/a            0.500         5.000       4.500                emitted_reg[11]/C
High Pulse Width  Slow    FDRE/C   n/a            0.500         5.000       4.500                emitted_reg[12]/C
High Pulse Width  Fast    FDRE/C   n/a            0.500         5.000       4.500                emitted_reg[12]/C
High Pulse Width  Slow    FDRE/C   n/a            0.500         5.000       4.500                emitted_reg[13]/C
High Pulse Width  Fast    FDRE/C   n/a            0.500         5.000       4.500                emitted_reg[13]/C
