Copyright 1986-2021 Xilinx, Inc. All Rights Reserved.
--------------------------------------------------------------------------------------------------------------------------------------------------------------------------------------------------------------------
| Tool Version : Vivado v.2021.1 (win64) Build 3247384 Thu Jun 10 19:36:33 MDT 2021
| Date         : normalized
| Host         : normalized
| Command      : report_timing_summary -delay_type max -max_paths 10 -file <output_dir>/bpsk_symbol_timing_recovery_pipelined0_post_route_timing_summary.rpt
| Design       : bpsk_symbol_timing_recovery
| Device       : 7z020-clg400
| Speed File   : -2  PRODUCTION 1.12 2019-11-22
--------------------------------------------------------------------------------------------------------------------------------------------------------------------------------------------------------------------

Timing Summary Report

------------------------------------------------------------------------------------------------
| Timer Settings
| --------------
------------------------------------------------------------------------------------------------

  Enable Multi Corner Analysis               :  Yes
  Enable Pessimism Removal                   :  Yes
  Pessimism Removal Resolution               :  Nearest Common Node
  Enable Input Delay Default Clock           :  No
  Enable Preset / Clear Arcs                 :  No
  Disable Flight Delays                      :  No
  Ignore I/O Paths                           :  No
  Timing Early Launch at Borrowing Latches   :  No
  Borrow Time for Max Delay Exceptions       :  Yes
  Merge Timing Exceptions                    :  Yes

  Corner  Analyze    Analyze
  Name    Max Paths  Min Paths
  ------  ---------  ---------
  Slow    Yes        Yes
  Fast    Yes        Yes


------------------------------------------------------------------------------------------------
| Report Methodology
| ------------------
------------------------------------------------------------------------------------------------

No report available as report_methodology has not been run prior. Run report_methodology on the current design for the summary of methodology violations.



check_timing report

Table of Contents
-----------------
1. checking no_clock (0)
2. checking constant_clock (0)
3. checking pulse_width_clock (0)
4. checking unconstrained_internal_endpoints (0)
5. checking no_input_delay (0)
6. checking no_output_delay (0)
7. checking multiple_clock (0)
8. checking generated_clocks (0)
9. checking loops (0)
10. checking partial_input_delay (0)
11. checking partial_output_delay (0)
12. checking latch_loops (0)

1. checking no_clock (0)
------------------------
 There are 0 register/latch pins with no clock.


2. checking constant_clock (0)
------------------------------
 There are 0 register/latch pins with constant_clock.


3. checking pulse_width_clock (0)
---------------------------------
 There are 0 register/latch pins which need pulse_width check


4. checking unconstrained_internal_endpoints (0)
------------------------------------------------
 There are 0 pins that are not constrained for maximum delay.

 There are 0 pins that are not constrained for maximum delay due to constant clock.


5. checking no_input_delay (0)
------------------------------
 There are 0 input ports with no input delay specified.

 There are 0 input ports with no input delay but user has a false path constraint.


6. checking no_output_delay (0)
-------------------------------
 There are 0 ports with no output delay specified.

 There are 0 ports with no output delay but user has a false path constraint

 There are 0 ports with no output delay but with a timing clock defined on it or propagating through it


7. checking multiple_clock (0)
------------------------------
 There are 0 register/latch pins with multiple clocks.


8. checking generated_clocks (0)
--------------------------------
 There are 0 generated clocks that are not connected to a clock source.


9. checking loops (0)
---------------------
 There are 0 combinational loops in the design.


10. checking partial_input_delay (0)
------------------------------------
 There are 0 input ports with partial input delay specified.


11. checking partial_output_delay (0)
-------------------------------------
 There are 0 ports with partial output delay specified.


12. checking latch_loops (0)
----------------------------
 There are 0 combinational latch loops in the design through latch input



------------------------------------------------------------------------------------------------
| Design Timing Summary
| ---------------------
------------------------------------------------------------------------------------------------

    WNS(ns)      TNS(ns)  TNS Failing Endpoints  TNS Total Endpoints     WPWS(ns)     TPWS(ns)  TPWS Failing Endpoints  TPWS Total Endpoints
    -------      -------  ---------------------  -------------------     --------     --------  ----------------------  --------------------
     -9.390     -447.628                    122                  643        4.500        0.000                       0                   201


Timing constraints are not met.


------------------------------------------------------------------------------------------------
| Clock Summary
| -------------
------------------------------------------------------------------------------------------------

Clock  Waveform(ns)       Period(ns)      Frequency(MHz)
-----  ------------       ----------      --------------
clk    {0.000 5.000}      10.000          100.000


------------------------------------------------------------------------------------------------
| Intra Clock Table
| -----------------
------------------------------------------------------------------------------------------------

Clock             WNS(ns)      TNS(ns)  TNS Failing Endpoints  TNS Total Endpoints     WPWS(ns)     TPWS(ns)  TPWS Failing Endpoints  TPWS Total Endpoints
-----             -------      -------  ---------------------  -------------------     --------     --------  ----------------------  --------------------
clk                -9.390     -447.628                    122                  643        4.500        0.000                       0                   201


------------------------------------------------------------------------------------------------
| Inter Clock Table
| -----------------
------------------------------------------------------------------------------------------------

From Clock    To Clock          WNS(ns)      TNS(ns)  TNS Failing Endpoints  TNS Total Endpoints
----------    --------          -------      -------  ---------------------  -------------------


------------------------------------------------------------------------------------------------
| Other Path Groups Table
| -----------------------
------------------------------------------------------------------------------------------------

Path Group    From Clock    To Clock          WNS(ns)      TNS(ns)  TNS Failing Endpoints  TNS Total Endpoints
----------    ----------    --------          -------      -------  ---------------------  -------------------


------------------------------------------------------------------------------------------------
| Timing Details
| --------------
------------------------------------------------------------------------------------------------


---------------------------------------------------------------------------------------------------
From Clock:  clk
  To Clock:  clk

Setup :          122  Failing Endpoints,  Worst Slack       -9.390ns,  Total Violation     -447.628ns
Hold  :           NA  Failing Endpoints,  Worst Slack           NA  ,  Total Violation           NA
PW    :            0  Failing Endpoints,  Worst Slack        4.500ns,  Total Violation        0.000ns
---------------------------------------------------------------------------------------------------


Max Delay Paths
--------------------------------------------------------------------------------------
Slack (VIOLATED) :        -9.390ns  (required time - arrival time)
  Source:                 nco_reg[4]_replica/C
                            (rising edge-triggered cell FDRE clocked by clk  {rise@0.000ns fall@5.000ns period=10.000ns})
  Destination:            w_step_reg[15]/R
                            (rising edge-triggered cell FDRE clocked by clk  {rise@0.000ns fall@5.000ns period=10.000ns})
  Path Group:             clk
  Path Type:              Setup (Max at Slow Process Corner)
  Requirement:            10.000ns  (clk rise@10.000ns - clk rise@0.000ns)
  Data Path Delay:        18.893ns  (logic 11.362ns (60.138%)  route 7.531ns (39.862%))
  Logic Levels:           34  (CARRY4=24 DSP48E1=1 LUT2=6 LUT4=2 LUT5=1)
  Clock Path Skew:        -0.038ns (DCD - SCD + CPR)
    Destination Clock Delay (DCD):    1.226ns = ( 11.226 - 10.000 )
    Source Clock Delay      (SCD):    1.390ns
    Clock Pessimism Removal (CPR):    0.126ns
  Clock Uncertainty:      0.035ns  ((TSJ^2 + TIJ^2)^1/2 + DJ) / 2 + PE
    Total System Jitter     (TSJ):    0.071ns
    Total Input Jitter      (TIJ):    0.000ns
    Discrete Jitter          (DJ):    0.000ns
    Phase Error              (PE):    0.000ns

    Location             Delay type                Incr(ns)  Path(ns)    Netlist Resource(s)
  -------------------------------------------------------------------    -------------------
                         (clock clk rise edge)        0.000     0.000 r
                                                      0.000     0.000 r  clk (IN)
                         net (fo=202, unset)          1.390     1.390    clk
    SLICE_X39Y54         FDRE                                         r  nco_reg[4]_replica/C
  -------------------------------------------------------------------    -------------------
    SLICE_X39Y54         FDRE (Prop_fdre_C_Q)         0.379     1.769 f  nco_reg[4]_replica/Q
                         net (fo=3, routed)           0.485     2.254    mu_raw[6]_repN
    SLICE_X38Y55         LUT2 (Prop_lut2_I0_O)        0.105     2.359 r  mu_di_i_41/O
                         net (fo=1, routed)           0.000     2.359    mu_di_i_41_n_0
    SLICE_X38Y55         CARRY4 (Prop_carry4_S[0]_CO[3])
                                                      0.423     2.782 r  mu_di_i_26/CO[3]
                         net (fo=1, routed)           0.000     2.782    mu_di_i_26_n_0
    SLICE_X38Y56         CARRY4 (Prop_carry4_CI_CO[3])
                                                      0.100     2.882 r  mu_di_i_17/CO[3]
                         net (fo=1, routed)           0.000     2.882    mu_di_i_17_n_0
    SLICE_X38Y57         CARRY4 (Prop_carry4_CI_CO[3])
                                                      0.100     2.982 r  mu_di_i_14/CO[3]
                         net (fo=1, routed)           0.000     2.982    mu_di_i_14_n_0
    SLICE_X38Y58         CARRY4 (Prop_carry4_CI_CO[0])
                                                      0.207     3.189 r  mu_di_i_13/CO[0]
                         net (fo=23, routed)          0.458     3.647    mu1
    SLICE_X39Y58         LUT2 (Prop_lut2_I0_O)        0.297     3.944 r  mu_di_i_3/O
                         net (fo=2, routed)           0.482     4.427    mu_di_i_3_n_0
    DSP48_X2Y22          DSP48E1 (Prop_dsp48e1_B[15]_P[21])
                                                      3.076     7.503 r  mu_di/P[21]
                         net (fo=1, routed)           0.709     8.212    mu_di_n_84
    SLICE_X35Y59         LUT2 (Prop_lut2_I1_O)        0.105     8.317 r  out_i[7]_i_5/O
                         net (fo=1, routed)           0.000     8.317    out_i[7]_i_5_n_0
    SLICE_X35Y59         CARRY4 (Prop_carry4_S[1]_CO[3])
                                                      0.457     8.774 r  out_i_reg[7]_i_2/CO[3]
                         net (fo=1, routed)           0.000     8.774    out_i_reg[7]_i_2_n_0
    SLICE_X35Y60         CARRY4 (Prop_carry4_CI_CO[3])
                                                      0.098     8.872 r  out_i_reg[11]_i_2/CO[3]
                         net (fo=1, routed)           0.000     8.872    out_i_reg[11]_i_2_n_0
    SLICE_X35Y61         CARRY4 (Prop_carry4_CI_CO[3])
                                                      0.098     8.970 r  out_i_reg[15]_i_3/CO[3]
                         net (fo=1, routed)           0.000     8.970    out_i_reg[15]_i_3_n_0
    SLICE_X35Y62         CARRY4 (Prop_carry4_CI_O[0])
                                                      0.180     9.150 r  out_i_reg[15]_i_8/O[0]
                         net (fo=4, routed)           0.636     9.786    out_i_reg[15]_i_8_n_7
    SLICE_X34Y60         LUT2 (Prop_lut2_I0_O)        0.249    10.035 r  out_i[15]_i_37/O
                         net (fo=1, routed)           0.000    10.035    out_i[15]_i_37_n_0
    SLICE_X34Y60         CARRY4 (Prop_carry4_S[1]_CO[3])
                                                      0.444    10.479 r  out_i_reg[15]_i_23/CO[3]
                         net (fo=1, routed)           0.000    10.479    out_i_reg[15]_i_23_n_0
    SLICE_X34Y61         CARRY4 (Prop_carry4_CI_CO[3])
                                                      0.100    10.579 r  out_i_reg[15]_i_14/CO[3]
                         net (fo=1, routed)           0.000    10.579    out_i_reg[15]_i_14_n_0
    SLICE_X34Y62         CARRY4 (Prop_carry4_CI_CO[0])
                                                      0.207    10.786 r  out_i_reg[15]_i_4/CO[0]
                         net (fo=80, routed)          0.751    11.537    y_i2
    SLICE_X34Y64         LUT4 (Prop_lut4_I2_O)        0.297    11.834 r  w_step[10]_i_76/O
                         net (fo=1, routed)           0.000    11.834    w_step[10]_i_76_n_0
    SLICE_X34Y64         CARRY4 (Prop_carry4_S[1]_CO[3])
                                                      0.444    12.278 r  w_step_reg[10]_i_51/CO[3]
                         net (fo=1, routed)           0.000    12.278    w_step_reg[10]_i_51_n_0
    SLICE_X34Y65         CARRY4 (Prop_carry4_CI_CO[3])
                                                      0.100    12.378 r  w_step_reg[10]_i_37/CO[3]
                         net (fo=1, routed)           0.000    12.378    w_step_reg[10]_i_37_n_0
    SLICE_X34Y66         CARRY4 (Prop_carry4_CI_CO[3])
                                                      0.100    12.478 r  w_step_reg[10]_i_24/CO[3]
                         net (fo=1, routed)           0.000    12.478    w_step_reg[10]_i_24_n_0
    SLICE_X34Y67         CARRY4 (Prop_carry4_CI_CO[0])
                                                      0.207    12.685 r  w_step_reg[10]_i_13/CO[0]
                         net (fo=43, routed)          0.566    13.251    w_step_reg[10]_i_13_n_3
    SLICE_X33Y67         CARRY4 (Prop_carry4_S[1]_CO[3])
                                                      0.754    14.005 r  w_step_reg[10]_i_25/CO[3]
                         net (fo=1, routed)           0.000    14.005    w_step_reg[10]_i_25_n_0
    SLICE_X33Y68         CARRY4 (Prop_carry4_CI_CO[3])
                                                      0.098    14.103 r  w_step_reg[10]_i_14/CO[3]
                         net (fo=28, routed)          0.809    14.912    sgn_dy1
    SLICE_X34Y69         LUT5 (Prop_lut5_I3_O)        0.105    15.017 r  w_step[10]_i_11/O
                         net (fo=1, routed)           0.000    15.017    w_step[10]_i_11_n_0
    SLICE_X34Y69         CARRY4 (Prop_carry4_S[0]_CO[3])
                                                      0.423    15.440 r  w_step_reg[10]_i_3/CO[3]
                         net (fo=1, routed)           0.000    15.440    w_step_reg[10]_i_3_n_0
    SLICE_X34Y70         CARRY4 (Prop_carry4_CI_O[0])
                                                      0.178    15.618 r  w_step_reg[14]_i_6/O[0]
                         net (fo=3, routed)           0.605    16.223    integ_next[11]
    SLICE_X36Y68         LUT2 (Prop_lut2_I0_O)        0.238    16.461 r  w_step[14]_i_9/O
                         net (fo=1, routed)           0.000    16.461    w_step[14]_i_9_n_0
    SLICE_X36Y68         CARRY4 (Prop_carry4_S[1]_CO[3])
                                                      0.444    16.905 r  w_step_reg[14]_i_3/CO[3]
                         net (fo=1, routed)           0.000    16.905    w_step_reg[14]_i_3_n_0
    SLICE_X36Y69         CARRY4 (Prop_carry4_CI_O[3])
                                                      0.262    17.167 f  w_step_reg[18]_i_1/O[3]
                         net (fo=4, routed)           0.665    17.832    w_unclamped[18]
    SLICE_X41Y69         LUT2 (Prop_lut2_I0_O)        0.250    18.082 r  w_step[14]_i_40/O
                         net (fo=1, routed)           0.000    18.082    w_step[14]_i_40_n_0
    SLICE_X41Y69         CARRY4 (Prop_carry4_S[3]_CO[3])
                                                      0.332    18.414 r  w_step_reg[14]_i_23/CO[3]
                         net (fo=1, routed)           0.000    18.414    w_step_reg[14]_i_23_n_0
    SLICE_X41Y70         CARRY4 (Prop_carry4_CI_CO[3])
                                                      0.098    18.512 r  w_step_reg[14]_i_13/CO[3]
                         net (fo=1, routed)           0.000    18.512    w_step_reg[14]_i_13_n_0
    SLICE_X41Y71         CARRY4 (Prop_carry4_CI_CO[1])
                                                      0.132    18.644 r  w_step_reg[14]_i_5/CO[1]
                         net (fo=5, routed)           0.275    18.919    w_clamped2
    SLICE_X39Y71         LUT4 (Prop_lut4_I3_O)        0.275    19.194 r  w_step[31]_i_1/O
                         net (fo=17, routed)          1.089    20.283    w_step[31]_i_1_n_0
    SLICE_X38Y70         FDRE                                         r  w_step_reg[15]/R
  -------------------------------------------------------------------    -------------------

                         (clock clk rise edge)       10.000    10.000 r
                                                      0.000    10.000 r  clk (IN)
                         net (fo=202, unset)          1.226    11.226    clk
    SLICE_X38Y70         FDRE                                         r  w_step_reg[15]/C
                         clock pessimism              0.126    11.352
                         clock uncertainty           -0.035    11.317
    SLICE_X38Y70         FDRE (Setup_fdre_C_R)       -0.423    10.894    w_step_reg[15]
  -------------------------------------------------------------------
                         required time                         10.894
                         arrival time                         -20.283
  -------------------------------------------------------------------
                         slack                                 -9.390

Slack (VIOLATED) :        -9.390ns  (required time - arrival time)
  Source:                 nco_reg[4]_replica/C
                            (rising edge-triggered cell FDRE clocked by clk  {rise@0.000ns fall@5.000ns period=10.000ns})
  Destination:            w_step_reg[20]/R
                            (rising edge-triggered cell FDRE clocked by clk  {rise@0.000ns fall@5.000ns period=10.000ns})
  Path Group:             clk
  Path Type:              Setup (Max at Slow Process Corner)
  Requirement:            10.000ns  (clk rise@10.000ns - clk rise@0.000ns)
  Data Path Delay:        18.893ns  (logic 11.362ns (60.138%)  route 7.531ns (39.862%))
  Logic Levels:           34  (CARRY4=24 DSP48E1=1 LUT2=6 LUT4=2 LUT5=1)
  Clock Path Skew:        -0.038ns (DCD - SCD + CPR)
    Destination Clock Delay (DCD):    1.226ns = ( 11.226 - 10.000 )
    Source Clock Delay      (SCD):    1.390ns
    Clock Pessimism Removal (CPR):    0.126ns
  Clock Uncertainty:      0.035ns  ((TSJ^2 + TIJ^2)^1/2 + DJ) / 2 + PE
    Total System Jitter     (TSJ):    0.071ns
    Total Input Jitter      (TIJ):    0.000ns
    Discrete Jitter          (DJ):    0.000ns
    Phase Error              (PE):    0.000ns

    Location             Delay type                Incr(ns)  Path(ns)    Netlist Resource(s)
  -------------------------------------------------------------------    -------------------
                         (clock clk rise edge)        0.000     0.000 r
                                                      0.000     0.000 r  clk (IN)
                         net (fo=202, unset)          1.390     1.390    clk
    SLICE_X39Y54         FDRE                                         r  nco_reg[4]_replica/C
  -------------------------------------------------------------------    -------------------
    SLICE_X39Y54         FDRE (Prop_fdre_C_Q)         0.379     1.769 f  nco_reg[4]_replica/Q
                         net (fo=3, routed)           0.485     2.254    mu_raw[6]_repN
    SLICE_X38Y55         LUT2 (Prop_lut2_I0_O)        0.105     2.359 r  mu_di_i_41/O
                         net (fo=1, routed)           0.000     2.359    mu_di_i_41_n_0
    SLICE_X38Y55         CARRY4 (Prop_carry4_S[0]_CO[3])
                                                      0.423     2.782 r  mu_di_i_26/CO[3]
                         net (fo=1, routed)           0.000     2.782    mu_di_i_26_n_0
    SLICE_X38Y56         CARRY4 (Prop_carry4_CI_CO[3])
                                                      0.100     2.882 r  mu_di_i_17/CO[3]
                         net (fo=1, routed)           0.000     2.882    mu_di_i_17_n_0
    SLICE_X38Y57         CARRY4 (Prop_carry4_CI_CO[3])
                                                      0.100     2.982 r  mu_di_i_14/CO[3]
                         net (fo=1, routed)           0.000     2.982    mu_di_i_14_n_0
    SLICE_X38Y58         CARRY4 (Prop_carry4_CI_CO[0])
                                                      0.207     3.189 r  mu_di_i_13/CO[0]
                         net (fo=23, routed)          0.458     3.647    mu1
    SLICE_X39Y58         LUT2 (Prop_lut2_I0_O)        0.297     3.944 r  mu_di_i_3/O
                         net (fo=2, routed)           0.482     4.427    mu_di_i_3_n_0
    DSP48_X2Y22          DSP48E1 (Prop_dsp48e1_B[15]_P[21])
                                                      3.076     7.503 r  mu_di/P[21]
                         net (fo=1, routed)           0.709     8.212    mu_di_n_84
    SLICE_X35Y59         LUT2 (Prop_lut2_I1_O)        0.105     8.317 r  out_i[7]_i_5/O
                         net (fo=1, routed)           0.000     8.317    out_i[7]_i_5_n_0
    SLICE_X35Y59         CARRY4 (Prop_carry4_S[1]_CO[3])
                                                      0.457     8.774 r  out_i_reg[7]_i_2/CO[3]
                         net (fo=1, routed)           0.000     8.774    out_i_reg[7]_i_2_n_0
    SLICE_X35Y60         CARRY4 (Prop_carry4_CI_CO[3])
                                                      0.098     8.872 r  out_i_reg[11]_i_2/CO[3]
                         net (fo=1, routed)           0.000     8.872    out_i_reg[11]_i_2_n_0
    SLICE_X35Y61         CARRY4 (Prop_carry4_CI_CO[3])
                                                      0.098     8.970 r  out_i_reg[15]_i_3/CO[3]
                         net (fo=1, routed)           0.000     8.970    out_i_reg[15]_i_3_n_0
    SLICE_X35Y62         CARRY4 (Prop_carry4_CI_O[0])
                                                      0.180     9.150 r  out_i_reg[15]_i_8/O[0]
                         net (fo=4, routed)           0.636     9.786    out_i_reg[15]_i_8_n_7
    SLICE_X34Y60         LUT2 (Prop_lut2_I0_O)        0.249    10.035 r  out_i[15]_i_37/O
                         net (fo=1, routed)           0.000    10.035    out_i[15]_i_37_n_0
    SLICE_X34Y60         CARRY4 (Prop_carry4_S[1]_CO[3])
                                                      0.444    10.479 r  out_i_reg[15]_i_23/CO[3]
                         net (fo=1, routed)           0.000    10.479    out_i_reg[15]_i_23_n_0
    SLICE_X34Y61         CARRY4 (Prop_carry4_CI_CO[3])
                                                      0.100    10.579 r  out_i_reg[15]_i_14/CO[3]
                         net (fo=1, routed)           0.000    10.579    out_i_reg[15]_i_14_n_0
    SLICE_X34Y62         CARRY4 (Prop_carry4_CI_CO[0])
                                                      0.207    10.786 r  out_i_reg[15]_i_4/CO[0]
                         net (fo=80, routed)          0.751    11.537    y_i2
    SLICE_X34Y64         LUT4 (Prop_lut4_I2_O)        0.297    11.834 r  w_step[10]_i_76/O
                         net (fo=1, routed)           0.000    11.834    w_step[10]_i_76_n_0
    SLICE_X34Y64         CARRY4 (Prop_carry4_S[1]_CO[3])
                                                      0.444    12.278 r  w_step_reg[10]_i_51/CO[3]
                         net (fo=1, routed)           0.000    12.278    w_step_reg[10]_i_51_n_0
    SLICE_X34Y65         CARRY4 (Prop_carry4_CI_CO[3])
                                                      0.100    12.378 r  w_step_reg[10]_i_37/CO[3]
                         net (fo=1, routed)           0.000    12.378    w_step_reg[10]_i_37_n_0
    SLICE_X34Y66         CARRY4 (Prop_carry4_CI_CO[3])
                                                      0.100    12.478 r  w_step_reg[10]_i_24/CO[3]
                         net (fo=1, routed)           0.000    12.478    w_step_reg[10]_i_24_n_0
    SLICE_X34Y67         CARRY4 (Prop_carry4_CI_CO[0])
                                                      0.207    12.685 r  w_step_reg[10]_i_13/CO[0]
                         net (fo=43, routed)          0.566    13.251    w_step_reg[10]_i_13_n_3
    SLICE_X33Y67         CARRY4 (Prop_carry4_S[1]_CO[3])
                                                      0.754    14.005 r  w_step_reg[10]_i_25/CO[3]
                         net (fo=1, routed)           0.000    14.005    w_step_reg[10]_i_25_n_0
    SLICE_X33Y68         CARRY4 (Prop_carry4_CI_CO[3])
                                                      0.098    14.103 r  w_step_reg[10]_i_14/CO[3]
                         net (fo=28, routed)          0.809    14.912    sgn_dy1
    SLICE_X34Y69         LUT5 (Prop_lut5_I3_O)        0.105    15.017 r  w_step[10]_i_11/O
                         net (fo=1, routed)           0.000    15.017    w_step[10]_i_11_n_0
    SLICE_X34Y69         CARRY4 (Prop_carry4_S[0]_CO[3])
                                                      0.423    15.440 r  w_step_reg[10]_i_3/CO[3]
                         net (fo=1, routed)           0.000    15.440    w_step_reg[10]_i_3_n_0
    SLICE_X34Y70         CARRY4 (Prop_carry4_CI_O[0])
                                                      0.178    15.618 r  w_step_reg[14]_i_6/O[0]
                         net (fo=3, routed)           0.605    16.223    integ_next[11]
    SLICE_X36Y68         LUT2 (Prop_lut2_I0_O)        0.238    16.461 r  w_step[14]_i_9/O
                         net (fo=1, routed)           0.000    16.461    w_step[14]_i_9_n_0
    SLICE_X36Y68         CARRY4 (Prop_carry4_S[1]_CO[3])
                                                      0.444    16.905 r  w_step_reg[14]_i_3/CO[3]
                         net (fo=1, routed)           0.000    16.905    w_step_reg[14]_i_3_n_0
    SLICE_X36Y69         CARRY4 (Prop_carry4_CI_O[3])
                                                      0.262    17.167 f  w_step_reg[18]_i_1/O[3]
                         net (fo=4, routed)           0.665    17.832    w_unclamped[18]
    SLICE_X41Y69         LUT2 (Prop_lut2_I0_O)        0.250    18.082 r  w_step[14]_i_40/O
                         net (fo=1, routed)           0.000    18.082    w_step[14]_i_40_n_0
    SLICE_X41Y69         CARRY4 (Prop_carry4_S[3]_CO[3])
                                                      0.332    18.414 r  w_step_reg[14]_i_23/CO[3]
                         net (fo=1, routed)           0.000    18.414    w_step_reg[14]_i_23_n_0
    SLICE_X41Y70         CARRY4 (Prop_carry4_CI_CO[3])
                                                      0.098    18.512 r  w_step_reg[14]_i_13/CO[3]
                         net (fo=1, routed)           0.000    18.512    w_step_reg[14]_i_13_n_0
    SLICE_X41Y71         CARRY4 (Prop_carry4_CI_CO[1])
                                                      0.132    18.644 r  w_step_reg[14]_i_5/CO[1]
                         net (fo=5, routed)           0.275    18.919    w_clamped2
    SLICE_X39Y71         LUT4 (Prop_lut4_I3_O)        0.275    19.194 r  w_step[31]_i_1/O
                         net (fo=17, routed)          1.089    20.283    w_step[31]_i_1_n_0
    SLICE_X38Y70         FDRE                                         r  w_step_reg[20]/R
  -------------------------------------------------------------------    -------------------

                         (clock clk rise edge)       10.000    10.000 r
                                                      0.000    10.000 r  clk (IN)
                         net (fo=202, unset)          1.226    11.226    clk
    SLICE_X38Y70         FDRE                                         r  w_step_reg[20]/C
                         clock pessimism              0.126    11.352
                         clock uncertainty           -0.035    11.317
    SLICE_X38Y70         FDRE (Setup_fdre_C_R)       -0.423    10.894    w_step_reg[20]
  -------------------------------------------------------------------
                         required time                         10.894
                         arrival time                         -20.283
  -------------------------------------------------------------------
                         slack                                 -9.390

Slack (VIOLATED) :        -9.390ns  (required time - arrival time)
  Source:                 nco_reg[4]_replica/C
                            (rising edge-triggered cell FDRE clocked by clk  {rise@0.000ns fall@5.000ns period=10.000ns})
  Destination:            w_step_reg[22]/R
                            (rising edge-triggered cell FDRE clocked by clk  {rise@0.000ns fall@5.000ns period=10.000ns})
  Path Group:             clk
  Path Type:              Setup (Max at Slow Process Corner)
  Requirement:            10.000ns  (clk rise@10.000ns - clk rise@0.000ns)
  Data Path Delay:        18.893ns  (logic 11.362ns (60.138%)  route 7.531ns (39.862%))
  Logic Levels:           34  (CARRY4=24 DSP48E1=1 LUT2=6 LUT4=2 LUT5=1)
  Clock Path Skew:        -0.038ns (DCD - SCD + CPR)
    Destination Clock Delay (DCD):    1.226ns = ( 11.226 - 10.000 )
    Source Clock Delay      (SCD):    1.390ns
    Clock Pessimism Removal (CPR):    0.126ns
  Clock Uncertainty:      0.035ns  ((TSJ^2 + TIJ^2)^1/2 + DJ) / 2 + PE
    Total System Jitter     (TSJ):    0.071ns
    Total Input Jitter      (TIJ):    0.000ns
    Discrete Jitter          (DJ):    0.000ns
    Phase Error              (PE):    0.000ns

    Location             Delay type                Incr(ns)  Path(ns)    Netlist Resource(s)
  -------------------------------------------------------------------    -------------------
                         (clock clk rise edge)        0.000     0.000 r
                                                      0.000     0.000 r  clk (IN)
                         net (fo=202, unset)          1.390     1.390    clk
    SLICE_X39Y54         FDRE                                         r  nco_reg[4]_replica/C
  -------------------------------------------------------------------    -------------------
    SLICE_X39Y54         FDRE (Prop_fdre_C_Q)         0.379     1.769 f  nco_reg[4]_replica/Q
                         net (fo=3, routed)           0.485     2.254    mu_raw[6]_repN
    SLICE_X38Y55         LUT2 (Prop_lut2_I0_O)        0.105     2.359 r  mu_di_i_41/O
                         net (fo=1, routed)           0.000     2.359    mu_di_i_41_n_0
    SLICE_X38Y55         CARRY4 (Prop_carry4_S[0]_CO[3])
                                                      0.423     2.782 r  mu_di_i_26/CO[3]
                         net (fo=1, routed)           0.000     2.782    mu_di_i_26_n_0
    SLICE_X38Y56         CARRY4 (Prop_carry4_CI_CO[3])
                                                      0.100     2.882 r  mu_di_i_17/CO[3]
                         net (fo=1, routed)           0.000     2.882    mu_di_i_17_n_0
    SLICE_X38Y57         CARRY4 (Prop_carry4_CI_CO[3])
                                                      0.100     2.982 r  mu_di_i_14/CO[3]
                         net (fo=1, routed)           0.000     2.982    mu_di_i_14_n_0
    SLICE_X38Y58         CARRY4 (Prop_carry4_CI_CO[0])
                                                      0.207     3.189 r  mu_di_i_13/CO[0]
                         net (fo=23, routed)          0.458     3.647    mu1
    SLICE_X39Y58         LUT2 (Prop_lut2_I0_O)        0.297     3.944 r  mu_di_i_3/O
                         net (fo=2, routed)           0.482     4.427    mu_di_i_3_n_0
    DSP48_X2Y22          DSP48E1 (Prop_dsp48e1_B[15]_P[21])
                                                      3.076     7.503 r  mu_di/P[21]
                         net (fo=1, routed)           0.709     8.212    mu_di_n_84
    SLICE_X35Y59         LUT2 (Prop_lut2_I1_O)        0.105     8.317 r  out_i[7]_i_5/O
                         net (fo=1, routed)           0.000     8.317    out_i[7]_i_5_n_0
    SLICE_X35Y59         CARRY4 (Prop_carry4_S[1]_CO[3])
                                                      0.457     8.774 r  out_i_reg[7]_i_2/CO[3]
                         net (fo=1, routed)           0.000     8.774    out_i_reg[7]_i_2_n_0
    SLICE_X35Y60         CARRY4 (Prop_carry4_CI_CO[3])
                                                      0.098     8.872 r  out_i_reg[11]_i_2/CO[3]
                         net (fo=1, routed)           0.000     8.872    out_i_reg[11]_i_2_n_0
    SLICE_X35Y61         CARRY4 (Prop_carry4_CI_CO[3])
                                                      0.098     8.970 r  out_i_reg[15]_i_3/CO[3]
                         net (fo=1, routed)           0.000     8.970    out_i_reg[15]_i_3_n_0
    SLICE_X35Y62         CARRY4 (Prop_carry4_CI_O[0])
                                                      0.180     9.150 r  out_i_reg[15]_i_8/O[0]
                         net (fo=4, routed)           0.636     9.786    out_i_reg[15]_i_8_n_7
    SLICE_X34Y60         LUT2 (Prop_lut2_I0_O)        0.249    10.035 r  out_i[15]_i_37/O
                         net (fo=1, routed)           0.000    10.035    out_i[15]_i_37_n_0
    SLICE_X34Y60         CARRY4 (Prop_carry4_S[1]_CO[3])
                                                      0.444    10.479 r  out_i_reg[15]_i_23/CO[3]
                         net (fo=1, routed)           0.000    10.479    out_i_reg[15]_i_23_n_0
    SLICE_X34Y61         CARRY4 (Prop_carry4_CI_CO[3])
                                                      0.100    10.579 r  out_i_reg[15]_i_14/CO[3]
                         net (fo=1, routed)           0.000    10.579    out_i_reg[15]_i_14_n_0
    SLICE_X34Y62         CARRY4 (Prop_carry4_CI_CO[0])
                                                      0.207    10.786 r  out_i_reg[15]_i_4/CO[0]
                         net (fo=80, routed)          0.751    11.537    y_i2
    SLICE_X34Y64         LUT4 (Prop_lut4_I2_O)        0.297    11.834 r  w_step[10]_i_76/O
                         net (fo=1, routed)           0.000    11.834    w_step[10]_i_76_n_0
    SLICE_X34Y64         CARRY4 (Prop_carry4_S[1]_CO[3])
                                                      0.444    12.278 r  w_step_reg[10]_i_51/CO[3]
                         net (fo=1, routed)           0.000    12.278    w_step_reg[10]_i_51_n_0
    SLICE_X34Y65         CARRY4 (Prop_carry4_CI_CO[3])
                                                      0.100    12.378 r  w_step_reg[10]_i_37/CO[3]
                         net (fo=1, routed)           0.000    12.378    w_step_reg[10]_i_37_n_0
    SLICE_X34Y66         CARRY4 (Prop_carry4_CI_CO[3])
                                                      0.100    12.478 r  w_step_reg[10]_i_24/CO[3]
                         net (fo=1, routed)           0.000    12.478    w_step_reg[10]_i_24_n_0
    SLICE_X34Y67         CARRY4 (Prop_carry4_CI_CO[0])
                                                      0.207    12.685 r  w_step_reg[10]_i_13/CO[0]
                         net (fo=43, routed)          0.566    13.251    w_step_reg[10]_i_13_n_3
    SLICE_X33Y67         CARRY4 (Prop_carry4_S[1]_CO[3])
                                                      0.754    14.005 r  w_step_reg[10]_i_25/CO[3]
                         net (fo=1, routed)           0.000    14.005    w_step_reg[10]_i_25_n_0
    SLICE_X33Y68         CARRY4 (Prop_carry4_CI_CO[3])
                                                      0.098    14.103 r  w_step_reg[10]_i_14/CO[3]
                         net (fo=28, routed)          0.809    14.912    sgn_dy1
    SLICE_X34Y69         LUT5 (Prop_lut5_I3_O)        0.105    15.017 r  w_step[10]_i_11/O
                         net (fo=1, routed)           0.000    15.017    w_step[10]_i_11_n_0
    SLICE_X34Y69         CARRY4 (Prop_carry4_S[0]_CO[3])
                                                      0.423    15.440 r  w_step_reg[10]_i_3/CO[3]
                         net (fo=1, routed)           0.000    15.440    w_step_reg[10]_i_3_n_0
    SLICE_X34Y70         CARRY4 (Prop_carry4_CI_O[0])
                                                      0.178    15.618 r  w_step_reg[14]_i_6/O[0]
                         net (fo=3, routed)           0.605    16.223    integ_next[11]
    SLICE_X36Y68         LUT2 (Prop_lut2_I0_O)        0.238    16.461 r  w_step[14]_i_9/O
                         net (fo=1, routed)           0.000    16.461    w_step[14]_i_9_n_0
    SLICE_X36Y68         CARRY4 (Prop_carry4_S[1]_CO[3])
                                                      0.444    16.905 r  w_step_reg[14]_i_3/CO[3]
                         net (fo=1, routed)           0.000    16.905    w_step_reg[14]_i_3_n_0
    SLICE_X36Y69         CARRY4 (Prop_carry4_CI_O[3])
                                                      0.262    17.167 f  w_step_reg[18]_i_1/O[3]
                         net (fo=4, routed)           0.665    17.832    w_unclamped[18]
    SLICE_X41Y69         LUT2 (Prop_lut2_I0_O)        0.250    18.082 r  w_step[14]_i_40/O
                         net (fo=1, routed)           0.000    18.082    w_step[14]_i_40_n_0
    SLICE_X41Y69         CARRY4 (Prop_carry4_S[3]_CO[3])
                                                      0.332    18.414 r  w_step_reg[14]_i_23/CO[3]
                         net (fo=1, routed)           0.000    18.414    w_step_reg[14]_i_23_n_0
    SLICE_X41Y70         CARRY4 (Prop_carry4_CI_CO[3])
                                                      0.098    18.512 r  w_step_reg[14]_i_13/CO[3]
                         net (fo=1, routed)           0.000    18.512    w_step_reg[14]_i_13_n_0
    SLICE_X41Y71         CARRY4 (Prop_carry4_CI_CO[1])
                                                      0.132    18.644 r  w_step_reg[14]_i_5/CO[1]
                         net (fo=5, routed)           0.275    18.919    w_clamped2
    SLICE_X39Y71         LUT4 (Prop_lut4_I3_O)        0.275    19.194 r  w_step[31]_i_1/O
                         net (fo=17, routed)          1.089    20.283    w_step[31]_i_1_n_0
    SLICE_X38Y70         FDRE                                         r  w_step_reg[22]/R
  -------------------------------------------------------------------    -------------------

                         (clock clk rise edge)       10.000    10.000 r
                                                      0.000    10.000 r  clk (IN)
                         net (fo=202, unset)          1.226    11.226    clk
    SLICE_X38Y70         FDRE                                         r  w_step_reg[22]/C
                         clock pessimism              0.126    11.352
                         clock uncertainty           -0.035    11.317
    SLICE_X38Y70         FDRE (Setup_fdre_C_R)       -0.423    10.894    w_step_reg[22]
  -------------------------------------------------------------------
                         required time                         10.894
                         arrival time                         -20.283
  -------------------------------------------------------------------
                         slack                                 -9.390

Slack (VIOLATED) :        -9.390ns  (required time - arrival time)
  Source:                 nco_reg[4]_replica/C
                            (rising edge-triggered cell FDRE clocked by clk  {rise@0.000ns fall@5.000ns period=10.000ns})
  Destination:            w_step_reg[31]/R
                            (rising edge-triggered cell FDRE clocked by clk  {rise@0.000ns fall@5.000ns period=10.000ns})
  Path Group:             clk
  Path Type:              Setup (Max at Slow Process Corner)
  Requirement:            10.000ns  (clk rise@10.000ns - clk rise@0.000ns)
  Data Path Delay:        18.893ns  (logic 11.362ns (60.138%)  route 7.531ns (39.862%))
  Logic Levels:           34  (CARRY4=24 DSP48E1=1 LUT2=6 LUT4=2 LUT5=1)
  Clock Path Skew:        -0.038ns (DCD - SCD + CPR)
    Destination Clock Delay (DCD):    1.226ns = ( 11.226 - 10.000 )
    Source Clock Delay      (SCD):    1.390ns
    Clock Pessimism Removal (CPR):    0.126ns
  Clock Uncertainty:      0.035ns  ((TSJ^2 + TIJ^2)^1/2 + DJ) / 2 + PE
    Total System Jitter     (TSJ):    0.071ns
    Total Input Jitter      (TIJ):    0.000ns
    Discrete Jitter          (DJ):    0.000ns
    Phase Error              (PE):    0.000ns

    Location             Delay type                Incr(ns)  Path(ns)    Netlist Resource(s)
  -------------------------------------------------------------------    -------------------
                         (clock clk rise edge)        0.000     0.000 r
                                                      0.000     0.000 r  clk (IN)
                         net (fo=202, unset)          1.390     1.390    clk
    SLICE_X39Y54         FDRE                                         r  nco_reg[4]_replica/C
  -------------------------------------------------------------------    -------------------
    SLICE_X39Y54         FDRE (Prop_fdre_C_Q)         0.379     1.769 f  nco_reg[4]_replica/Q
                         net (fo=3, routed)           0.485     2.254    mu_raw[6]_repN
    SLICE_X38Y55         LUT2 (Prop_lut2_I0_O)        0.105     2.359 r  mu_di_i_41/O
                         net (fo=1, routed)           0.000     2.359    mu_di_i_41_n_0
    SLICE_X38Y55         CARRY4 (Prop_carry4_S[0]_CO[3])
                                                      0.423     2.782 r  mu_di_i_26/CO[3]
                         net (fo=1, routed)           0.000     2.782    mu_di_i_26_n_0
    SLICE_X38Y56         CARRY4 (Prop_carry4_CI_CO[3])
                                                      0.100     2.882 r  mu_di_i_17/CO[3]
                         net (fo=1, routed)           0.000     2.882    mu_di_i_17_n_0
    SLICE_X38Y57         CARRY4 (Prop_carry4_CI_CO[3])
                                                      0.100     2.982 r  mu_di_i_14/CO[3]
                         net (fo=1, routed)           0.000     2.982    mu_di_i_14_n_0
    SLICE_X38Y58         CARRY4 (Prop_carry4_CI_CO[0])
                                                      0.207     3.189 r  mu_di_i_13/CO[0]
                         net (fo=23, routed)          0.458     3.647    mu1
    SLICE_X39Y58         LUT2 (Prop_lut2_I0_O)        0.297     3.944 r  mu_di_i_3/O
                         net (fo=2, routed)           0.482     4.427    mu_di_i_3_n_0
    DSP48_X2Y22          DSP48E1 (Prop_dsp48e1_B[15]_P[21])
                                                      3.076     7.503 r  mu_di/P[21]
                         net (fo=1, routed)           0.709     8.212    mu_di_n_84
    SLICE_X35Y59         LUT2 (Prop_lut2_I1_O)        0.105     8.317 r  out_i[7]_i_5/O
                         net (fo=1, routed)           0.000     8.317    out_i[7]_i_5_n_0
    SLICE_X35Y59         CARRY4 (Prop_carry4_S[1]_CO[3])
                                                      0.457     8.774 r  out_i_reg[7]_i_2/CO[3]
                         net (fo=1, routed)           0.000     8.774    out_i_reg[7]_i_2_n_0
    SLICE_X35Y60         CARRY4 (Prop_carry4_CI_CO[3])
                                                      0.098     8.872 r  out_i_reg[11]_i_2/CO[3]
                         net (fo=1, routed)           0.000     8.872    out_i_reg[11]_i_2_n_0
    SLICE_X35Y61         CARRY4 (Prop_carry4_CI_CO[3])
                                                      0.098     8.970 r  out_i_reg[15]_i_3/CO[3]
                         net (fo=1, routed)           0.000     8.970    out_i_reg[15]_i_3_n_0
    SLICE_X35Y62         CARRY4 (Prop_carry4_CI_O[0])
                                                      0.180     9.150 r  out_i_reg[15]_i_8/O[0]
                         net (fo=4, routed)           0.636     9.786    out_i_reg[15]_i_8_n_7
    SLICE_X34Y60         LUT2 (Prop_lut2_I0_O)        0.249    10.035 r  out_i[15]_i_37/O
                         net (fo=1, routed)           0.000    10.035    out_i[15]_i_37_n_0
    SLICE_X34Y60         CARRY4 (Prop_carry4_S[1]_CO[3])
                                                      0.444    10.479 r  out_i_reg[15]_i_23/CO[3]
                         net (fo=1, routed)           0.000    10.479    out_i_reg[15]_i_23_n_0
    SLICE_X34Y61         CARRY4 (Prop_carry4_CI_CO[3])
                                                      0.100    10.579 r  out_i_reg[15]_i_14/CO[3]
                         net (fo=1, routed)           0.000    10.579    out_i_reg[15]_i_14_n_0
    SLICE_X34Y62         CARRY4 (Prop_carry4_CI_CO[0])
                                                      0.207    10.786 r  out_i_reg[15]_i_4/CO[0]
                         net (fo=80, routed)          0.751    11.537    y_i2
    SLICE_X34Y64         LUT4 (Prop_lut4_I2_O)        0.297    11.834 r  w_step[10]_i_76/O
                         net (fo=1, routed)           0.000    11.834    w_step[10]_i_76_n_0
    SLICE_X34Y64         CARRY4 (Prop_carry4_S[1]_CO[3])
                                                      0.444    12.278 r  w_step_reg[10]_i_51/CO[3]
                         net (fo=1, routed)           0.000    12.278    w_step_reg[10]_i_51_n_0
    SLICE_X34Y65         CARRY4 (Prop_carry4_CI_CO[3])
                                                      0.100    12.378 r  w_step_reg[10]_i_37/CO[3]
                         net (fo=1, routed)           0.000    12.378    w_step_reg[10]_i_37_n_0
    SLICE_X34Y66         CARRY4 (Prop_carry4_CI_CO[3])
                                                      0.100    12.478 r  w_step_reg[10]_i_24/CO[3]
                         net (fo=1, routed)           0.000    12.478    w_step_reg[10]_i_24_n_0
    SLICE_X34Y67         CARRY4 (Prop_carry4_CI_CO[0])
                                                      0.207    12.685 r  w_step_reg[10]_i_13/CO[0]
                         net (fo=43, routed)          0.566    13.251    w_step_reg[10]_i_13_n_3
    SLICE_X33Y67         CARRY4 (Prop_carry4_S[1]_CO[3])
                                                      0.754    14.005 r  w_step_reg[10]_i_25/CO[3]
                         net (fo=1, routed)           0.000    14.005    w_step_reg[10]_i_25_n_0
    SLICE_X33Y68         CARRY4 (Prop_carry4_CI_CO[3])
                                                      0.098    14.103 r  w_step_reg[10]_i_14/CO[3]
                         net (fo=28, routed)          0.809    14.912    sgn_dy1
    SLICE_X34Y69         LUT5 (Prop_lut5_I3_O)        0.105    15.017 r  w_step[10]_i_11/O
                         net (fo=1, routed)           0.000    15.017    w_step[10]_i_11_n_0
    SLICE_X34Y69         CARRY4 (Prop_carry4_S[0]_CO[3])
                                                      0.423    15.440 r  w_step_reg[10]_i_3/CO[3]
                         net (fo=1, routed)           0.000    15.440    w_step_reg[10]_i_3_n_0
    SLICE_X34Y70         CARRY4 (Prop_carry4_CI_O[0])
                                                      0.178    15.618 r  w_step_reg[14]_i_6/O[0]
                         net (fo=3, routed)           0.605    16.223    integ_next[11]
    SLICE_X36Y68         LUT2 (Prop_lut2_I0_O)        0.238    16.461 r  w_step[14]_i_9/O
                         net (fo=1, routed)           0.000    16.461    w_step[14]_i_9_n_0
    SLICE_X36Y68         CARRY4 (Prop_carry4_S[1]_CO[3])
                                                      0.444    16.905 r  w_step_reg[14]_i_3/CO[3]
                         net (fo=1, routed)           0.000    16.905    w_step_reg[14]_i_3_n_0
    SLICE_X36Y69         CARRY4 (Prop_carry4_CI_O[3])
                                                      0.262    17.167 f  w_step_reg[18]_i_1/O[3]
                         net (fo=4, routed)           0.665    17.832    w_unclamped[18]
    SLICE_X41Y69         LUT2 (Prop_lut2_I0_O)        0.250    18.082 r  w_step[14]_i_40/O
                         net (fo=1, routed)           0.000    18.082    w_step[14]_i_40_n_0
    SLICE_X41Y69         CARRY4 (Prop_carry4_S[3]_CO[3])
                                                      0.332    18.414 r  w_step_reg[14]_i_23/CO[3]
                         net (fo=1, routed)           0.000    18.414    w_step_reg[14]_i_23_n_0
    SLICE_X41Y70         CARRY4 (Prop_carry4_CI_CO[3])
                                                      0.098    18.512 r  w_step_reg[14]_i_13/CO[3]
                         net (fo=1, routed)           0.000    18.512    w_step_reg[14]_i_13_n_0
    SLICE_X41Y71         CARRY4 (Prop_carry4_CI_CO[1])
                                                      0.132    18.644 r  w_step_reg[14]_i_5/CO[1]
                         net (fo=5, routed)           0.275    18.919    w_clamped2
    SLICE_X39Y71         LUT4 (Prop_lut4_I3_O)        0.275    19.194 r  w_step[31]_i_1/O
                         net (fo=17, routed)          1.089    20.283    w_step[31]_i_1_n_0
    SLICE_X38Y70         FDRE                                         r  w_step_reg[31]/R
  -------------------------------------------------------------------    -------------------

                         (clock clk rise edge)       10.000    10.000 r
                                                      0.000    10.000 r  clk (IN)
                         net (fo=202, unset)          1.226    11.226    clk
    SLICE_X38Y70         FDRE                                         r  w_step_reg[31]/C
                         clock pessimism              0.126    11.352
                         clock uncertainty           -0.035    11.317
    SLICE_X38Y70         FDRE (Setup_fdre_C_R)       -0.423    10.894    w_step_reg[31]
  -------------------------------------------------------------------
                         required time                         10.894
                         arrival time                         -20.283
  -------------------------------------------------------------------
                         slack                                 -9.390

Slack (VIOLATED) :        -9.351ns  (required time - arrival time)
  Source:                 nco_reg[4]_replica/C
                            (rising edge-triggered cell FDRE clocked by clk  {rise@0.000ns fall@5.000ns period=10.000ns})
  Destination:            w_step_reg[16]/R
                            (rising edge-triggered cell FDRE clocked by clk  {rise@0.000ns fall@5.000ns period=10.000ns})
  Path Group:             clk
  Path Type:              Setup (Max at Slow Process Corner)
  Requirement:            10.000ns  (clk rise@10.000ns - clk rise@0.000ns)
  Data Path Delay:        18.852ns  (logic 11.362ns (60.268%)  route 7.490ns (39.732%))
  Logic Levels:           34  (CARRY4=24 DSP48E1=1 LUT2=6 LUT4=2 LUT5=1)
  Clock Path Skew:        -0.040ns (DCD - SCD + CPR)
    Destination Clock Delay (DCD):    1.224ns = ( 11.224 - 10.000 )
    Source Clock Delay      (SCD):    1.390ns
    Clock Pessimism Removal (CPR):    0.126ns
  Clock Uncertainty:      0.035ns  ((TSJ^2 + TIJ^2)^1/2 + DJ) / 2 + PE
    Total System Jitter     (TSJ):    0.071ns
    Total Input Jitter      (TIJ):    0.000ns
    Discrete Jitter          (DJ):    0.000ns
    Phase Error              (PE):    0.000ns

    Location             Delay type                Incr(ns)  Path(ns)    Netlist Resource(s)
  -------------------------------------------------------------------    -------------------
                         (clock clk rise edge)        0.000     0.000 r
                                                      0.000     0.000 r  clk (IN)
                         net (fo=202, unset)          1.390     1.390    clk
    SLICE_X39Y54         FDRE                                         r  nco_reg[4]_replica/C
  -------------------------------------------------------------------    -------------------
    SLICE_X39Y54         FDRE (Prop_fdre_C_Q)         0.379     1.769 f  nco_reg[4]_replica/Q
                         net (fo=3, routed)           0.485     2.254    mu_raw[6]_repN
    SLICE_X38Y55         LUT2 (Prop_lut2_I0_O)        0.105     2.359 r  mu_di_i_41/O
                         net (fo=1, routed)           0.000     2.359    mu_di_i_41_n_0
    SLICE_X38Y55         CARRY4 (Prop_carry4_S[0]_CO[3])
                                                      0.423     2.782 r  mu_di_i_26/CO[3]
                         net (fo=1, routed)           0.000     2.782    mu_di_i_26_n_0
    SLICE_X38Y56         CARRY4 (Prop_carry4_CI_CO[3])
                                                      0.100     2.882 r  mu_di_i_17/CO[3]
                         net (fo=1, routed)           0.000     2.882    mu_di_i_17_n_0
    SLICE_X38Y57         CARRY4 (Prop_carry4_CI_CO[3])
                                                      0.100     2.982 r  mu_di_i_14/CO[3]
                         net (fo=1, routed)           0.000     2.982    mu_di_i_14_n_0
    SLICE_X38Y58         CARRY4 (Prop_carry4_CI_CO[0])
                                                      0.207     3.189 r  mu_di_i_13/CO[0]
                         net (fo=23, routed)          0.458     3.647    mu1
    SLICE_X39Y58         LUT2 (Prop_lut2_I0_O)        0.297     3.944 r  mu_di_i_3/O
                         net (fo=2, routed)           0.482     4.427    mu_di_i_3_n_0
    DSP48_X2Y22          DSP48E1 (Prop_dsp48e1_B[15]_P[21])
                                                      3.076     7.503 r  mu_di/P[21]
                         net (fo=1, routed)           0.709     8.212    mu_di_n_84
    SLICE_X35Y59         LUT2 (Prop_lut2_I1_O)        0.105     8.317 r  out_i[7]_i_5/O
                         net (fo=1, routed)           0.000     8.317    out_i[7]_i_5_n_0
    SLICE_X35Y59         CARRY4 (Prop_carry4_S[1]_CO[3])
                                                      0.457     8.774 r  out_i_reg[7]_i_2/CO[3]
                         net (fo=1, routed)           0.000     8.774    out_i_reg[7]_i_2_n_0
    SLICE_X35Y60         CARRY4 (Prop_carry4_CI_CO[3])
                                                      0.098     8.872 r  out_i_reg[11]_i_2/CO[3]
                         net (fo=1, routed)           0.000     8.872    out_i_reg[11]_i_2_n_0
    SLICE_X35Y61         CARRY4 (Prop_carry4_CI_CO[3])
                                                      0.098     8.970 r  out_i_reg[15]_i_3/CO[3]
                         net (fo=1, routed)           0.000     8.970    out_i_reg[15]_i_3_n_0
    SLICE_X35Y62         CARRY4 (Prop_carry4_CI_O[0])
                                                      0.180     9.150 r  out_i_reg[15]_i_8/O[0]
                         net (fo=4, routed)           0.636     9.786    out_i_reg[15]_i_8_n_7
    SLICE_X34Y60         LUT2 (Prop_lut2_I0_O)        0.249    10.035 r  out_i[15]_i_37/O
                         net (fo=1, routed)           0.000    10.035    out_i[15]_i_37_n_0
    SLICE_X34Y60         CARRY4 (Prop_carry4_S[1]_CO[3])
                                                      0.444    10.479 r  out_i_reg[15]_i_23/CO[3]
                         net (fo=1, routed)           0.000    10.479    out_i_reg[15]_i_23_n_0
    SLICE_X34Y61         CARRY4 (Prop_carry4_CI_CO[3])
                                                      0.100    10.579 r  out_i_reg[15]_i_14/CO[3]
                         net (fo=1, routed)           0.000    10.579    out_i_reg[15]_i_14_n_0
    SLICE_X34Y62         CARRY4 (Prop_carry4_CI_CO[0])
                                                      0.207    10.786 r  out_i_reg[15]_i_4/CO[0]
                         net (fo=80, routed)          0.751    11.537    y_i2
    SLICE_X34Y64         LUT4 (Prop_lut4_I2_O)        0.297    11.834 r  w_step[10]_i_76/O
                         net (fo=1, routed)           0.000    11.834    w_step[10]_i_76_n_0
    SLICE_X34Y64         CARRY4 (Prop_carry4_S[1]_CO[3])
                                                      0.444    12.278 r  w_step_reg[10]_i_51/CO[3]
                         net (fo=1, routed)           0.000    12.278    w_step_reg[10]_i_51_n_0
    SLICE_X34Y65         CARRY4 (Prop_carry4_CI_CO[3])
                                                      0.100    12.378 r  w_step_reg[10]_i_37/CO[3]
                         net (fo=1, routed)           0.000    12.378    w_step_reg[10]_i_37_n_0
    SLICE_X34Y66         CARRY4 (Prop_carry4_CI_CO[3])
                                                      0.100    12.478 r  w_step_reg[10]_i_24/CO[3]
                         net (fo=1, routed)           0.000    12.478    w_step_reg[10]_i_24_n_0
    SLICE_X34Y67         CARRY4 (Prop_carry4_CI_CO[0])
                                                      0.207    12.685 r  w_step_reg[10]_i_13/CO[0]
                         net (fo=43, routed)          0.566    13.251    w_step_reg[10]_i_13_n_3
    SLICE_X33Y67         CARRY4 (Prop_carry4_S[1]_CO[3])
                                                      0.754    14.005 r  w_step_reg[10]_i_25/CO[3]
                         net (fo=1, routed)           0.000    14.005    w_step_reg[10]_i_25_n_0
    SLICE_X33Y68         CARRY4 (Prop_carry4_CI_CO[3])
                                                      0.098    14.103 r  w_step_reg[10]_i_14/CO[3]
                         net (fo=28, routed)          0.809    14.912    sgn_dy1
    SLICE_X34Y69         LUT5 (Prop_lut5_I3_O)        0.105    15.017 r  w_step[10]_i_11/O
                         net (fo=1, routed)           0.000    15.017    w_step[10]_i_11_n_0
    SLICE_X34Y69         CARRY4 (Prop_carry4_S[0]_CO[3])
                                                      0.423    15.440 r  w_step_reg[10]_i_3/CO[3]
                         net (fo=1, routed)           0.000    15.440    w_step_reg[10]_i_3_n_0
    SLICE_X34Y70         CARRY4 (Prop_carry4_CI_O[0])
                                                      0.178    15.618 r  w_step_reg[14]_i_6/O[0]
                         net (fo=3, routed)           0.605    16.223    integ_next[11]
    SLICE_X36Y68         LUT2 (Prop_lut2_I0_O)        0.238    16.461 r  w_step[14]_i_9/O
                         net (fo=1, routed)           0.000    16.461    w_step[14]_i_9_n_0
    SLICE_X36Y68         CARRY4 (Prop_carry4_S[1]_CO[3])
                                                      0.444    16.905 r  w_step_reg[14]_i_3/CO[3]
                         net (fo=1, routed)           0.000    16.905    w_step_reg[14]_i_3_n_0
    SLICE_X36Y69         CARRY4 (Prop_carry4_CI_O[3])
                                                      0.262    17.167 f  w_step_reg[18]_i_1/O[3]
                         net (fo=4, routed)           0.665    17.832    w_unclamped[18]
    SLICE_X41Y69         LUT2 (Prop_lut2_I0_O)        0.250    18.082 r  w_step[14]_i_40/O
                         net (fo=1, routed)           0.000    18.082    w_step[14]_i_40_n_0
    SLICE_X41Y69         CARRY4 (Prop_carry4_S[3]_CO[3])
                                                      0.332    18.414 r  w_step_reg[14]_i_23/CO[3]
                         net (fo=1, routed)           0.000    18.414    w_step_reg[14]_i_23_n_0
    SLICE_X41Y70         CARRY4 (Prop_carry4_CI_CO[3])
                                                      0.098    18.512 r  w_step_reg[14]_i_13/CO[3]
                         net (fo=1, routed)           0.000    18.512    w_step_reg[14]_i_13_n_0
    SLICE_X41Y71         CARRY4 (Prop_carry4_CI_CO[1])
                                                      0.132    18.644 r  w_step_reg[14]_i_5/CO[1]
                         net (fo=5, routed)           0.275    18.919    w_clamped2
    SLICE_X39Y71         LUT4 (Prop_lut4_I3_O)        0.275    19.194 r  w_step[31]_i_1/O
                         net (fo=17, routed)          1.048    20.242    w_step[31]_i_1_n_0
    SLICE_X36Y71         FDRE                                         r  w_step_reg[16]/R
  -------------------------------------------------------------------    -------------------

                         (clock clk rise edge)       10.000    10.000 r
                                                      0.000    10.000 r  clk (IN)
                         net (fo=202, unset)          1.224    11.224    clk
    SLICE_X36Y71         FDRE                                         r  w_step_reg[16]/C
                         clock pessimism              0.126    11.350
                         clock uncertainty           -0.035    11.315
    SLICE_X36Y71         FDRE (Setup_fdre_C_R)       -0.423    10.892    w_step_reg[16]
  -------------------------------------------------------------------
                         required time                         10.892
                         arrival time                         -20.242
  -------------------------------------------------------------------
                         slack                                 -9.351

Slack (VIOLATED) :        -9.351ns  (required time - arrival time)
  Source:                 nco_reg[4]_replica/C
                            (rising edge-triggered cell FDRE clocked by clk  {rise@0.000ns fall@5.000ns period=10.000ns})
  Destination:            w_step_reg[18]/R
                            (rising edge-triggered cell FDRE clocked by clk  {rise@0.000ns fall@5.000ns period=10.000ns})
  Path Group:             clk
  Path Type:              Setup (Max at Slow Process Corner)
  Requirement:            10.000ns  (clk rise@10.000ns - clk rise@0.000ns)
  Data Path Delay:        18.852ns  (logic 11.362ns (60.268%)  route 7.490ns (39.732%))
  Logic Levels:           34  (CARRY4=24 DSP48E1=1 LUT2=6 LUT4=2 LUT5=1)
  Clock Path Skew:        -0.040ns (DCD - SCD + CPR)
    Destination Clock Delay (DCD):    1.224ns = ( 11.224 - 10.000 )
    Source Clock Delay      (SCD):    1.390ns
    Clock Pessimism Removal (CPR):    0.126ns
  Clock Uncertainty:      0.035ns  ((TSJ^2 + TIJ^2)^1/2 + DJ) / 2 + PE
    Total System Jitter     (TSJ):    0.071ns
    Total Input Jitter      (TIJ):    0.000ns
    Discrete Jitter          (DJ):    0.000ns
    Phase Error              (PE):    0.000ns

    Location             Delay type                Incr(ns)  Path(ns)    Netlist Resource(s)
  -------------------------------------------------------------------    -------------------
                         (clock clk rise edge)        0.000     0.000 r
                                                      0.000     0.000 r  clk (IN)
                         net (fo=202, unset)          1.390     1.390    clk
    SLICE_X39Y54         FDRE                                         r  nco_reg[4]_replica/C
  -------------------------------------------------------------------    -------------------
    SLICE_X39Y54         FDRE (Prop_fdre_C_Q)         0.379     1.769 f  nco_reg[4]_replica/Q
                         net (fo=3, routed)           0.485     2.254    mu_raw[6]_repN
    SLICE_X38Y55         LUT2 (Prop_lut2_I0_O)        0.105     2.359 r  mu_di_i_41/O
                         net (fo=1, routed)           0.000     2.359    mu_di_i_41_n_0
    SLICE_X38Y55         CARRY4 (Prop_carry4_S[0]_CO[3])
                                                      0.423     2.782 r  mu_di_i_26/CO[3]
                         net (fo=1, routed)           0.000     2.782    mu_di_i_26_n_0
    SLICE_X38Y56         CARRY4 (Prop_carry4_CI_CO[3])
                                                      0.100     2.882 r  mu_di_i_17/CO[3]
                         net (fo=1, routed)           0.000     2.882    mu_di_i_17_n_0
    SLICE_X38Y57         CARRY4 (Prop_carry4_CI_CO[3])
                                                      0.100     2.982 r  mu_di_i_14/CO[3]
                         net (fo=1, routed)           0.000     2.982    mu_di_i_14_n_0
    SLICE_X38Y58         CARRY4 (Prop_carry4_CI_CO[0])
                                                      0.207     3.189 r  mu_di_i_13/CO[0]
                         net (fo=23, routed)          0.458     3.647    mu1
    SLICE_X39Y58         LUT2 (Prop_lut2_I0_O)        0.297     3.944 r  mu_di_i_3/O
                         net (fo=2, routed)           0.482     4.427    mu_di_i_3_n_0
    DSP48_X2Y22          DSP48E1 (Prop_dsp48e1_B[15]_P[21])
                                                      3.076     7.503 r  mu_di/P[21]
                         net (fo=1, routed)           0.709     8.212    mu_di_n_84
    SLICE_X35Y59         LUT2 (Prop_lut2_I1_O)        0.105     8.317 r  out_i[7]_i_5/O
                         net (fo=1, routed)           0.000     8.317    out_i[7]_i_5_n_0
    SLICE_X35Y59         CARRY4 (Prop_carry4_S[1]_CO[3])
                                                      0.457     8.774 r  out_i_reg[7]_i_2/CO[3]
                         net (fo=1, routed)           0.000     8.774    out_i_reg[7]_i_2_n_0
    SLICE_X35Y60         CARRY4 (Prop_carry4_CI_CO[3])
                                                      0.098     8.872 r  out_i_reg[11]_i_2/CO[3]
                         net (fo=1, routed)           0.000     8.872    out_i_reg[11]_i_2_n_0
    SLICE_X35Y61         CARRY4 (Prop_carry4_CI_CO[3])
                                                      0.098     8.970 r  out_i_reg[15]_i_3/CO[3]
                         net (fo=1, routed)           0.000     8.970    out_i_reg[15]_i_3_n_0
    SLICE_X35Y62         CARRY4 (Prop_carry4_CI_O[0])
                                                      0.180     9.150 r  out_i_reg[15]_i_8/O[0]
                         net (fo=4, routed)           0.636     9.786    out_i_reg[15]_i_8_n_7
    SLICE_X34Y60         LUT2 (Prop_lut2_I0_O)        0.249    10.035 r  out_i[15]_i_37/O
                         net (fo=1, routed)           0.000    10.035    out_i[15]_i_37_n_0
    SLICE_X34Y60         CARRY4 (Prop_carry4_S[1]_CO[3])
                                                      0.444    10.479 r  out_i_reg[15]_i_23/CO[3]
                         net (fo=1, routed)           0.000    10.479    out_i_reg[15]_i_23_n_0
    SLICE_X34Y61         CARRY4 (Prop_carry4_CI_CO[3])
                                                      0.100    10.579 r  out_i_reg[15]_i_14/CO[3]
                         net (fo=1, routed)           0.000    10.579    out_i_reg[15]_i_14_n_0
    SLICE_X34Y62         CARRY4 (Prop_carry4_CI_CO[0])
                                                      0.207    10.786 r  out_i_reg[15]_i_4/CO[0]
                         net (fo=80, routed)          0.751    11.537    y_i2
    SLICE_X34Y64         LUT4 (Prop_lut4_I2_O)        0.297    11.834 r  w_step[10]_i_76/O
                         net (fo=1, routed)           0.000    11.834    w_step[10]_i_76_n_0
    SLICE_X34Y64         CARRY4 (Prop_carry4_S[1]_CO[3])
                                                      0.444    12.278 r  w_step_reg[10]_i_51/CO[3]
                         net (fo=1, routed)           0.000    12.278    w_step_reg[10]_i_51_n_0
    SLICE_X34Y65         CARRY4 (Prop_carry4_CI_CO[3])
                                                      0.100    12.378 r  w_step_reg[10]_i_37/CO[3]
                         net (fo=1, routed)           0.000    12.378    w_step_reg[10]_i_37_n_0
    SLICE_X34Y66         CARRY4 (Prop_carry4_CI_CO[3])
                                                      0.100    12.478 r  w_step_reg[10]_i_24/CO[3]
                         net (fo=1, routed)           0.000    12.478    w_step_reg[10]_i_24_n_0
    SLICE_X34Y67         CARRY4 (Prop_carry4_CI_CO[0])
                                                      0.207    12.685 r  w_step_reg[10]_i_13/CO[0]
                         net (fo=43, routed)          0.566    13.251    w_step_reg[10]_i_13_n_3
    SLICE_X33Y67         CARRY4 (Prop_carry4_S[1]_CO[3])
                                                      0.754    14.005 r  w_step_reg[10]_i_25/CO[3]
                         net (fo=1, routed)           0.000    14.005    w_step_reg[10]_i_25_n_0
    SLICE_X33Y68         CARRY4 (Prop_carry4_CI_CO[3])
                                                      0.098    14.103 r  w_step_reg[10]_i_14/CO[3]
                         net (fo=28, routed)          0.809    14.912    sgn_dy1
    SLICE_X34Y69         LUT5 (Prop_lut5_I3_O)        0.105    15.017 r  w_step[10]_i_11/O
                         net (fo=1, routed)           0.000    15.017    w_step[10]_i_11_n_0
    SLICE_X34Y69         CARRY4 (Prop_carry4_S[0]_CO[3])
                                                      0.423    15.440 r  w_step_reg[10]_i_3/CO[3]
                         net (fo=1, routed)           0.000    15.440    w_step_reg[10]_i_3_n_0
    SLICE_X34Y70         CARRY4 (Prop_carry4_CI_O[0])
                                                      0.178    15.618 r  w_step_reg[14]_i_6/O[0]
                         net (fo=3, routed)           0.605    16.223    integ_next[11]
    SLICE_X36Y68         LUT2 (Prop_lut2_I0_O)        0.238    16.461 r  w_step[14]_i_9/O
                         net (fo=1, routed)           0.000    16.461    w_step[14]_i_9_n_0
    SLICE_X36Y68         CARRY4 (Prop_carry4_S[1]_CO[3])
                                                      0.444    16.905 r  w_step_reg[14]_i_3/CO[3]
                         net (fo=1, routed)           0.000    16.905    w_step_reg[14]_i_3_n_0
    SLICE_X36Y69         CARRY4 (Prop_carry4_CI_O[3])
                                                      0.262    17.167 f  w_step_reg[18]_i_1/O[3]
                         net (fo=4, routed)           0.665    17.832    w_unclamped[18]
    SLICE_X41Y69         LUT2 (Prop_lut2_I0_O)        0.250    18.082 r  w_step[14]_i_40/O
                         net (fo=1, routed)           0.000    18.082    w_step[14]_i_40_n_0
    SLICE_X41Y69         CARRY4 (Prop_carry4_S[3]_CO[3])
                                                      0.332    18.414 r  w_step_reg[14]_i_23/CO[3]
                         net (fo=1, routed)           0.000    18.414    w_step_reg[14]_i_23_n_0
    SLICE_X41Y70         CARRY4 (Prop_carry4_CI_CO[3])
                                                      0.098    18.512 r  w_step_reg[14]_i_13/CO[3]
                         net (fo=1, routed)           0.000    18.512    w_step_reg[14]_i_13_n_0
    SLICE_X41Y71         CARRY4 (Prop_carry4_CI_CO[1])
                                                      0.132    18.644 r  w_step_reg[14]_i_5/CO[1]
                         net (fo=5, routed)           0.275    18.919    w_clamped2
    SLICE_X39Y71         LUT4 (Prop_lut4_I3_O)        0.275    19.194 r  w_step[31]_i_1/O
                         net (fo=17, routed)          1.048    20.242    w_step[31]_i_1_n_0
    SLICE_X36Y71         FDRE                                         r  w_step_reg[18]/R
  -------------------------------------------------------------------    -------------------

                         (clock clk rise edge)       10.000    10.000 r
                                                      0.000    10.000 r  clk (IN)
                         net (fo=202, unset)          1.224    11.224    clk
    SLICE_X36Y71         FDRE                                         r  w_step_reg[18]/C
                         clock pessimism              0.126    11.350
                         clock uncertainty           -0.035    11.315
    SLICE_X36Y71         FDRE (Setup_fdre_C_R)       -0.423    10.892    w_step_reg[18]
  -------------------------------------------------------------------
                         required time                         10.892
                         arrival time                         -20.242
  -------------------------------------------------------------------
                         slack                                 -9.351

Slack (VIOLATED) :        -9.351ns  (required time - arrival time)
  Source:                 nco_reg[4]_replica/C
                            (rising edge-triggered cell FDRE clocked by clk  {rise@0.000ns fall@5.000ns period=10.000ns})
  Destination:            w_step_reg[4]/R
                            (rising edge-triggered cell FDRE clocked by clk  {rise@0.000ns fall@5.000ns period=10.000ns})
  Path Group:             clk
  Path Type:              Setup (Max at Slow Process Corner)
  Requirement:            10.000ns  (clk rise@10.000ns - clk rise@0.000ns)
  Data Path Delay:        18.852ns  (logic 11.362ns (60.268%)  route 7.490ns (39.732%))
  Logic Levels:           34  (CARRY4=24 DSP48E1=1 LUT2=6 LUT4=2 LUT5=1)
  Clock Path Skew:        -0.040ns (DCD - SCD + CPR)
    Destination Clock Delay (DCD):    1.224ns = ( 11.224 - 10.000 )
    Source Clock Delay      (SCD):    1.390ns
    Clock Pessimism Removal (CPR):    0.126ns
  Clock Uncertainty:      0.035ns  ((TSJ^2 + TIJ^2)^1/2 + DJ) / 2 + PE
    Total System Jitter     (TSJ):    0.071ns
    Total Input Jitter      (TIJ):    0.000ns
    Discrete Jitter          (DJ):    0.000ns
    Phase Error              (PE):    0.000ns

    Location             Delay type                Incr(ns)  Path(ns)    Netlist Resource(s)
  -------------------------------------------------------------------    -------------------
                         (clock clk rise edge)        0.000     0.000 r
                                                      0.000     0.000 r  clk (IN)
                         net (fo=202, unset)          1.390     1.390    clk
    SLICE_X39Y54         FDRE                                         r  nco_reg[4]_replica/C
  -------------------------------------------------------------------    -------------------
    SLICE_X39Y54         FDRE (Prop_fdre_C_Q)         0.379     1.769 f  nco_reg[4]_replica/Q
                         net (fo=3, routed)           0.485     2.254    mu_raw[6]_repN
    SLICE_X38Y55         LUT2 (Prop_lut2_I0_O)        0.105     2.359 r  mu_di_i_41/O
                         net (fo=1, routed)           0.000     2.359    mu_di_i_41_n_0
    SLICE_X38Y55         CARRY4 (Prop_carry4_S[0]_CO[3])
                                                      0.423     2.782 r  mu_di_i_26/CO[3]
                         net (fo=1, routed)           0.000     2.782    mu_di_i_26_n_0
    SLICE_X38Y56         CARRY4 (Prop_carry4_CI_CO[3])
                                                      0.100     2.882 r  mu_di_i_17/CO[3]
                         net (fo=1, routed)           0.000     2.882    mu_di_i_17_n_0
    SLICE_X38Y57         CARRY4 (Prop_carry4_CI_CO[3])
                                                      0.100     2.982 r  mu_di_i_14/CO[3]
                         net (fo=1, routed)           0.000     2.982    mu_di_i_14_n_0
    SLICE_X38Y58         CARRY4 (Prop_carry4_CI_CO[0])
                                                      0.207     3.189 r  mu_di_i_13/CO[0]
                         net (fo=23, routed)          0.458     3.647    mu1
    SLICE_X39Y58         LUT2 (Prop_lut2_I0_O)        0.297     3.944 r  mu_di_i_3/O
                         net (fo=2, routed)           0.482     4.427    mu_di_i_3_n_0
    DSP48_X2Y22          DSP48E1 (Prop_dsp48e1_B[15]_P[21])
                                                      3.076     7.503 r  mu_di/P[21]
                         net (fo=1, routed)           0.709     8.212    mu_di_n_84
    SLICE_X35Y59         LUT2 (Prop_lut2_I1_O)        0.105     8.317 r  out_i[7]_i_5/O
                         net (fo=1, routed)           0.000     8.317    out_i[7]_i_5_n_0
    SLICE_X35Y59         CARRY4 (Prop_carry4_S[1]_CO[3])
                                                      0.457     8.774 r  out_i_reg[7]_i_2/CO[3]
                         net (fo=1, routed)           0.000     8.774    out_i_reg[7]_i_2_n_0
    SLICE_X35Y60         CARRY4 (Prop_carry4_CI_CO[3])
                                                      0.098     8.872 r  out_i_reg[11]_i_2/CO[3]
                         net (fo=1, routed)           0.000     8.872    out_i_reg[11]_i_2_n_0
    SLICE_X35Y61         CARRY4 (Prop_carry4_CI_CO[3])
                                                      0.098     8.970 r  out_i_reg[15]_i_3/CO[3]
                         net (fo=1, routed)           0.000     8.970    out_i_reg[15]_i_3_n_0
    SLICE_X35Y62         CARRY4 (Prop_carry4_CI_O[0])
                                                      0.180     9.150 r  out_i_reg[15]_i_8/O[0]
                         net (fo=4, routed)           0.636     9.786    out_i_reg[15]_i_8_n_7
    SLICE_X34Y60         LUT2 (Prop_lut2_I0_O)        0.249    10.035 r  out_i[15]_i_37/O
                         net (fo=1, routed)           0.000    10.035    out_i[15]_i_37_n_0
    SLICE_X34Y60         CARRY4 (Prop_carry4_S[1]_CO[3])
                                                      0.444    10.479 r  out_i_reg[15]_i_23/CO[3]
                         net (fo=1, routed)           0.000    10.479    out_i_reg[15]_i_23_n_0
    SLICE_X34Y61         CARRY4 (Prop_carry4_CI_CO[3])
                                                      0.100    10.579 r  out_i_reg[15]_i_14/CO[3]
                         net (fo=1, routed)           0.000    10.579    out_i_reg[15]_i_14_n_0
    SLICE_X34Y62         CARRY4 (Prop_carry4_CI_CO[0])
                                                      0.207    10.786 r  out_i_reg[15]_i_4/CO[0]
                         net (fo=80, routed)          0.751    11.537    y_i2
    SLICE_X34Y64         LUT4 (Prop_lut4_I2_O)        0.297    11.834 r  w_step[10]_i_76/O
                         net (fo=1, routed)           0.000    11.834    w_step[10]_i_76_n_0
    SLICE_X34Y64         CARRY4 (Prop_carry4_S[1]_CO[3])
                                                      0.444    12.278 r  w_step_reg[10]_i_51/CO[3]
                         net (fo=1, routed)           0.000    12.278    w_step_reg[10]_i_51_n_0
    SLICE_X34Y65         CARRY4 (Prop_carry4_CI_CO[3])
                                                      0.100    12.378 r  w_step_reg[10]_i_37/CO[3]
                         net (fo=1, routed)           0.000    12.378    w_step_reg[10]_i_37_n_0
    SLICE_X34Y66         CARRY4 (Prop_carry4_CI_CO[3])
                                                      0.100    12.478 r  w_step_reg[10]_i_24/CO[3]
                         net (fo=1, routed)           0.000    12.478    w_step_reg[10]_i_24_n_0
    SLICE_X34Y67         CARRY4 (Prop_carry4_CI_CO[0])
                                                      0.207    12.685 r  w_step_reg[10]_i_13/CO[0]
                         net (fo=43, routed)          0.566    13.251    w_step_reg[10]_i_13_n_3
    SLICE_X33Y67         CARRY4 (Prop_carry4_S[1]_CO[3])
                                                      0.754    14.005 r  w_step_reg[10]_i_25/CO[3]
                         net (fo=1, routed)           0.000    14.005    w_step_reg[10]_i_25_n_0
    SLICE_X33Y68         CARRY4 (Prop_carry4_CI_CO[3])
                                                      0.098    14.103 r  w_step_reg[10]_i_14/CO[3]
                         net (fo=28, routed)          0.809    14.912    sgn_dy1
    SLICE_X34Y69         LUT5 (Prop_lut5_I3_O)        0.105    15.017 r  w_step[10]_i_11/O
                         net (fo=1, routed)           0.000    15.017    w_step[10]_i_11_n_0
    SLICE_X34Y69         CARRY4 (Prop_carry4_S[0]_CO[3])
                                                      0.423    15.440 r  w_step_reg[10]_i_3/CO[3]
                         net (fo=1, routed)           0.000    15.440    w_step_reg[10]_i_3_n_0
    SLICE_X34Y70         CARRY4 (Prop_carry4_CI_O[0])
                                                      0.178    15.618 r  w_step_reg[14]_i_6/O[0]
                         net (fo=3, routed)           0.605    16.223    integ_next[11]
    SLICE_X36Y68         LUT2 (Prop_lut2_I0_O)        0.238    16.461 r  w_step[14]_i_9/O
                         net (fo=1, routed)           0.000    16.461    w_step[14]_i_9_n_0
    SLICE_X36Y68         CARRY4 (Prop_carry4_S[1]_CO[3])
                                                      0.444    16.905 r  w_step_reg[14]_i_3/CO[3]
                         net (fo=1, routed)           0.000    16.905    w_step_reg[14]_i_3_n_0
    SLICE_X36Y69         CARRY4 (Prop_carry4_CI_O[3])
                                                      0.262    17.167 f  w_step_reg[18]_i_1/O[3]
                         net (fo=4, routed)           0.665    17.832    w_unclamped[18]
    SLICE_X41Y69         LUT2 (Prop_lut2_I0_O)        0.250    18.082 r  w_step[14]_i_40/O
                         net (fo=1, routed)           0.000    18.082    w_step[14]_i_40_n_0
    SLICE_X41Y69         CARRY4 (Prop_carry4_S[3]_CO[3])
                                                      0.332    18.414 r  w_step_reg[14]_i_23/CO[3]
                         net (fo=1, routed)           0.000    18.414    w_step_reg[14]_i_23_n_0
    SLICE_X41Y70         CARRY4 (Prop_carry4_CI_CO[3])
                                                      0.098    18.512 r  w_step_reg[14]_i_13/CO[3]
                         net (fo=1, routed)           0.000    18.512    w_step_reg[14]_i_13_n_0
    SLICE_X41Y71         CARRY4 (Prop_carry4_CI_CO[1])
                                                      0.132    18.644 r  w_step_reg[14]_i_5/CO[1]
                         net (fo=5, routed)           0.275    18.919    w_clamped2
    SLICE_X39Y71         LUT4 (Prop_lut4_I3_O)        0.275    19.194 r  w_step[31]_i_1/O
                         net (fo=17, routed)          1.048    20.242    w_step[31]_i_1_n_0
    SLICE_X36Y71         FDRE                                         r  w_step_reg[4]/R
  -------------------------------------------------------------------    -------------------

                         (clock clk rise edge)       10.000    10.000 r
                                                      0.000    10.000 r  clk (IN)
                         net (fo=202, unset)          1.224    11.224    clk
    SLICE_X36Y71         FDRE                                         r  w_step_reg[4]/C
                         clock pessimism              0.126    11.350
                         clock uncertainty           -0.035    11.315
    SLICE_X36Y71         FDRE (Setup_fdre_C_R)       -0.423    10.892    w_step_reg[4]
  -------------------------------------------------------------------
                         required time                         10.892
                         arrival time                         -20.242
  -------------------------------------------------------------------
                         slack                                 -9.351

Slack (VIOLATED) :        -9.351ns  (required time - arrival time)
  Source:                 nco_reg[4]_replica/C
                            (rising edge-triggered cell FDRE clocked by clk  {rise@0.000ns fall@5.000ns period=10.000ns})
  Destination:            w_step_reg[5]/R
                            (rising edge-triggered cell FDRE clocked by clk  {rise@0.000ns fall@5.000ns period=10.000ns})
  Path Group:             clk
  Path Type:              Setup (Max at Slow Process Corner)
  Requirement:            10.000ns  (clk rise@10.000ns - clk rise@0.000ns)
  Data Path Delay:        18.852ns  (logic 11.362ns (60.268%)  route 7.490ns (39.732%))
  Logic Levels:           34  (CARRY4=24 DSP48E1=1 LUT2=6 LUT4=2 LUT5=1)
  Clock Path Skew:        -0.040ns (DCD - SCD + CPR)
    Destination Clock Delay (DCD):    1.224ns = ( 11.224 - 10.000 )
    Source Clock Delay      (SCD):    1.390ns
    Clock Pessimism Removal (CPR):    0.126ns
  Clock Uncertainty:      0.035ns  ((TSJ^2 + TIJ^2)^1/2 + DJ) / 2 + PE
    Total System Jitter     (TSJ):    0.071ns
    Total Input Jitter      (TIJ):    0.000ns
    Discrete Jitter          (DJ):    0.000ns
    Phase Error              (PE):    0.000ns

    Location             Delay type                Incr(ns)  Path(ns)    Netlist Resource(s)
  -------------------------------------------------------------------    -------------------
                         (clock clk rise edge)        0.000     0.000 r
                                                      0.000     0.000 r  clk (IN)
                         net (fo=202, unset)          1.390     1.390    clk
    SLICE_X39Y54         FDRE                                         r  nco_reg[4]_replica/C
  -------------------------------------------------------------------    -------------------
    SLICE_X39Y54         FDRE (Prop_fdre_C_Q)         0.379     1.769 f  nco_reg[4]_replica/Q
                         net (fo=3, routed)           0.485     2.254    mu_raw[6]_repN
    SLICE_X38Y55         LUT2 (Prop_lut2_I0_O)        0.105     2.359 r  mu_di_i_41/O
                         net (fo=1, routed)           0.000     2.359    mu_di_i_41_n_0
    SLICE_X38Y55         CARRY4 (Prop_carry4_S[0]_CO[3])
                                                      0.423     2.782 r  mu_di_i_26/CO[3]
                         net (fo=1, routed)           0.000     2.782    mu_di_i_26_n_0
    SLICE_X38Y56         CARRY4 (Prop_carry4_CI_CO[3])
                                                      0.100     2.882 r  mu_di_i_17/CO[3]
                         net (fo=1, routed)           0.000     2.882    mu_di_i_17_n_0
    SLICE_X38Y57         CARRY4 (Prop_carry4_CI_CO[3])
                                                      0.100     2.982 r  mu_di_i_14/CO[3]
                         net (fo=1, routed)           0.000     2.982    mu_di_i_14_n_0
    SLICE_X38Y58         CARRY4 (Prop_carry4_CI_CO[0])
                                                      0.207     3.189 r  mu_di_i_13/CO[0]
                         net (fo=23, routed)          0.458     3.647    mu1
    SLICE_X39Y58         LUT2 (Prop_lut2_I0_O)        0.297     3.944 r  mu_di_i_3/O
                         net (fo=2, routed)           0.482     4.427    mu_di_i_3_n_0
    DSP48_X2Y22          DSP48E1 (Prop_dsp48e1_B[15]_P[21])
                                                      3.076     7.503 r  mu_di/P[21]
                         net (fo=1, routed)           0.709     8.212    mu_di_n_84
    SLICE_X35Y59         LUT2 (Prop_lut2_I1_O)        0.105     8.317 r  out_i[7]_i_5/O
                         net (fo=1, routed)           0.000     8.317    out_i[7]_i_5_n_0
    SLICE_X35Y59         CARRY4 (Prop_carry4_S[1]_CO[3])
                                                      0.457     8.774 r  out_i_reg[7]_i_2/CO[3]
                         net (fo=1, routed)           0.000     8.774    out_i_reg[7]_i_2_n_0
    SLICE_X35Y60         CARRY4 (Prop_carry4_CI_CO[3])
                                                      0.098     8.872 r  out_i_reg[11]_i_2/CO[3]
                         net (fo=1, routed)           0.000     8.872    out_i_reg[11]_i_2_n_0
    SLICE_X35Y61         CARRY4 (Prop_carry4_CI_CO[3])
                                                      0.098     8.970 r  out_i_reg[15]_i_3/CO[3]
                         net (fo=1, routed)           0.000     8.970    out_i_reg[15]_i_3_n_0
    SLICE_X35Y62         CARRY4 (Prop_carry4_CI_O[0])
                                                      0.180     9.150 r  out_i_reg[15]_i_8/O[0]
                         net (fo=4, routed)           0.636     9.786    out_i_reg[15]_i_8_n_7
    SLICE_X34Y60         LUT2 (Prop_lut2_I0_O)        0.249    10.035 r  out_i[15]_i_37/O
                         net (fo=1, routed)           0.000    10.035    out_i[15]_i_37_n_0
    SLICE_X34Y60         CARRY4 (Prop_carry4_S[1]_CO[3])
                                                      0.444    10.479 r  out_i_reg[15]_i_23/CO[3]
                         net (fo=1, routed)           0.000    10.479    out_i_reg[15]_i_23_n_0
    SLICE_X34Y61         CARRY4 (Prop_carry4_CI_CO[3])
                                                      0.100    10.579 r  out_i_reg[15]_i_14/CO[3]
                         net (fo=1, routed)           0.000    10.579    out_i_reg[15]_i_14_n_0
    SLICE_X34Y62         CARRY4 (Prop_carry4_CI_CO[0])
                                                      0.207    10.786 r  out_i_reg[15]_i_4/CO[0]
                         net (fo=80, routed)          0.751    11.537    y_i2
    SLICE_X34Y64         LUT4 (Prop_lut4_I2_O)        0.297    11.834 r  w_step[10]_i_76/O
                         net (fo=1, routed)           0.000    11.834    w_step[10]_i_76_n_0
    SLICE_X34Y64         CARRY4 (Prop_carry4_S[1]_CO[3])
                                                      0.444    12.278 r  w_step_reg[10]_i_51/CO[3]
                         net (fo=1, routed)           0.000    12.278    w_step_reg[10]_i_51_n_0
    SLICE_X34Y65         CARRY4 (Prop_carry4_CI_CO[3])
                                                      0.100    12.378 r  w_step_reg[10]_i_37/CO[3]
                         net (fo=1, routed)           0.000    12.378    w_step_reg[10]_i_37_n_0
    SLICE_X34Y66         CARRY4 (Prop_carry4_CI_CO[3])
                                                      0.100    12.478 r  w_step_reg[10]_i_24/CO[3]
                         net (fo=1, routed)           0.000    12.478    w_step_reg[10]_i_24_n_0
    SLICE_X34Y67         CARRY4 (Prop_carry4_CI_CO[0])
                                                      0.207    12.685 r  w_step_reg[10]_i_13/CO[0]
                         net (fo=43, routed)          0.566    13.251    w_step_reg[10]_i_13_n_3
    SLICE_X33Y67         CARRY4 (Prop_carry4_S[1]_CO[3])
                                                      0.754    14.005 r  w_step_reg[10]_i_25/CO[3]
                         net (fo=1, routed)           0.000    14.005    w_step_reg[10]_i_25_n_0
    SLICE_X33Y68         CARRY4 (Prop_carry4_CI_CO[3])
                                                      0.098    14.103 r  w_step_reg[10]_i_14/CO[3]
                         net (fo=28, routed)          0.809    14.912    sgn_dy1
    SLICE_X34Y69         LUT5 (Prop_lut5_I3_O)        0.105    15.017 r  w_step[10]_i_11/O
                         net (fo=1, routed)           0.000    15.017    w_step[10]_i_11_n_0
    SLICE_X34Y69         CARRY4 (Prop_carry4_S[0]_CO[3])
                                                      0.423    15.440 r  w_step_reg[10]_i_3/CO[3]
                         net (fo=1, routed)           0.000    15.440    w_step_reg[10]_i_3_n_0
    SLICE_X34Y70         CARRY4 (Prop_carry4_CI_O[0])
                                                      0.178    15.618 r  w_step_reg[14]_i_6/O[0]
                         net (fo=3, routed)           0.605    16.223    integ_next[11]
    SLICE_X36Y68         LUT2 (Prop_lut2_I0_O)        0.238    16.461 r  w_step[14]_i_9/O
                         net (fo=1, routed)           0.000    16.461    w_step[14]_i_9_n_0
    SLICE_X36Y68         CARRY4 (Prop_carry4_S[1]_CO[3])
                                                      0.444    16.905 r  w_step_reg[14]_i_3/CO[3]
                         net (fo=1, routed)           0.000    16.905    w_step_reg[14]_i_3_n_0
    SLICE_X36Y69         CARRY4 (Prop_carry4_CI_O[3])
                                                      0.262    17.167 f  w_step_reg[18]_i_1/O[3]
                         net (fo=4, routed)           0.665    17.832    w_unclamped[18]
    SLICE_X41Y69         LUT2 (Prop_lut2_I0_O)        0.250    18.082 r  w_step[14]_i_40/O
                         net (fo=1, routed)           0.000    18.082    w_step[14]_i_40_n_0
    SLICE_X41Y69         CARRY4 (Prop_carry4_S[3]_CO[3])
                                                      0.332    18.414 r  w_step_reg[14]_i_23/CO[3]
                         net (fo=1, routed)           0.000    18.414    w_step_reg[14]_i_23_n_0
    SLICE_X41Y70         CARRY4 (Prop_carry4_CI_CO[3])
                                                      0.098    18.512 r  w_step_reg[14]_i_13/CO[3]
                         net (fo=1, routed)           0.000    18.512    w_step_reg[14]_i_13_n_0
    SLICE_X41Y71         CARRY4 (Prop_carry4_CI_CO[1])
                                                      0.132    18.644 r  w_step_reg[14]_i_5/CO[1]
                         net (fo=5, routed)           0.275    18.919    w_clamped2
    SLICE_X39Y71         LUT4 (Prop_lut4_I3_O)        0.275    19.194 r  w_step[31]_i_1/O
                         net (fo=17, routed)          1.048    20.242    w_step[31]_i_1_n_0
    SLICE_X36Y71         FDRE                                         r  w_step_reg[5]/R
  -------------------------------------------------------------------    -------------------

                         (clock clk rise edge)       10.000    10.000 r
                                                      0.000    10.000 r  clk (IN)
                         net (fo=202, unset)          1.224    11.224    clk
    SLICE_X36Y71         FDRE                                         r  w_step_reg[5]/C
                         clock pessimism              0.126    11.350
                         clock uncertainty           -0.035    11.315
    SLICE_X36Y71         FDRE (Setup_fdre_C_R)       -0.423    10.892    w_step_reg[5]
  -------------------------------------------------------------------
                         required time                         10.892
                         arrival time                         -20.242
  -------------------------------------------------------------------
                         slack                                 -9.351

Slack (VIOLATED) :        -9.319ns  (required time - arrival time)
  Source:                 nco_reg[4]_replica/C
                            (rising edge-triggered cell FDRE clocked by clk  {rise@0.000ns fall@5.000ns period=10.000ns})
  Destination:            w_step_reg[10]/R
                            (rising edge-triggered cell FDRE clocked by clk  {rise@0.000ns fall@5.000ns period=10.000ns})
  Path Group:             clk
  Path Type:              Setup (Max at Slow Process Corner)
  Requirement:            10.000ns  (clk rise@10.000ns - clk rise@0.000ns)
  Data Path Delay:        18.893ns  (logic 11.362ns (60.138%)  route 7.531ns (39.862%))
  Logic Levels:           34  (CARRY4=24 DSP48E1=1 LUT2=6 LUT4=2 LUT5=1)
  Clock Path Skew:        -0.038ns (DCD - SCD + CPR)
    Destination Clock Delay (DCD):    1.226ns = ( 11.226 - 10.000 )
    Source Clock Delay      (SCD):    1.390ns
    Clock Pessimism Removal (CPR):    0.126ns
  Clock Uncertainty:      0.035ns  ((TSJ^2 + TIJ^2)^1/2 + DJ) / 2 + PE
    Total System Jitter     (TSJ):    0.071ns
    Total Input Jitter      (TIJ):    0.000ns
    Discrete Jitter          (DJ):    0.000ns
    Phase Error              (PE):    0.000ns

    Location             Delay type                Incr(ns)  Path(ns)    Netlist Resource(s)
  -------------------------------------------------------------------    -------------------
                         (clock clk rise edge)        0.000     0.000 r
                                                      0.000     0.000 r  clk (IN)
                         net (fo=202, unset)          1.390     1.390    clk
    SLICE_X39Y54         FDRE                                         r  nco_reg[4]_replica/C
  -------------------------------------------------------------------    -------------------
    SLICE_X39Y54         FDRE (Prop_fdre_C_Q)         0.379     1.769 f  nco_reg[4]_replica/Q
                         net (fo=3, routed)           0.485     2.254    mu_raw[6]_repN
    SLICE_X38Y55         LUT2 (Prop_lut2_I0_O)        0.105     2.359 r  mu_di_i_41/O
                         net (fo=1, routed)           0.000     2.359    mu_di_i_41_n_0
    SLICE_X38Y55         CARRY4 (Prop_carry4_S[0]_CO[3])
                                                      0.423     2.782 r  mu_di_i_26/CO[3]
                         net (fo=1, routed)           0.000     2.782    mu_di_i_26_n_0
    SLICE_X38Y56         CARRY4 (Prop_carry4_CI_CO[3])
                                                      0.100     2.882 r  mu_di_i_17/CO[3]
                         net (fo=1, routed)           0.000     2.882    mu_di_i_17_n_0
    SLICE_X38Y57         CARRY4 (Prop_carry4_CI_CO[3])
                                                      0.100     2.982 r  mu_di_i_14/CO[3]
                         net (fo=1, routed)           0.000     2.982    mu_di_i_14_n_0
    SLICE_X38Y58         CARRY4 (Prop_carry4_CI_CO[0])
                                                      0.207     3.189 r  mu_di_i_13/CO[0]
                         net (fo=23, routed)          0.458     3.647    mu1
    SLICE_X39Y58         LUT2 (Prop_lut2_I0_O)        0.297     3.944 r  mu_di_i_3/O
                         net (fo=2, routed)           0.482     4.427    mu_di_i_3_n_0
    DSP48_X2Y22          DSP48E1 (Prop_dsp48e1_B[15]_P[21])
                                                      3.076     7.503 r  mu_di/P[21]
                         net (fo=1, routed)           0.709     8.212    mu_di_n_84
    SLICE_X35Y59         LUT2 (Prop_lut2_I1_O)        0.105     8.317 r  out_i[7]_i_5/O
                         net (fo=1, routed)           0.000     8.317    out_i[7]_i_5_n_0
    SLICE_X35Y59         CARRY4 (Prop_carry4_S[1]_CO[3])
                                                      0.457     8.774 r  out_i_reg[7]_i_2/CO[3]
                         net (fo=1, routed)           0.000     8.774    out_i_reg[7]_i_2_n_0
    SLICE_X35Y60         CARRY4 (Prop_carry4_CI_CO[3])
                                                      0.098     8.872 r  out_i_reg[11]_i_2/CO[3]
                         net (fo=1, routed)           0.000     8.872    out_i_reg[11]_i_2_n_0
    SLICE_X35Y61         CARRY4 (Prop_carry4_CI_CO[3])
                                                      0.098     8.970 r  out_i_reg[15]_i_3/CO[3]
                         net (fo=1, routed)           0.000     8.970    out_i_reg[15]_i_3_n_0
    SLICE_X35Y62         CARRY4 (Prop_carry4_CI_O[0])
                                                      0.180     9.150 r  out_i_reg[15]_i_8/O[0]
                         net (fo=4, routed)           0.636     9.786    out_i_reg[15]_i_8_n_7
    SLICE_X34Y60         LUT2 (Prop_lut2_I0_O)        0.249    10.035 r  out_i[15]_i_37/O
                         net (fo=1, routed)           0.000    10.035    out_i[15]_i_37_n_0
    SLICE_X34Y60         CARRY4 (Prop_carry4_S[1]_CO[3])
                                                      0.444    10.479 r  out_i_reg[15]_i_23/CO[3]
                         net (fo=1, routed)           0.000    10.479    out_i_reg[15]_i_23_n_0
    SLICE_X34Y61         CARRY4 (Prop_carry4_CI_CO[3])
                                                      0.100    10.579 r  out_i_reg[15]_i_14/CO[3]
                         net (fo=1, routed)           0.000    10.579    out_i_reg[15]_i_14_n_0
    SLICE_X34Y62         CARRY4 (Prop_carry4_CI_CO[0])
                                                      0.207    10.786 r  out_i_reg[15]_i_4/CO[0]
                         net (fo=80, routed)          0.751    11.537    y_i2
    SLICE_X34Y64         LUT4 (Prop_lut4_I2_O)        0.297    11.834 r  w_step[10]_i_76/O
                         net (fo=1, routed)           0.000    11.834    w_step[10]_i_76_n_0
    SLICE_X34Y64         CARRY4 (Prop_carry4_S[1]_CO[3])
                                                      0.444    12.278 r  w_step_reg[10]_i_51/CO[3]
                         net (fo=1, routed)           0.000    12.278    w_step_reg[10]_i_51_n_0
    SLICE_X34Y65         CARRY4 (Prop_carry4_CI_CO[3])
                                                      0.100    12.378 r  w_step_reg[10]_i_37/CO[3]
                         net (fo=1, routed)           0.000    12.378    w_step_reg[10]_i_37_n_0
    SLICE_X34Y66         CARRY4 (Prop_carry4_CI_CO[3])
                                                      0.100    12.478 r  w_step_reg[10]_i_24/CO[3]
                         net (fo=1, routed)           0.000    12.478    w_step_reg[10]_i_24_n_0
    SLICE_X34Y67         CARRY4 (Prop_carry4_CI_CO[0])
                                                      0.207    12.685 r  w_step_reg[10]_i_13/CO[0]
                         net (fo=43, routed)          0.566    13.251    w_step_reg[10]_i_13_n_3
    SLICE_X33Y67         CARRY4 (Prop_carry4_S[1]_CO[3])
                                                      0.754    14.005 r  w_step_reg[10]_i_25/CO[3]
                         net (fo=1, routed)           0.000    14.005    w_step_reg[10]_i_25_n_0
    SLICE_X33Y68         CARRY4 (Prop_carry4_CI_CO[3])
                                                      0.098    14.103 r  w_step_reg[10]_i_14/CO[3]
                         net (fo=28, routed)          0.809    14.912    sgn_dy1
    SLICE_X34Y69         LUT5 (Prop_lut5_I3_O)        0.105    15.017 r  w_step[10]_i_11/O
                         net (fo=1, routed)           0.000    15.017    w_step[10]_i_11_n_0
    SLICE_X34Y69         CARRY4 (Prop_carry4_S[0]_CO[3])
                                                      0.423    15.440 r  w_step_reg[10]_i_3/CO[3]
                         net (fo=1, routed)           0.000    15.440    w_step_reg[10]_i_3_n_0
    SLICE_X34Y70         CARRY4 (Prop_carry4_CI_O[0])
                                                      0.178    15.618 r  w_step_reg[14]_i_6/O[0]
                         net (fo=3, routed)           0.605    16.223    integ_next[11]
    SLICE_X36Y68         LUT2 (Prop_lut2_I0_O)        0.238    16.461 r  w_step[14]_i_9/O
                         net (fo=1, routed)           0.000    16.461    w_step[14]_i_9_n_0
    SLICE_X36Y68         CARRY4 (Prop_carry4_S[1]_CO[3])
                                                      0.444    16.905 r  w_step_reg[14]_i_3/CO[3]
                         net (fo=1, routed)           0.000    16.905    w_step_reg[14]_i_3_n_0
    SLICE_X36Y69         CARRY4 (Prop_carry4_CI_O[3])
                                                      0.262    17.167 f  w_step_reg[18]_i_1/O[3]
                         net (fo=4, routed)           0.665    17.832    w_unclamped[18]
    SLICE_X41Y69         LUT2 (Prop_lut2_I0_O)        0.250    18.082 r  w_step[14]_i_40/O
                         net (fo=1, routed)           0.000    18.082    w_step[14]_i_40_n_0
    SLICE_X41Y69         CARRY4 (Prop_carry4_S[3]_CO[3])
                                                      0.332    18.414 r  w_step_reg[14]_i_23/CO[3]
                         net (fo=1, routed)           0.000    18.414    w_step_reg[14]_i_23_n_0
    SLICE_X41Y70         CARRY4 (Prop_carry4_CI_CO[3])
                                                      0.098    18.512 r  w_step_reg[14]_i_13/CO[3]
                         net (fo=1, routed)           0.000    18.512    w_step_reg[14]_i_13_n_0
    SLICE_X41Y71         CARRY4 (Prop_carry4_CI_CO[1])
                                                      0.132    18.644 r  w_step_reg[14]_i_5/CO[1]
                         net (fo=5, routed)           0.275    18.919    w_clamped2
    SLICE_X39Y71         LUT4 (Prop_lut4_I3_O)        0.275    19.194 r  w_step[31]_i_1/O
                         net (fo=17, routed)          1.089    20.283    w_step[31]_i_1_n_0
    SLICE_X39Y70         FDRE                                         r  w_step_reg[10]/R
  -------------------------------------------------------------------    -------------------

                         (clock clk rise edge)       10.000    10.000 r
                                                      0.000    10.000 r  clk (IN)
                         net (fo=202, unset)          1.226    11.226    clk
    SLICE_X39Y70         FDRE                                         r  w_step_reg[10]/C
                         clock pessimism              0.126    11.352
                         clock uncertainty           -0.035    11.317
    SLICE_X39Y70         FDRE (Setup_fdre_C_R)       -0.352    10.965    w_step_reg[10]
  -------------------------------------------------------------------
                         required time                         10.965
                         arrival time                         -20.283
  -------------------------------------------------------------------
                         slack                                 -9.319

Slack (VIOLATED) :        -9.319ns  (required time - arrival time)
  Source:                 nco_reg[4]_replica/C
                            (rising edge-triggered cell FDRE clocked by clk  {rise@0.000ns fall@5.000ns period=10.000ns})
  Destination:            w_step_reg[17]/R
                            (rising edge-triggered cell FDRE clocked by clk  {rise@0.000ns fall@5.000ns period=10.000ns})
  Path Group:             clk
  Path Type:              Setup (Max at Slow Process Corner)
  Requirement:            10.000ns  (clk rise@10.000ns - clk rise@0.000ns)
  Data Path Delay:        18.893ns  (logic 11.362ns (60.138%)  route 7.531ns (39.862%))
  Logic Levels:           34  (CARRY4=24 DSP48E1=1 LUT2=6 LUT4=2 LUT5=1)
  Clock Path Skew:        -0.038ns (DCD - SCD + CPR)
    Destination Clock Delay (DCD):    1.226ns = ( 11.226 - 10.000 )
    Source Clock Delay      (SCD):    1.390ns
    Clock Pessimism Removal (CPR):    0.126ns
  Clock Uncertainty:      0.035ns  ((TSJ^2 + TIJ^2)^1/2 + DJ) / 2 + PE
    Total System Jitter     (TSJ):    0.071ns
    Total Input Jitter      (TIJ):    0.000ns
    Discrete Jitter          (DJ):    0.000ns
    Phase Error              (PE):    0.000ns

    Location             Delay type                Incr(ns)  Path(ns)    Netlist Resource(s)
  -------------------------------------------------------------------    -------------------
                         (clock clk rise edge)        0.000     0.000 r
                                                      0.000     0.000 r  clk (IN)
                         net (fo=202, unset)          1.390     1.390    clk
    SLICE_X39Y54         FDRE                                         r  nco_reg[4]_replica/C
  -------------------------------------------------------------------    -------------------
    SLICE_X39Y54         FDRE (Prop_fdre_C_Q)         0.379     1.769 f  nco_reg[4]_replica/Q
                         net (fo=3, routed)           0.485     2.254    mu_raw[6]_repN
    SLICE_X38Y55         LUT2 (Prop_lut2_I0_O)        0.105     2.359 r  mu_di_i_41/O
                         net (fo=1, routed)           0.000     2.359    mu_di_i_41_n_0
    SLICE_X38Y55         CARRY4 (Prop_carry4_S[0]_CO[3])
                                                      0.423     2.782 r  mu_di_i_26/CO[3]
                         net (fo=1, routed)           0.000     2.782    mu_di_i_26_n_0
    SLICE_X38Y56         CARRY4 (Prop_carry4_CI_CO[3])
                                                      0.100     2.882 r  mu_di_i_17/CO[3]
                         net (fo=1, routed)           0.000     2.882    mu_di_i_17_n_0
    SLICE_X38Y57         CARRY4 (Prop_carry4_CI_CO[3])
                                                      0.100     2.982 r  mu_di_i_14/CO[3]
                         net (fo=1, routed)           0.000     2.982    mu_di_i_14_n_0
    SLICE_X38Y58         CARRY4 (Prop_carry4_CI_CO[0])
                                                      0.207     3.189 r  mu_di_i_13/CO[0]
                         net (fo=23, routed)          0.458     3.647    mu1
    SLICE_X39Y58         LUT2 (Prop_lut2_I0_O)        0.297     3.944 r  mu_di_i_3/O
                         net (fo=2, routed)           0.482     4.427    mu_di_i_3_n_0
    DSP48_X2Y22          DSP48E1 (Prop_dsp48e1_B[15]_P[21])
                                                      3.076     7.503 r  mu_di/P[21]
                         net (fo=1, routed)           0.709     8.212    mu_di_n_84
    SLICE_X35Y59         LUT2 (Prop_lut2_I1_O)        0.105     8.317 r  out_i[7]_i_5/O
                         net (fo=1, routed)           0.000     8.317    out_i[7]_i_5_n_0
    SLICE_X35Y59         CARRY4 (Prop_carry4_S[1]_CO[3])
                                                      0.457     8.774 r  out_i_reg[7]_i_2/CO[3]
                         net (fo=1, routed)           0.000     8.774    out_i_reg[7]_i_2_n_0
    SLICE_X35Y60         CARRY4 (Prop_carry4_CI_CO[3])
                                                      0.098     8.872 r  out_i_reg[11]_i_2/CO[3]
                         net (fo=1, routed)           0.000     8.872    out_i_reg[11]_i_2_n_0
    SLICE_X35Y61         CARRY4 (Prop_carry4_CI_CO[3])
                                                      0.098     8.970 r  out_i_reg[15]_i_3/CO[3]
                         net (fo=1, routed)           0.000     8.970    out_i_reg[15]_i_3_n_0
    SLICE_X35Y62         CARRY4 (Prop_carry4_CI_O[0])
                                                      0.180     9.150 r  out_i_reg[15]_i_8/O[0]
                         net (fo=4, routed)           0.636     9.786    out_i_reg[15]_i_8_n_7
    SLICE_X34Y60         LUT2 (Prop_lut2_I0_O)        0.249    10.035 r  out_i[15]_i_37/O
                         net (fo=1, routed)           0.000    10.035    out_i[15]_i_37_n_0
    SLICE_X34Y60         CARRY4 (Prop_carry4_S[1]_CO[3])
                                                      0.444    10.479 r  out_i_reg[15]_i_23/CO[3]
                         net (fo=1, routed)           0.000    10.479    out_i_reg[15]_i_23_n_0
    SLICE_X34Y61         CARRY4 (Prop_carry4_CI_CO[3])
                                                      0.100    10.579 r  out_i_reg[15]_i_14/CO[3]
                         net (fo=1, routed)           0.000    10.579    out_i_reg[15]_i_14_n_0
    SLICE_X34Y62         CARRY4 (Prop_carry4_CI_CO[0])
                                                      0.207    10.786 r  out_i_reg[15]_i_4/CO[0]
                         net (fo=80, routed)          0.751    11.537    y_i2
    SLICE_X34Y64         LUT4 (Prop_lut4_I2_O)        0.297    11.834 r  w_step[10]_i_76/O
                         net (fo=1, routed)           0.000    11.834    w_step[10]_i_76_n_0
    SLICE_X34Y64         CARRY4 (Prop_carry4_S[1]_CO[3])
                                                      0.444    12.278 r  w_step_reg[10]_i_51/CO[3]
                         net (fo=1, routed)           0.000    12.278    w_step_reg[10]_i_51_n_0
    SLICE_X34Y65         CARRY4 (Prop_carry4_CI_CO[3])
                                                      0.100    12.378 r  w_step_reg[10]_i_37/CO[3]
                         net (fo=1, routed)           0.000    12.378    w_step_reg[10]_i_37_n_0
    SLICE_X34Y66         CARRY4 (Prop_carry4_CI_CO[3])
                                                      0.100    12.478 r  w_step_reg[10]_i_24/CO[3]
                         net (fo=1, routed)           0.000    12.478    w_step_reg[10]_i_24_n_0
    SLICE_X34Y67         CARRY4 (Prop_carry4_CI_CO[0])
                                                      0.207    12.685 r  w_step_reg[10]_i_13/CO[0]
                         net (fo=43, routed)          0.566    13.251    w_step_reg[10]_i_13_n_3
    SLICE_X33Y67         CARRY4 (Prop_carry4_S[1]_CO[3])
                                                      0.754    14.005 r  w_step_reg[10]_i_25/CO[3]
                         net (fo=1, routed)           0.000    14.005    w_step_reg[10]_i_25_n_0
    SLICE_X33Y68         CARRY4 (Prop_carry4_CI_CO[3])
                                                      0.098    14.103 r  w_step_reg[10]_i_14/CO[3]
                         net (fo=28, routed)          0.809    14.912    sgn_dy1
    SLICE_X34Y69         LUT5 (Prop_lut5_I3_O)        0.105    15.017 r  w_step[10]_i_11/O
                         net (fo=1, routed)           0.000    15.017    w_step[10]_i_11_n_0
    SLICE_X34Y69         CARRY4 (Prop_carry4_S[0]_CO[3])
                                                      0.423    15.440 r  w_step_reg[10]_i_3/CO[3]
                         net (fo=1, routed)           0.000    15.440    w_step_reg[10]_i_3_n_0
    SLICE_X34Y70         CARRY4 (Prop_carry4_CI_O[0])
                                                      0.178    15.618 r  w_step_reg[14]_i_6/O[0]
                         net (fo=3, routed)           0.605    16.223    integ_next[11]
    SLICE_X36Y68         LUT2 (Prop_lut2_I0_O)        0.238    16.461 r  w_step[14]_i_9/O
                         net (fo=1, routed)           0.000    16.461    w_step[14]_i_9_n_0
    SLICE_X36Y68         CARRY4 (Prop_carry4_S[1]_CO[3])
                                                      0.444    16.905 r  w_step_reg[14]_i_3/CO[3]
                         net (fo=1, routed)           0.000    16.905    w_step_reg[14]_i_3_n_0
    SLICE_X36Y69         CARRY4 (Prop_carry4_CI_O[3])
                                                      0.262    17.167 f  w_step_reg[18]_i_1/O[3]
                         net (fo=4, routed)           0.665    17.832    w_unclamped[18]
    SLICE_X41Y69         LUT2 (Prop_lut2_I0_O)        0.250    18.082 r  w_step[14]_i_40/O
                         net (fo=1, routed)           0.000    18.082    w_step[14]_i_40_n_0
    SLICE_X41Y69         CARRY4 (Prop_carry4_S[3]_CO[3])
                                                      0.332    18.414 r  w_step_reg[14]_i_23/CO[3]
                         net (fo=1, routed)           0.000    18.414    w_step_reg[14]_i_23_n_0
    SLICE_X41Y70         CARRY4 (Prop_carry4_CI_CO[3])
                                                      0.098    18.512 r  w_step_reg[14]_i_13/CO[3]
                         net (fo=1, routed)           0.000    18.512    w_step_reg[14]_i_13_n_0
    SLICE_X41Y71         CARRY4 (Prop_carry4_CI_CO[1])
                                                      0.132    18.644 r  w_step_reg[14]_i_5/CO[1]
                         net (fo=5, routed)           0.275    18.919    w_clamped2
    SLICE_X39Y71         LUT4 (Prop_lut4_I3_O)        0.275    19.194 r  w_step[31]_i_1/O
                         net (fo=17, routed)          1.089    20.283    w_step[31]_i_1_n_0
    SLICE_X39Y70         FDRE                                         r  w_step_reg[17]/R
  -------------------------------------------------------------------    -------------------

                         (clock clk rise edge)       10.000    10.000 r
                                                      0.000    10.000 r  clk (IN)
                         net (fo=202, unset)          1.226    11.226    clk
    SLICE_X39Y70         FDRE                                         r  w_step_reg[17]/C
                         clock pessimism              0.126    11.352
                         clock uncertainty           -0.035    11.317
    SLICE_X39Y70         FDRE (Setup_fdre_C_R)       -0.352    10.965    w_step_reg[17]
  -------------------------------------------------------------------
                         required time                         10.965
                         arrival time                         -20.283
  -------------------------------------------------------------------
                         slack                                 -9.319





Pulse Width Checks
--------------------------------------------------------------------------------------
Clock Name:         clk
Waveform(ns):       { 0.000 5.000 }
Period(ns):         10.000
Sources:            { clk }

Check Type        Corner  Lib Pin  Reference Pin  Required(ns)  Actual(ns)  Slack(ns)  Location      Pin
Min Period        n/a     FDRE/C   n/a            1.000         10.000      9.000      SLICE_X29Y59  emitted_reg[0]/C
Min Period        n/a     FDRE/C   n/a            1.000         10.000      9.000      SLICE_X28Y61  emitted_reg[10]/C
Min Period        n/a     FDRE/C   n/a            1.000         10.000      9.000      SLICE_X28Y61  emitted_reg[11]/C
Min Period        n/a     FDRE/C   n/a            1.000         10.000      9.000      SLICE_X28Y61  emitted_reg[12]/C
Min Period        n/a     FDRE/C   n/a            1.000         10.000      9.000      SLICE_X28Y62  emitted_reg[13]/C
Min Period        n/a     FDRE/C   n/a            1.000         10.000      9.000      SLICE_X28Y62  emitted_reg[14]/C
Min Period        n/a     FDRE/C   n/a            1.000         10.000      9.000      SLICE_X28Y62  emitted_reg[15]/C
Min Period        n/a     FDRE/C   n/a            1.000         10.000      9.000      SLICE_X28Y59  emitted_reg[1]/C
Min Period        n/a     FDRE/C   n/a            1.000         10.000      9.000      SLICE_X28Y59  emitted_reg[2]/C
Min Period        n/a     FDRE/C   n/a            1.000         10.000      9.000      SLICE_X28Y59  emitted_reg[3]/C
Low Pulse Width   Slow    FDRE/C   n/a            0.500         5.000       4.500      SLICE_X29Y59  emitted_reg[0]/C
Low Pulse Width   Fast    FDRE/C   n/a            0.500         5.000       4.500      SLICE_X29Y59  emitted_reg[0]/C
Low Pulse Width   Slow    FDRE/C   n/a            0.500         5.000       4.500      SLICE_X28Y61  emitted_reg[10]/C
Low Pulse Width   Fast    FDRE/C   n/a            0.500         5.000       4.500      SLICE_X28Y61  emitted_reg[10]/C
Low Pulse Width   Slow    FDRE/C   n/a            0.500         5.000       4.500      SLICE_X28Y61  emitted_reg[11]/C
Low Pulse Width   Fast    FDRE/C   n/a            0.500         5.000       4.500      SLICE_X28Y61  emitted_reg[11]/C
Low Pulse Width   Slow    FDRE/C   n/a            0.500         5.000       4.500      SLICE_X28Y61  emitted_reg[12]/C
Low Pulse Width   Fast    FDRE/C   n/a            0.500         5.000       4.500      SLICE_X28Y61  emitted_reg[12]/C
Low Pulse Width   Slow    FDRE/C   n/a            0.500         5.000       4.500      SLICE_X28Y62  emitted_reg[13]/C
Low Pulse Width   Fast    FDRE/C   n/a            0.500         5.000       4.500      SLICE_X28Y62  emitted_reg[13]/C
High Pulse Width  Slow    FDRE/C   n/a            0.500         5.000       4.500      SLICE_X29Y59  emitted_reg[0]/C
High Pulse Width  Fast    FDRE/C   n/a            0.500         5.000       4.500      SLICE_X29Y59  emitted_reg[0]/C
High Pulse Width  Slow    FDRE/C   n/a            0.500         5.000       4.500      SLICE_X28Y61  emitted_reg[10]/C
High Pulse Width  Fast    FDRE/C   n/a            0.500         5.000       4.500      SLICE_X28Y61  emitted_reg[10]/C
High Pulse Width  Slow    FDRE/C   n/a            0.500         5.000       4.500      SLICE_X28Y61  emitted_reg[11]/C
High Pulse Width  Fast    FDRE/C   n/a            0.500         5.000       4.500      SLICE_X28Y61  emitted_reg[11]/C
High Pulse Width  Slow    FDRE/C   n/a            0.500         5.000       4.500      SLICE_X28Y61  emitted_reg[12]/C
High Pulse Width  Fast    FDRE/C   n/a            0.500         5.000       4.500      SLICE_X28Y61  emitted_reg[12]/C
High Pulse Width  Slow    FDRE/C   n/a            0.500         5.000       4.500      SLICE_X28Y62  emitted_reg[13]/C
High Pulse Width  Fast    FDRE/C   n/a            0.500         5.000       4.500      SLICE_X28Y62  emitted_reg[13]/C
