Copyright 1986-2021 Xilinx, Inc. All Rights Reserved.
----------------------------------------------------------------------------------------------------------------------------------------------------------------------------------------------------
| Tool Version : Vivado v.2021.1 (win64) Build 3247384 Thu Jun 10 19:36:33 MDT 2021
| Date         : normalized
| Host         : normalized
| Command      : report_timing_summary -delay_type max -max_paths 10 -file <output_dir>/ofdm_one_tap_equalizer_post_route_timing_summary.rpt
| Design       : ofdm_one_tap_equalizer
| Device       : 7z020-clg400
| Speed File   : -2  PRODUCTION 1.12 2019-11-22
----------------------------------------------------------------------------------------------------------------------------------------------------------------------------------------------------

Timing Summary Report

------------------------------------------------------------------------------------------------
| Timer Settings
| --------------
------------------------------------------------------------------------------------------------

  Enable Multi Corner Analysis               :  Yes
  Enable Pessimism Removal                   :  Yes
  Pessimism Removal Resolution               :  Nearest Common Node
  Enable Input Delay Default Clock           :  No
  Enable Preset / Clear Arcs                 :  No
  Disable Flight Delays                      :  No
  Ignore I/O Paths                           :  No
  Timing Early Launch at Borrowing Latches   :  No
  Borrow Time for Max Delay Exceptions       :  Yes
  Merge Timing Exceptions                    :  Yes

  Corner  Analyze    Analyze
  Name    Max Paths  Min Paths
  ------  ---------  ---------
  Slow    Yes        Yes
  Fast    Yes        Yes


------------------------------------------------------------------------------------------------
| Report Methodology
| ------------------
------------------------------------------------------------------------------------------------

No report available as report_methodology has not been run prior. Run report_methodology on the current design for the summary of methodology violations.



check_timing report

Table of Contents
-----------------
1. checking no_clock (0)
2. checking constant_clock (0)
3. checking pulse_width_clock (0)
4. checking unconstrained_internal_endpoints (0)
5. checking no_input_delay (0)
6. checking no_output_delay (0)
7. checking multiple_clock (0)
8. checking generated_clocks (0)
9. checking loops (0)
10. checking partial_input_delay (0)
11. checking partial_output_delay (0)
12. checking latch_loops (0)

1. checking no_clock (0)
------------------------
 There are 0 register/latch pins with no clock.


2. checking constant_clock (0)
------------------------------
 There are 0 register/latch pins with constant_clock.


3. checking pulse_width_clock (0)
---------------------------------
 There are 0 register/latch pins which need pulse_width check


4. checking unconstrained_internal_endpoints (0)
------------------------------------------------
 There are 0 pins that are not constrained for maximum delay.

 There are 0 pins that are not constrained for maximum delay due to constant clock.


5. checking no_input_delay (0)
------------------------------
 There are 0 input ports with no input delay specified.

 There are 0 input ports with no input delay but user has a false path constraint.


6. checking no_output_delay (0)
-------------------------------
 There are 0 ports with no output delay specified.

 There are 0 ports with no output delay but user has a false path constraint

 There are 0 ports with no output delay but with a timing clock defined on it or propagating through it


7. checking multiple_clock (0)
------------------------------
 There are 0 register/latch pins with multiple clocks.


8. checking generated_clocks (0)
--------------------------------
 There are 0 generated clocks that are not connected to a clock source.


9. checking loops (0)
---------------------
 There are 0 combinational loops in the design.


10. checking partial_input_delay (0)
------------------------------------
 There are 0 input ports with partial input delay specified.


11. checking partial_output_delay (0)
-------------------------------------
 There are 0 ports with partial output delay specified.


12. checking latch_loops (0)
----------------------------
 There are 0 combinational latch loops in the design through latch input



------------------------------------------------------------------------------------------------
| Design Timing Summary
| ---------------------
------------------------------------------------------------------------------------------------

    WNS(ns)      TNS(ns)  TNS Failing Endpoints  TNS Total Endpoints     WPWS(ns)     TPWS(ns)  TPWS Failing Endpoints  TPWS Total Endpoints
    -------      -------  ---------------------  -------------------     --------     --------  ----------------------  --------------------
     -1.077      -21.505                     32                  287        4.500        0.000                       0                    72


Timing constraints are not met.


------------------------------------------------------------------------------------------------
| Clock Summary
| -------------
------------------------------------------------------------------------------------------------

Clock  Waveform(ns)       Period(ns)      Frequency(MHz)
-----  ------------       ----------      --------------
clk    {0.000 5.000}      10.000          100.000


------------------------------------------------------------------------------------------------
| Intra Clock Table
| -----------------
------------------------------------------------------------------------------------------------

Clock             WNS(ns)      TNS(ns)  TNS Failing Endpoints  TNS Total Endpoints     WPWS(ns)     TPWS(ns)  TPWS Failing Endpoints  TPWS Total Endpoints
-----             -------      -------  ---------------------  -------------------     --------     --------  ----------------------  --------------------
clk                -1.077      -21.505                     32                  287        4.500        0.000                       0                    72


------------------------------------------------------------------------------------------------
| Inter Clock Table
| -----------------
------------------------------------------------------------------------------------------------

From Clock    To Clock          WNS(ns)      TNS(ns)  TNS Failing Endpoints  TNS Total Endpoints
----------    --------          -------      -------  ---------------------  -------------------


------------------------------------------------------------------------------------------------
| Other Path Groups Table
| -----------------------
------------------------------------------------------------------------------------------------

Path Group    From Clock    To Clock          WNS(ns)      TNS(ns)  TNS Failing Endpoints  TNS Total Endpoints
----------    ----------    --------          -------      -------  ---------------------  -------------------


------------------------------------------------------------------------------------------------
| Timing Details
| --------------
------------------------------------------------------------------------------------------------


---------------------------------------------------------------------------------------------------
From Clock:  clk
  To Clock:  clk

Setup :           32  Failing Endpoints,  Worst Slack       -1.077ns,  Total Violation      -21.505ns
Hold  :           NA  Failing Endpoints,  Worst Slack           NA  ,  Total Violation           NA
PW    :            0  Failing Endpoints,  Worst Slack        4.500ns,  Total Violation        0.000ns
---------------------------------------------------------------------------------------------------


Max Delay Paths
--------------------------------------------------------------------------------------
Slack (VIOLATED) :        -1.077ns  (required time - arrival time)
  Source:                 in_re[15]
                            (input port clocked by clk  {rise@0.000ns fall@5.000ns period=10.000ns})
  Destination:            g_single_cycle.saturation_count_reg[31]/D
                            (rising edge-triggered cell FDRE clocked by clk  {rise@0.000ns fall@5.000ns period=10.000ns})
  Path Group:             clk
  Path Type:              Setup (Max at Slow Process Corner)
  Requirement:            10.000ns  (clk rise@10.000ns - clk rise@0.000ns)
  Data Path Delay:        12.373ns  (logic 9.076ns (73.353%)  route 3.297ns (26.647%))
  Logic Levels:           24  (CARRY4=18 DSP48E1=2 LUT1=2 LUT5=2)
  Input Delay:            0.000ns
  Clock Path Skew:        1.230ns (DCD - SCD + CPR)
    Destination Clock Delay (DCD):    1.230ns = ( 11.230 - 10.000 )
    Source Clock Delay      (SCD):    0.000ns
    Clock Pessimism Removal (CPR):    0.000ns
  Clock Uncertainty:      0.035ns  ((TSJ^2 + TIJ^2)^1/2 + DJ) / 2 + PE
    Total System Jitter     (TSJ):    0.071ns
    Total Input Jitter      (TIJ):    0.000ns
    Discrete Jitter          (DJ):    0.000ns
    Phase Error              (PE):    0.000ns

    Location             Delay type                Incr(ns)  Path(ns)    Netlist Resource(s)
  -------------------------------------------------------------------    -------------------
                         (clock clk rise edge)        0.000     0.000 r
                         input delay                  0.000     0.000
                                                      0.000     0.000 r  in_re[15] (IN)
                         net (fo=29, unset)           0.787     0.787    in_re[15]
    DSP48_X2Y28          DSP48E1 (Prop_dsp48e1_A[29]_PCOUT[47])
                                                      3.397     4.184 r  g_single_cycle.product_rr/PCOUT[47]
                         net (fo=1, routed)           0.002     4.186    g_single_cycle.product_rr_n_106
    DSP48_X2Y29          DSP48E1 (Prop_dsp48e1_PCIN[47]_P[1])
                                                      1.271     5.457 f  g_single_cycle.equalized_re_q29/P[1]
                         net (fo=1, routed)           0.721     6.178    g_single_cycle.equalized_re_q29_n_104
    SLICE_X34Y68         LUT1 (Prop_lut1_I0_O)        0.105     6.283 r  g_single_cycle.out_re[0]_i_22/O
                         net (fo=1, routed)           0.000     6.283    g_single_cycle.out_re[0]_i_22_n_0
    SLICE_X34Y68         CARRY4 (Prop_carry4_S[0]_CO[3])
                                                      0.423     6.706 r  g_single_cycle.out_re_reg[0]_i_13/CO[3]
                         net (fo=1, routed)           0.000     6.706    g_single_cycle.out_re_reg[0]_i_13_n_0
    SLICE_X34Y69         CARRY4 (Prop_carry4_CI_CO[3])
                                                      0.100     6.806 r  g_single_cycle.out_re_reg[0]_i_8/CO[3]
                         net (fo=1, routed)           0.000     6.806    g_single_cycle.out_re_reg[0]_i_8_n_0
    SLICE_X34Y70         CARRY4 (Prop_carry4_CI_CO[3])
                                                      0.100     6.906 r  g_single_cycle.out_re_reg[0]_i_3/CO[3]
                         net (fo=1, routed)           0.000     6.906    g_single_cycle.out_re_reg[0]_i_3_n_0
    SLICE_X34Y71         CARRY4 (Prop_carry4_CI_O[1])
                                                      0.257     7.163 f  g_single_cycle.out_re_reg[0]_i_2/O[1]
                         net (fo=2, routed)           0.255     7.418    round_q29_to_q15_wide2[14]
    SLICE_X33Y71         LUT1 (Prop_lut1_I0_O)        0.245     7.663 r  g_single_cycle.out_re[4]_i_3/O
                         net (fo=1, routed)           0.143     7.806    p_0_in[0]
    SLICE_X32Y71         CARRY4 (Prop_carry4_CYINIT_CO[3])
                                                      0.494     8.300 r  g_single_cycle.out_re_reg[4]_i_2/CO[3]
                         net (fo=1, routed)           0.000     8.300    g_single_cycle.out_re_reg[4]_i_2_n_0
    SLICE_X32Y72         CARRY4 (Prop_carry4_CI_CO[3])
                                                      0.100     8.400 r  g_single_cycle.out_re_reg[8]_i_2/CO[3]
                         net (fo=1, routed)           0.000     8.400    g_single_cycle.out_re_reg[8]_i_2_n_0
    SLICE_X32Y73         CARRY4 (Prop_carry4_CI_CO[3])
                                                      0.100     8.500 r  g_single_cycle.out_re_reg[12]_i_2/CO[3]
                         net (fo=1, routed)           0.000     8.500    g_single_cycle.out_re_reg[12]_i_2_n_0
    SLICE_X32Y74         CARRY4 (Prop_carry4_CI_CO[3])
                                                      0.100     8.600 r  g_single_cycle.out_re_reg[15]_i_4/CO[3]
                         net (fo=1, routed)           0.008     8.608    g_single_cycle.out_re_reg[15]_i_4_n_0
    SLICE_X32Y75         CARRY4 (Prop_carry4_CI_O[0])
                                                      0.178     8.786 f  g_single_cycle.out_re_reg[15]_i_22/O[0]
                         net (fo=4, routed)           0.634     9.420    round_q29_to_q15_wide0[17]
    SLICE_X33Y74         LUT5 (Prop_lut5_I4_O)        0.238     9.658 r  g_single_cycle.out_re[15]_i_18/O
                         net (fo=1, routed)           0.000     9.658    g_single_cycle.out_re[15]_i_18_n_0
    SLICE_X33Y74         CARRY4 (Prop_carry4_S[1]_CO[1])
                                                      0.408    10.066 r  g_single_cycle.out_re_reg[15]_i_7/CO[1]
                         net (fo=18, routed)          0.747    10.813    saturate_q1512_in
    SLICE_X34Y76         LUT5 (Prop_lut5_I3_O)        0.275    11.088 r  g_single_cycle.saturation_count[3]_i_3/O
                         net (fo=1, routed)           0.000    11.088    g_single_cycle.saturation_count[3]_i_3_n_0
    SLICE_X34Y76         CARRY4 (Prop_carry4_S[0]_CO[3])
                                                      0.423    11.511 r  g_single_cycle.saturation_count_reg[3]_i_1/CO[3]
                         net (fo=1, routed)           0.000    11.511    g_single_cycle.saturation_count_reg[3]_i_1_n_0
    SLICE_X34Y77         CARRY4 (Prop_carry4_CI_CO[3])
                                                      0.100    11.611 r  g_single_cycle.saturation_count_reg[7]_i_1/CO[3]
                         net (fo=1, routed)           0.000    11.611    g_single_cycle.saturation_count_reg[7]_i_1_n_0
    SLICE_X34Y78         CARRY4 (Prop_carry4_CI_CO[3])
                                                      0.100    11.711 r  g_single_cycle.saturation_count_reg[11]_i_1/CO[3]
                         net (fo=1, routed)           0.000    11.711    g_single_cycle.saturation_count_reg[11]_i_1_n_0
    SLICE_X34Y79         CARRY4 (Prop_carry4_CI_CO[3])
                                                      0.100    11.811 r  g_single_cycle.saturation_count_reg[15]_i_1/CO[3]
                         net (fo=1, routed)           0.000    11.811    g_single_cycle.saturation_count_reg[15]_i_1_n_0
    SLICE_X34Y80         CARRY4 (Prop_carry4_CI_CO[3])
                                                      0.100    11.911 r  g_single_cycle.saturation_count_reg[19]_i_1/CO[3]
                         net (fo=1, routed)           0.000    11.911    g_single_cycle.saturation_count_reg[19]_i_1_n_0
    SLICE_X34Y81         CARRY4 (Prop_carry4_CI_CO[3])
                                                      0.100    12.011 r  g_single_cycle.saturation_count_reg[23]_i_1/CO[3]
                         net (fo=1, routed)           0.000    12.011    g_single_cycle.saturation_count_reg[23]_i_1_n_0
    SLICE_X34Y82         CARRY4 (Prop_carry4_CI_CO[3])
                                                      0.100    12.111 r  g_single_cycle.saturation_count_reg[27]_i_1/CO[3]
                         net (fo=1, routed)           0.000    12.111    g_single_cycle.saturation_count_reg[27]_i_1_n_0
    SLICE_X34Y83         CARRY4 (Prop_carry4_CI_O[3])
                                                      0.262    12.373 r  g_single_cycle.saturation_count_reg[31]_i_1/O[3]
                         net (fo=1, routed)           0.000    12.373    p_1_in[31]
    SLICE_X34Y83         FDRE                                         r  g_single_cycle.saturation_count_reg[31]/D
  -------------------------------------------------------------------    -------------------

                         (clock clk rise edge)       10.000    10.000 r
                                                      0.000    10.000 r  clk (IN)
                         net (fo=71, unset)           1.230    11.230    clk
    SLICE_X34Y83         FDRE                                         r  g_single_cycle.saturation_count_reg[31]/C
                         clock pessimism              0.000    11.230
                         clock uncertainty           -0.035    11.195
    SLICE_X34Y83         FDRE (Setup_fdre_C_D)        0.101    11.296    g_single_cycle.saturation_count_reg[31]
  -------------------------------------------------------------------
                         required time                         11.296
                         arrival time                         -12.373
  -------------------------------------------------------------------
                         slack                                 -1.077

Slack (VIOLATED) :        -1.072ns  (required time - arrival time)
  Source:                 in_re[15]
                            (input port clocked by clk  {rise@0.000ns fall@5.000ns period=10.000ns})
  Destination:            g_single_cycle.saturation_count_reg[29]/D
                            (rising edge-triggered cell FDRE clocked by clk  {rise@0.000ns fall@5.000ns period=10.000ns})
  Path Group:             clk
  Path Type:              Setup (Max at Slow Process Corner)
  Requirement:            10.000ns  (clk rise@10.000ns - clk rise@0.000ns)
  Data Path Delay:        12.368ns  (logic 9.071ns (73.342%)  route 3.297ns (26.658%))
  Logic Levels:           24  (CARRY4=18 DSP48E1=2 LUT1=2 LUT5=2)
  Input Delay:            0.000ns
  Clock Path Skew:        1.230ns (DCD - SCD + CPR)
    Destination Clock Delay (DCD):    1.230ns = ( 11.230 - 10.000 )
    Source Clock Delay      (SCD):    0.000ns
    Clock Pessimism Removal (CPR):    0.000ns
  Clock Uncertainty:      0.035ns  ((TSJ^2 + TIJ^2)^1/2 + DJ) / 2 + PE
    Total System Jitter     (TSJ):    0.071ns
    Total Input Jitter      (TIJ):    0.000ns
    Discrete Jitter          (DJ):    0.000ns
    Phase Error              (PE):    0.000ns

    Location             Delay type                Incr(ns)  Path(ns)    Netlist Resource(s)
  -------------------------------------------------------------------    -------------------
                         (clock clk rise edge)        0.000     0.000 r
                         input delay                  0.000     0.000
                                                      0.000     0.000 r  in_re[15] (IN)
                         net (fo=29, unset)           0.787     0.787    in_re[15]
    DSP48_X2Y28          DSP48E1 (Prop_dsp48e1_A[29]_PCOUT[47])
                                                      3.397     4.184 r  g_single_cycle.product_rr/PCOUT[47]
                         net (fo=1, routed)           0.002     4.186    g_single_cycle.product_rr_n_106
    DSP48_X2Y29          DSP48E1 (Prop_dsp48e1_PCIN[47]_P[1])
                                                      1.271     5.457 f  g_single_cycle.equalized_re_q29/P[1]
                         net (fo=1, routed)           0.721     6.178    g_single_cycle.equalized_re_q29_n_104
    SLICE_X34Y68         LUT1 (Prop_lut1_I0_O)        0.105     6.283 r  g_single_cycle.out_re[0]_i_22/O
                         net (fo=1, routed)           0.000     6.283    g_single_cycle.out_re[0]_i_22_n_0
    SLICE_X34Y68         CARRY4 (Prop_carry4_S[0]_CO[3])
                                                      0.423     6.706 r  g_single_cycle.out_re_reg[0]_i_13/CO[3]
                         net (fo=1, routed)           0.000     6.706    g_single_cycle.out_re_reg[0]_i_13_n_0
    SLICE_X34Y69         CARRY4 (Prop_carry4_CI_CO[3])
                                                      0.100     6.806 r  g_single_cycle.out_re_reg[0]_i_8/CO[3]
                         net (fo=1, routed)           0.000     6.806    g_single_cycle.out_re_reg[0]_i_8_n_0
    SLICE_X34Y70         CARRY4 (Prop_carry4_CI_CO[3])
                                                      0.100     6.906 r  g_single_cycle.out_re_reg[0]_i_3/CO[3]
                         net (fo=1, routed)           0.000     6.906    g_single_cycle.out_re_reg[0]_i_3_n_0
    SLICE_X34Y71         CARRY4 (Prop_carry4_CI_O[1])
                                                      0.257     7.163 f  g_single_cycle.out_re_reg[0]_i_2/O[1]
                         net (fo=2, routed)           0.255     7.418    round_q29_to_q15_wide2[14]
    SLICE_X33Y71         LUT1 (Prop_lut1_I0_O)        0.245     7.663 r  g_single_cycle.out_re[4]_i_3/O
                         net (fo=1, routed)           0.143     7.806    p_0_in[0]
    SLICE_X32Y71         CARRY4 (Prop_carry4_CYINIT_CO[3])
                                                      0.494     8.300 r  g_single_cycle.out_re_reg[4]_i_2/CO[3]
                         net (fo=1, routed)           0.000     8.300    g_single_cycle.out_re_reg[4]_i_2_n_0
    SLICE_X32Y72         CARRY4 (Prop_carry4_CI_CO[3])
                                                      0.100     8.400 r  g_single_cycle.out_re_reg[8]_i_2/CO[3]
                         net (fo=1, routed)           0.000     8.400    g_single_cycle.out_re_reg[8]_i_2_n_0
    SLICE_X32Y73         CARRY4 (Prop_carry4_CI_CO[3])
                                                      0.100     8.500 r  g_single_cycle.out_re_reg[12]_i_2/CO[3]
                         net (fo=1, routed)           0.000     8.500    g_single_cycle.out_re_reg[12]_i_2_n_0
    SLICE_X32Y74         CARRY4 (Prop_carry4_CI_CO[3])
                                                      0.100     8.600 r  g_single_cycle.out_re_reg[15]_i_4/CO[3]
                         net (fo=1, routed)           0.008     8.608    g_single_cycle.out_re_reg[15]_i_4_n_0
    SLICE_X32Y75         CARRY4 (Prop_carry4_CI_O[0])
                                                      0.178     8.786 f  g_single_cycle.out_re_reg[15]_i_22/O[0]
                         net (fo=4, routed)           0.634     9.420    round_q29_to_q15_wide0[17]
    SLICE_X33Y74         LUT5 (Prop_lut5_I4_O)        0.238     9.658 r  g_single_cycle.out_re[15]_i_18/O
                         net (fo=1, routed)           0.000     9.658    g_single_cycle.out_re[15]_i_18_n_0
    SLICE_X33Y74         CARRY4 (Prop_carry4_S[1]_CO[1])
                                                      0.408    10.066 r  g_single_cycle.out_re_reg[15]_i_7/CO[1]
                         net (fo=18, routed)          0.747    10.813    saturate_q1512_in
    SLICE_X34Y76         LUT5 (Prop_lut5_I3_O)        0.275    11.088 r  g_single_cycle.saturation_count[3]_i_3/O
                         net (fo=1, routed)           0.000    11.088    g_single_cycle.saturation_count[3]_i_3_n_0
    SLICE_X34Y76         CARRY4 (Prop_carry4_S[0]_CO[3])
                                                      0.423    11.511 r  g_single_cycle.saturation_count_reg[3]_i_1/CO[3]
                         net (fo=1, routed)           0.000    11.511    g_single_cycle.saturation_count_reg[3]_i_1_n_0
    SLICE_X34Y77         CARRY4 (Prop_carry4_CI_CO[3])
                                                      0.100    11.611 r  g_single_cycle.saturation_count_reg[7]_i_1/CO[3]
                         net (fo=1, routed)           0.000    11.611    g_single_cycle.saturation_count_reg[7]_i_1_n_0
    SLICE_X34Y78         CARRY4 (Prop_carry4_CI_CO[3])
                                                      0.100    11.711 r  g_single_cycle.saturation_count_reg[11]_i_1/CO[3]
                         net (fo=1, routed)           0.000    11.711    g_single_cycle.saturation_count_reg[11]_i_1_n_0
    SLICE_X34Y79         CARRY4 (Prop_carry4_CI_CO[3])
                                                      0.100    11.811 r  g_single_cycle.saturation_count_reg[15]_i_1/CO[3]
                         net (fo=1, routed)           0.000    11.811    g_single_cycle.saturation_count_reg[15]_i_1_n_0
    SLICE_X34Y80         CARRY4 (Prop_carry4_CI_CO[3])
                                                      0.100    11.911 r  g_single_cycle.saturation_count_reg[19]_i_1/CO[3]
                         net (fo=1, routed)           0.000    11.911    g_single_cycle.saturation_count_reg[19]_i_1_n_0
    SLICE_X34Y81         CARRY4 (Prop_carry4_CI_CO[3])
                                                      0.100    12.011 r  g_single_cycle.saturation_count_reg[23]_i_1/CO[3]
                         net (fo=1, routed)           0.000    12.011    g_single_cycle.saturation_count_reg[23]_i_1_n_0
    SLICE_X34Y82         CARRY4 (Prop_carry4_CI_CO[3])
                                                      0.100    12.111 r  g_single_cycle.saturation_count_reg[27]_i_1/CO[3]
                         net (fo=1, routed)           0.000    12.111    g_single_cycle.saturation_count_reg[27]_i_1_n_0
    SLICE_X34Y83         CARRY4 (Prop_carry4_CI_O[1])
                                                      0.257    12.368 r  g_single_cycle.saturation_count_reg[31]_i_1/O[1]
                         net (fo=1, routed)           0.000    12.368    p_1_in[29]
    SLICE_X34Y83         FDRE                                         r  g_single_cycle.saturation_count_reg[29]/D
  -------------------------------------------------------------------    -------------------

                         (clock clk rise edge)       10.000    10.000 r
                                                      0.000    10.000 r  clk (IN)
                         net (fo=71, unset)           1.230    11.230    clk
    SLICE_X34Y83         FDRE                                         r  g_single_cycle.saturation_count_reg[29]/C
                         clock pessimism              0.000    11.230
                         clock uncertainty           -0.035    11.195
    SLICE_X34Y83         FDRE (Setup_fdre_C_D)        0.101    11.296    g_single_cycle.saturation_count_reg[29]
  -------------------------------------------------------------------
                         required time                         11.296
                         arrival time                         -12.368
  -------------------------------------------------------------------
                         slack                                 -1.072

Slack (VIOLATED) :        -1.014ns  (required time - arrival time)
  Source:                 in_re[15]
                            (input port clocked by clk  {rise@0.000ns fall@5.000ns period=10.000ns})
  Destination:            g_single_cycle.saturation_count_reg[30]/D
                            (rising edge-triggered cell FDRE clocked by clk  {rise@0.000ns fall@5.000ns period=10.000ns})
  Path Group:             clk
  Path Type:              Setup (Max at Slow Process Corner)
  Requirement:            10.000ns  (clk rise@10.000ns - clk rise@0.000ns)
  Data Path Delay:        12.310ns  (logic 9.013ns (73.217%)  route 3.297ns (26.783%))
  Logic Levels:           24  (CARRY4=18 DSP48E1=2 LUT1=2 LUT5=2)
  Input Delay:            0.000ns
  Clock Path Skew:        1.230ns (DCD - SCD + CPR)
    Destination Clock Delay (DCD):    1.230ns = ( 11.230 - 10.000 )
    Source Clock Delay      (SCD):    0.000ns
    Clock Pessimism Removal (CPR):    0.000ns
  Clock Uncertainty:      0.035ns  ((TSJ^2 + TIJ^2)^1/2 + DJ) / 2 + PE
    Total System Jitter     (TSJ):    0.071ns
    Total Input Jitter      (TIJ):    0.000ns
    Discrete Jitter          (DJ):    0.000ns
    Phase Error              (PE):    0.000ns

    Location             Delay type                Incr(ns)  Path(ns)    Netlist Resource(s)
  -------------------------------------------------------------------    -------------------
                         (clock clk rise edge)        0.000     0.000 r
                         input delay                  0.000     0.000
                                                      0.000     0.000 r  in_re[15] (IN)
                         net (fo=29, unset)           0.787     0.787    in_re[15]
    DSP48_X2Y28          DSP48E1 (Prop_dsp48e1_A[29]_PCOUT[47])
                                                      3.397     4.184 r  g_single_cycle.product_rr/PCOUT[47]
                         net (fo=1, routed)           0.002     4.186    g_single_cycle.product_rr_n_106
    DSP48_X2Y29          DSP48E1 (Prop_dsp48e1_PCIN[47]_P[1])
                                                      1.271     5.457 f  g_single_cycle.equalized_re_q29/P[1]
                         net (fo=1, routed)           0.721     6.178    g_single_cycle.equalized_re_q29_n_104
    SLICE_X34Y68         LUT1 (Prop_lut1_I0_O)        0.105     6.283 r  g_single_cycle.out_re[0]_i_22/O
                         net (fo=1, routed)           0.000     6.283    g_single_cycle.out_re[0]_i_22_n_0
    SLICE_X34Y68         CARRY4 (Prop_carry4_S[0]_CO[3])
                                                      0.423     6.706 r  g_single_cycle.out_re_reg[0]_i_13/CO[3]
                         net (fo=1, routed)           0.000     6.706    g_single_cycle.out_re_reg[0]_i_13_n_0
    SLICE_X34Y69         CARRY4 (Prop_carry4_CI_CO[3])
                                                      0.100     6.806 r  g_single_cycle.out_re_reg[0]_i_8/CO[3]
                         net (fo=1, routed)           0.000     6.806    g_single_cycle.out_re_reg[0]_i_8_n_0
    SLICE_X34Y70         CARRY4 (Prop_carry4_CI_CO[3])
                                                      0.100     6.906 r  g_single_cycle.out_re_reg[0]_i_3/CO[3]
                         net (fo=1, routed)           0.000     6.906    g_single_cycle.out_re_reg[0]_i_3_n_0
    SLICE_X34Y71         CARRY4 (Prop_carry4_CI_O[1])
                                                      0.257     7.163 f  g_single_cycle.out_re_reg[0]_i_2/O[1]
                         net (fo=2, routed)           0.255     7.418    round_q29_to_q15_wide2[14]
    SLICE_X33Y71         LUT1 (Prop_lut1_I0_O)        0.245     7.663 r  g_single_cycle.out_re[4]_i_3/O
                         net (fo=1, routed)           0.143     7.806    p_0_in[0]
    SLICE_X32Y71         CARRY4 (Prop_carry4_CYINIT_CO[3])
                                                      0.494     8.300 r  g_single_cycle.out_re_reg[4]_i_2/CO[3]
                         net (fo=1, routed)           0.000     8.300    g_single_cycle.out_re_reg[4]_i_2_n_0
    SLICE_X32Y72         CARRY4 (Prop_carry4_CI_CO[3])
                                                      0.100     8.400 r  g_single_cycle.out_re_reg[8]_i_2/CO[3]
                         net (fo=1, routed)           0.000     8.400    g_single_cycle.out_re_reg[8]_i_2_n_0
    SLICE_X32Y73         CARRY4 (Prop_carry4_CI_CO[3])
                                                      0.100     8.500 r  g_single_cycle.out_re_reg[12]_i_2/CO[3]
                         net (fo=1, routed)           0.000     8.500    g_single_cycle.out_re_reg[12]_i_2_n_0
    SLICE_X32Y74         CARRY4 (Prop_carry4_CI_CO[3])
                                                      0.100     8.600 r  g_single_cycle.out_re_reg[15]_i_4/CO[3]
                         net (fo=1, routed)           0.008     8.608    g_single_cycle.out_re_reg[15]_i_4_n_0
    SLICE_X32Y75         CARRY4 (Prop_carry4_CI_O[0])
                                                      0.178     8.786 f  g_single_cycle.out_re_reg[15]_i_22/O[0]
                         net (fo=4, routed)           0.634     9.420    round_q29_to_q15_wide0[17]
    SLICE_X33Y74         LUT5 (Prop_lut5_I4_O)        0.238     9.658 r  g_single_cycle.out_re[15]_i_18/O
                         net (fo=1, routed)           0.000     9.658    g_single_cycle.out_re[15]_i_18_n_0
    SLICE_X33Y74         CARRY4 (Prop_carry4_S[1]_CO[1])
                                                      0.408    10.066 r  g_single_cycle.out_re_reg[15]_i_7/CO[1]
                         net (fo=18, routed)          0.747    10.813    saturate_q1512_in
    SLICE_X34Y76         LUT5 (Prop_lut5_I3_O)        0.275    11.088 r  g_single_cycle.saturation_count[3]_i_3/O
                         net (fo=1, routed)           0.000    11.088    g_single_cycle.saturation_count[3]_i_3_n_0
    SLICE_X34Y76         CARRY4 (Prop_carry4_S[0]_CO[3])
                                                      0.423    11.511 r  g_single_cycle.saturation_count_reg[3]_i_1/CO[3]
                         net (fo=1, routed)           0.000    11.511    g_single_cycle.saturation_count_reg[3]_i_1_n_0
    SLICE_X34Y77         CARRY4 (Prop_carry4_CI_CO[3])
                                                      0.100    11.611 r  g_single_cycle.saturation_count_reg[7]_i_1/CO[3]
                         net (fo=1, routed)           0.000    11.611    g_single_cycle.saturation_count_reg[7]_i_1_n_0
    SLICE_X34Y78         CARRY4 (Prop_carry4_CI_CO[3])
                                                      0.100    11.711 r  g_single_cycle.saturation_count_reg[11]_i_1/CO[3]
                         net (fo=1, routed)           0.000    11.711    g_single_cycle.saturation_count_reg[11]_i_1_n_0
    SLICE_X34Y79         CARRY4 (Prop_carry4_CI_CO[3])
                                                      0.100    11.811 r  g_single_cycle.saturation_count_reg[15]_i_1/CO[3]
                         net (fo=1, routed)           0.000    11.811    g_single_cycle.saturation_count_reg[15]_i_1_n_0
    SLICE_X34Y80         CARRY4 (Prop_carry4_CI_CO[3])
                                                      0.100    11.911 r  g_single_cycle.saturation_count_reg[19]_i_1/CO[3]
                         net (fo=1, routed)           0.000    11.911    g_single_cycle.saturation_count_reg[19]_i_1_n_0
    SLICE_X34Y81         CARRY4 (Prop_carry4_CI_CO[3])
                                                      0.100    12.011 r  g_single_cycle.saturation_count_reg[23]_i_1/CO[3]
                         net (fo=1, routed)           0.000    12.011    g_single_cycle.saturation_count_reg[23]_i_1_n_0
    SLICE_X34Y82         CARRY4 (Prop_carry4_CI_CO[3])
                                                      0.100    12.111 r  g_single_cycle.saturation_count_reg[27]_i_1/CO[3]
                         net (fo=1, routed)           0.000    12.111    g_single_cycle.saturation_count_reg[27]_i_1_n_0
    SLICE_X34Y83         CARRY4 (Prop_carry4_CI_O[2])
                                                      0.199    12.310 r  g_single_cycle.saturation_count_reg[31]_i_1/O[2]
                         net (fo=1, routed)           0.000    12.310    p_1_in[30]
    SLICE_X34Y83         FDRE                                         r  g_single_cycle.saturation_count_reg[30]/D
  -------------------------------------------------------------------    -------------------

                         (clock clk rise edge)       10.000    10.000 r
                                                      0.000    10.000 r  clk (IN)
                         net (fo=71, unset)           1.230    11.230    clk
    SLICE_X34Y83         FDRE                                         r  g_single_cycle.saturation_count_reg[30]/C
                         clock pessimism              0.000    11.230
                         clock uncertainty           -0.035    11.195
    SLICE_X34Y83         FDRE (Setup_fdre_C_D)        0.101    11.296    g_single_cycle.saturation_count_reg[30]
  -------------------------------------------------------------------
                         required time                         11.296
                         arrival time                         -12.310
  -------------------------------------------------------------------
                         slack                                 -1.014

Slack (VIOLATED) :        -0.993ns  (required time - arrival time)
  Source:                 in_re[15]
                            (input port clocked by clk  {rise@0.000ns fall@5.000ns period=10.000ns})
  Destination:            g_single_cycle.saturation_count_reg[28]/D
                            (rising edge-triggered cell FDRE clocked by clk  {rise@0.000ns fall@5.000ns period=10.000ns})
  Path Group:             clk
  Path Type:              Setup (Max at Slow Process Corner)
  Requirement:            10.000ns  (clk rise@10.000ns - clk rise@0.000ns)
  Data Path Delay:        12.289ns  (logic 8.992ns (73.171%)  route 3.297ns (26.829%))
  Logic Levels:           24  (CARRY4=18 DSP48E1=2 LUT1=2 LUT5=2)
  Input Delay:            0.000ns
  Clock Path Skew:        1.230ns (DCD - SCD + CPR)
    Destination Clock Delay (DCD):    1.230ns = ( 11.230 - 10.000 )
    Source Clock Delay      (SCD):    0.000ns
    Clock Pessimism Removal (CPR):    0.000ns
  Clock Uncertainty:      0.035ns  ((TSJ^2 + TIJ^2)^1/2 + DJ) / 2 + PE
    Total System Jitter     (TSJ):    0.071ns
    Total Input Jitter      (TIJ):    0.000ns
    Discrete Jitter          (DJ):    0.000ns
    Phase Error              (PE):    0.000ns

    Location             Delay type                Incr(ns)  Path(ns)    Netlist Resource(s)
  -------------------------------------------------------------------    -------------------
                         (clock clk rise edge)        0.000     0.000 r
                         input delay                  0.000     0.000
                                                      0.000     0.000 r  in_re[15] (IN)
                         net (fo=29, unset)           0.787     0.787    in_re[15]
    DSP48_X2Y28          DSP48E1 (Prop_dsp48e1_A[29]_PCOUT[47])
                                                      3.397     4.184 r  g_single_cycle.product_rr/PCOUT[47]
                         net (fo=1, routed)           0.002     4.186    g_single_cycle.product_rr_n_106
    DSP48_X2Y29          DSP48E1 (Prop_dsp48e1_PCIN[47]_P[1])
                                                      1.271     5.457 f  g_single_cycle.equalized_re_q29/P[1]
                         net (fo=1, routed)           0.721     6.178    g_single_cycle.equalized_re_q29_n_104
    SLICE_X34Y68         LUT1 (Prop_lut1_I0_O)        0.105     6.283 r  g_single_cycle.out_re[0]_i_22/O
                         net (fo=1, routed)           0.000     6.283    g_single_cycle.out_re[0]_i_22_n_0
    SLICE_X34Y68         CARRY4 (Prop_carry4_S[0]_CO[3])
                                                      0.423     6.706 r  g_single_cycle.out_re_reg[0]_i_13/CO[3]
                         net (fo=1, routed)           0.000     6.706    g_single_cycle.out_re_reg[0]_i_13_n_0
    SLICE_X34Y69         CARRY4 (Prop_carry4_CI_CO[3])
                                                      0.100     6.806 r  g_single_cycle.out_re_reg[0]_i_8/CO[3]
                         net (fo=1, routed)           0.000     6.806    g_single_cycle.out_re_reg[0]_i_8_n_0
    SLICE_X34Y70         CARRY4 (Prop_carry4_CI_CO[3])
                                                      0.100     6.906 r  g_single_cycle.out_re_reg[0]_i_3/CO[3]
                         net (fo=1, routed)           0.000     6.906    g_single_cycle.out_re_reg[0]_i_3_n_0
    SLICE_X34Y71         CARRY4 (Prop_carry4_CI_O[1])
                                                      0.257     7.163 f  g_single_cycle.out_re_reg[0]_i_2/O[1]
                         net (fo=2, routed)           0.255     7.418    round_q29_to_q15_wide2[14]
    SLICE_X33Y71         LUT1 (Prop_lut1_I0_O)        0.245     7.663 r  g_single_cycle.out_re[4]_i_3/O
                         net (fo=1, routed)           0.143     7.806    p_0_in[0]
    SLICE_X32Y71         CARRY4 (Prop_carry4_CYINIT_CO[3])
                                                      0.494     8.300 r  g_single_cycle.out_re_reg[4]_i_2/CO[3]
                         net (fo=1, routed)           0.000     8.300    g_single_cycle.out_re_reg[4]_i_2_n_0
    SLICE_X32Y72         CARRY4 (Prop_carry4_CI_CO[3])
                                                      0.100     8.400 r  g_single_cycle.out_re_reg[8]_i_2/CO[3]
                         net (fo=1, routed)           0.000     8.400    g_single_cycle.out_re_reg[8]_i_2_n_0
    SLICE_X32Y73         CARRY4 (Prop_carry4_CI_CO[3])
                                                      0.100     8.500 r  g_single_cycle.out_re_reg[12]_i_2/CO[3]
                         net (fo=1, routed)           0.000     8.500    g_single_cycle.out_re_reg[12]_i_2_n_0
    SLICE_X32Y74         CARRY4 (Prop_carry4_CI_CO[3])
                                                      0.100     8.600 r  g_single_cycle.out_re_reg[15]_i_4/CO[3]
                         net (fo=1, routed)           0.008     8.608    g_single_cycle.out_re_reg[15]_i_4_n_0
    SLICE_X32Y75         CARRY4 (Prop_carry4_CI_O[0])
                                                      0.178     8.786 f  g_single_cycle.out_re_reg[15]_i_22/O[0]
                         net (fo=4, routed)           0.634     9.420    round_q29_to_q15_wide0[17]
    SLICE_X33Y74         LUT5 (Prop_lut5_I4_O)        0.238     9.658 r  g_single_cycle.out_re[15]_i_18/O
                         net (fo=1, routed)           0.000     9.658    g_single_cycle.out_re[15]_i_18_n_0
    SLICE_X33Y74         CARRY4 (Prop_carry4_S[1]_CO[1])
                                                      0.408    10.066 r  g_single_cycle.out_re_reg[15]_i_7/CO[1]
                         net (fo=18, routed)          0.747    10.813    saturate_q1512_in
    SLICE_X34Y76         LUT5 (Prop_lut5_I3_O)        0.275    11.088 r  g_single_cycle.saturation_count[3]_i_3/O
                         net (fo=1, routed)           0.000    11.088    g_single_cycle.saturation_count[3]_i_3_n_0
    SLICE_X34Y76         CARRY4 (Prop_carry4_S[0]_CO[3])
                                                      0.423    11.511 r  g_single_cycle.saturation_count_reg[3]_i_1/CO[3]
                         net (fo=1, routed)           0.000    11.511    g_single_cycle.saturation_count_reg[3]_i_1_n_0
    SLICE_X34Y77         CARRY4 (Prop_carry4_CI_CO[3])
                                                      0.100    11.611 r  g_single_cycle.saturation_count_reg[7]_i_1/CO[3]
                         net (fo=1, routed)           0.000    11.611    g_single_cycle.saturation_count_reg[7]_i_1_n_0
    SLICE_X34Y78         CARRY4 (Prop_carry4_CI_CO[3])
                                                      0.100    11.711 r  g_single_cycle.saturation_count_reg[11]_i_1/CO[3]
                         net (fo=1, routed)           0.000    11.711    g_single_cycle.saturation_count_reg[11]_i_1_n_0
    SLICE_X34Y79         CARRY4 (Prop_carry4_CI_CO[3])
                                                      0.100    11.811 r  g_single_cycle.saturation_count_reg[15]_i_1/CO[3]
                         net (fo=1, routed)           0.000    11.811    g_single_cycle.saturation_count_reg[15]_i_1_n_0
    SLICE_X34Y80         CARRY4 (Prop_carry4_CI_CO[3])
                                                      0.100    11.911 r  g_single_cycle.saturation_count_reg[19]_i_1/CO[3]
                         net (fo=1, routed)           0.000    11.911    g_single_cycle.saturation_count_reg[19]_i_1_n_0
    SLICE_X34Y81         CARRY4 (Prop_carry4_CI_CO[3])
                                                      0.100    12.011 r  g_single_cycle.saturation_count_reg[23]_i_1/CO[3]
                         net (fo=1, routed)           0.000    12.011    g_single_cycle.saturation_count_reg[23]_i_1_n_0
    SLICE_X34Y82         CARRY4 (Prop_carry4_CI_CO[3])
                                                      0.100    12.111 r  g_single_cycle.saturation_count_reg[27]_i_1/CO[3]
                         net (fo=1, routed)           0.000    12.111    g_single_cycle.saturation_count_reg[27]_i_1_n_0
    SLICE_X34Y83         CARRY4 (Prop_carry4_CI_O[0])
                                                      0.178    12.289 r  g_single_cycle.saturation_count_reg[31]_i_1/O[0]
                         net (fo=1, routed)           0.000    12.289    p_1_in[28]
    SLICE_X34Y83         FDRE                                         r  g_single_cycle.saturation_count_reg[28]/D
  -------------------------------------------------------------------    -------------------

                         (clock clk rise edge)       10.000    10.000 r
                                                      0.000    10.000 r  clk (IN)
                         net (fo=71, unset)           1.230    11.230    clk
    SLICE_X34Y83         FDRE                                         r  g_single_cycle.saturation_count_reg[28]/C
                         clock pessimism              0.000    11.230
                         clock uncertainty           -0.035    11.195
    SLICE_X34Y83         FDRE (Setup_fdre_C_D)        0.101    11.296    g_single_cycle.saturation_count_reg[28]
  -------------------------------------------------------------------
                         required time                         11.296
                         arrival time                         -12.289
  -------------------------------------------------------------------
                         slack                                 -0.993

Slack (VIOLATED) :        -0.978ns  (required time - arrival time)
  Source:                 in_re[15]
                            (input port clocked by clk  {rise@0.000ns fall@5.000ns period=10.000ns})
  Destination:            g_single_cycle.saturation_count_reg[27]/D
                            (rising edge-triggered cell FDRE clocked by clk  {rise@0.000ns fall@5.000ns period=10.000ns})
  Path Group:             clk
  Path Type:              Setup (Max at Slow Process Corner)
  Requirement:            10.000ns  (clk rise@10.000ns - clk rise@0.000ns)
  Data Path Delay:        12.273ns  (logic 8.976ns (73.136%)  route 3.297ns (26.864%))
  Logic Levels:           23  (CARRY4=17 DSP48E1=2 LUT1=2 LUT5=2)
  Input Delay:            0.000ns
  Clock Path Skew:        1.229ns (DCD - SCD + CPR)
    Destination Clock Delay (DCD):    1.229ns = ( 11.229 - 10.000 )
    Source Clock Delay      (SCD):    0.000ns
    Clock Pessimism Removal (CPR):    0.000ns
  Clock Uncertainty:      0.035ns  ((TSJ^2 + TIJ^2)^1/2 + DJ) / 2 + PE
    Total System Jitter     (TSJ):    0.071ns
    Total Input Jitter      (TIJ):    0.000ns
    Discrete Jitter          (DJ):    0.000ns
    Phase Error              (PE):    0.000ns

    Location             Delay type                Incr(ns)  Path(ns)    Netlist Resource(s)
  -------------------------------------------------------------------    -------------------
                         (clock clk rise edge)        0.000     0.000 r
                         input delay                  0.000     0.000
                                                      0.000     0.000 r  in_re[15] (IN)
                         net (fo=29, unset)           0.787     0.787    in_re[15]
    DSP48_X2Y28          DSP48E1 (Prop_dsp48e1_A[29]_PCOUT[47])
                                                      3.397     4.184 r  g_single_cycle.product_rr/PCOUT[47]
                         net (fo=1, routed)           0.002     4.186    g_single_cycle.product_rr_n_106
    DSP48_X2Y29          DSP48E1 (Prop_dsp48e1_PCIN[47]_P[1])
                                                      1.271     5.457 f  g_single_cycle.equalized_re_q29/P[1]
                         net (fo=1, routed)           0.721     6.178    g_single_cycle.equalized_re_q29_n_104
    SLICE_X34Y68         LUT1 (Prop_lut1_I0_O)        0.105     6.283 r  g_single_cycle.out_re[0]_i_22/O
                         net (fo=1, routed)           0.000     6.283    g_single_cycle.out_re[0]_i_22_n_0
    SLICE_X34Y68         CARRY4 (Prop_carry4_S[0]_CO[3])
                                                      0.423     6.706 r  g_single_cycle.out_re_reg[0]_i_13/CO[3]
                         net (fo=1, routed)           0.000     6.706    g_single_cycle.out_re_reg[0]_i_13_n_0
    SLICE_X34Y69         CARRY4 (Prop_carry4_CI_CO[3])
                                                      0.100     6.806 r  g_single_cycle.out_re_reg[0]_i_8/CO[3]
                         net (fo=1, routed)           0.000     6.806    g_single_cycle.out_re_reg[0]_i_8_n_0
    SLICE_X34Y70         CARRY4 (Prop_carry4_CI_CO[3])
                                                      0.100     6.906 r  g_single_cycle.out_re_reg[0]_i_3/CO[3]
                         net (fo=1, routed)           0.000     6.906    g_single_cycle.out_re_reg[0]_i_3_n_0
    SLICE_X34Y71         CARRY4 (Prop_carry4_CI_O[1])
                                                      0.257     7.163 f  g_single_cycle.out_re_reg[0]_i_2/O[1]
                         net (fo=2, routed)           0.255     7.418    round_q29_to_q15_wide2[14]
    SLICE_X33Y71         LUT1 (Prop_lut1_I0_O)        0.245     7.663 r  g_single_cycle.out_re[4]_i_3/O
                         net (fo=1, routed)           0.143     7.806    p_0_in[0]
    SLICE_X32Y71         CARRY4 (Prop_carry4_CYINIT_CO[3])
                                                      0.494     8.300 r  g_single_cycle.out_re_reg[4]_i_2/CO[3]
                         net (fo=1, routed)           0.000     8.300    g_single_cycle.out_re_reg[4]_i_2_n_0
    SLICE_X32Y72         CARRY4 (Prop_carry4_CI_CO[3])
                                                      0.100     8.400 r  g_single_cycle.out_re_reg[8]_i_2/CO[3]
                         net (fo=1, routed)           0.000     8.400    g_single_cycle.out_re_reg[8]_i_2_n_0
    SLICE_X32Y73         CARRY4 (Prop_carry4_CI_CO[3])
                                                      0.100     8.500 r  g_single_cycle.out_re_reg[12]_i_2/CO[3]
                         net (fo=1, routed)           0.000     8.500    g_single_cycle.out_re_reg[12]_i_2_n_0
    SLICE_X32Y74         CARRY4 (Prop_carry4_CI_CO[3])
                                                      0.100     8.600 r  g_single_cycle.out_re_reg[15]_i_4/CO[3]
                         net (fo=1, routed)           0.008     8.608    g_single_cycle.out_re_reg[15]_i_4_n_0
    SLICE_X32Y75         CARRY4 (Prop_carry4_CI_O[0])
                                                      0.178     8.786 f  g_single_cycle.out_re_reg[15]_i_22/O[0]
                         net (fo=4, routed)           0.634     9.420    round_q29_to_q15_wide0[17]
    SLICE_X33Y74         LUT5 (Prop_lut5_I4_O)        0.238     9.658 r  g_single_cycle.out_re[15]_i_18/O
                         net (fo=1, routed)           0.000     9.658    g_single_cycle.out_re[15]_i_18_n_0
    SLICE_X33Y74         CARRY4 (Prop_carry4_S[1]_CO[1])
                                                      0.408    10.066 r  g_single_cycle.out_re_reg[15]_i_7/CO[1]
                         net (fo=18, routed)          0.747    10.813    saturate_q1512_in
    SLICE_X34Y76         LUT5 (Prop_lut5_I3_O)        0.275    11.088 r  g_single_cycle.saturation_count[3]_i_3/O
                         net (fo=1, routed)           0.000    11.088    g_single_cycle.saturation_count[3]_i_3_n_0
    SLICE_X34Y76         CARRY4 (Prop_carry4_S[0]_CO[3])
                                                      0.423    11.511 r  g_single_cycle.saturation_count_reg[3]_i_1/CO[3]
                         net (fo=1, routed)           0.000    11.511    g_single_cycle.saturation_count_reg[3]_i_1_n_0
    SLICE_X34Y77         CARRY4 (Prop_carry4_CI_CO[3])
                                                      0.100    11.611 r  g_single_cycle.saturation_count_reg[7]_i_1/CO[3]
                         net (fo=1, routed)           0.000    11.611    g_single_cycle.saturation_count_reg[7]_i_1_n_0
    SLICE_X34Y78         CARRY4 (Prop_carry4_CI_CO[3])
                                                      0.100    11.711 r  g_single_cycle.saturation_count_reg[11]_i_1/CO[3]
                         net (fo=1, routed)           0.000    11.711    g_single_cycle.saturation_count_reg[11]_i_1_n_0
    SLICE_X34Y79         CARRY4 (Prop_carry4_CI_CO[3])
                                                      0.100    11.811 r  g_single_cycle.saturation_count_reg[15]_i_1/CO[3]
                         net (fo=1, routed)           0.000    11.811    g_single_cycle.saturation_count_reg[15]_i_1_n_0
    SLICE_X34Y80         CARRY4 (Prop_carry4_CI_CO[3])
                                                      0.100    11.911 r  g_single_cycle.saturation_count_reg[19]_i_1/CO[3]
                         net (fo=1, routed)           0.000    11.911    g_single_cycle.saturation_count_reg[19]_i_1_n_0
    SLICE_X34Y81         CARRY4 (Prop_carry4_CI_CO[3])
                                                      0.100    12.011 r  g_single_cycle.saturation_count_reg[23]_i_1/CO[3]
                         net (fo=1, routed)           0.000    12.011    g_single_cycle.saturation_count_reg[23]_i_1_n_0
    SLICE_X34Y82         CARRY4 (Prop_carry4_CI_O[3])
                                                      0.262    12.273 r  g_single_cycle.saturation_count_reg[27]_i_1/O[3]
                         net (fo=1, routed)           0.000    12.273    p_1_in[27]
    SLICE_X34Y82         FDRE                                         r  g_single_cycle.saturation_count_reg[27]/D
  -------------------------------------------------------------------    -------------------

                         (clock clk rise edge)       10.000    10.000 r
                                                      0.000    10.000 r  clk (IN)
                         net (fo=71, unset)           1.229    11.229    clk
    SLICE_X34Y82         FDRE                                         r  g_single_cycle.saturation_count_reg[27]/C
                         clock pessimism              0.000    11.229
                         clock uncertainty           -0.035    11.194
    SLICE_X34Y82         FDRE (Setup_fdre_C_D)        0.101    11.295    g_single_cycle.saturation_count_reg[27]
  -------------------------------------------------------------------
                         required time                         11.295
                         arrival time                         -12.273
  -------------------------------------------------------------------
                         slack                                 -0.978

Slack (VIOLATED) :        -0.973ns  (required time - arrival time)
  Source:                 in_re[15]
                            (input port clocked by clk  {rise@0.000ns fall@5.000ns period=10.000ns})
  Destination:            g_single_cycle.saturation_count_reg[25]/D
                            (rising edge-triggered cell FDRE clocked by clk  {rise@0.000ns fall@5.000ns period=10.000ns})
  Path Group:             clk
  Path Type:              Setup (Max at Slow Process Corner)
  Requirement:            10.000ns  (clk rise@10.000ns - clk rise@0.000ns)
  Data Path Delay:        12.268ns  (logic 8.971ns (73.125%)  route 3.297ns (26.875%))
  Logic Levels:           23  (CARRY4=17 DSP48E1=2 LUT1=2 LUT5=2)
  Input Delay:            0.000ns
  Clock Path Skew:        1.229ns (DCD - SCD + CPR)
    Destination Clock Delay (DCD):    1.229ns = ( 11.229 - 10.000 )
    Source Clock Delay      (SCD):    0.000ns
    Clock Pessimism Removal (CPR):    0.000ns
  Clock Uncertainty:      0.035ns  ((TSJ^2 + TIJ^2)^1/2 + DJ) / 2 + PE
    Total System Jitter     (TSJ):    0.071ns
    Total Input Jitter      (TIJ):    0.000ns
    Discrete Jitter          (DJ):    0.000ns
    Phase Error              (PE):    0.000ns

    Location             Delay type                Incr(ns)  Path(ns)    Netlist Resource(s)
  -------------------------------------------------------------------    -------------------
                         (clock clk rise edge)        0.000     0.000 r
                         input delay                  0.000     0.000
                                                      0.000     0.000 r  in_re[15] (IN)
                         net (fo=29, unset)           0.787     0.787    in_re[15]
    DSP48_X2Y28          DSP48E1 (Prop_dsp48e1_A[29]_PCOUT[47])
                                                      3.397     4.184 r  g_single_cycle.product_rr/PCOUT[47]
                         net (fo=1, routed)           0.002     4.186    g_single_cycle.product_rr_n_106
    DSP48_X2Y29          DSP48E1 (Prop_dsp48e1_PCIN[47]_P[1])
                                                      1.271     5.457 f  g_single_cycle.equalized_re_q29/P[1]
                         net (fo=1, routed)           0.721     6.178    g_single_cycle.equalized_re_q29_n_104
    SLICE_X34Y68         LUT1 (Prop_lut1_I0_O)        0.105     6.283 r  g_single_cycle.out_re[0]_i_22/O
                         net (fo=1, routed)           0.000     6.283    g_single_cycle.out_re[0]_i_22_n_0
    SLICE_X34Y68         CARRY4 (Prop_carry4_S[0]_CO[3])
                                                      0.423     6.706 r  g_single_cycle.out_re_reg[0]_i_13/CO[3]
                         net (fo=1, routed)           0.000     6.706    g_single_cycle.out_re_reg[0]_i_13_n_0
    SLICE_X34Y69         CARRY4 (Prop_carry4_CI_CO[3])
                                                      0.100     6.806 r  g_single_cycle.out_re_reg[0]_i_8/CO[3]
                         net (fo=1, routed)           0.000     6.806    g_single_cycle.out_re_reg[0]_i_8_n_0
    SLICE_X34Y70         CARRY4 (Prop_carry4_CI_CO[3])
                                                      0.100     6.906 r  g_single_cycle.out_re_reg[0]_i_3/CO[3]
                         net (fo=1, routed)           0.000     6.906    g_single_cycle.out_re_reg[0]_i_3_n_0
    SLICE_X34Y71         CARRY4 (Prop_carry4_CI_O[1])
                                                      0.257     7.163 f  g_single_cycle.out_re_reg[0]_i_2/O[1]
                         net (fo=2, routed)           0.255     7.418    round_q29_to_q15_wide2[14]
    SLICE_X33Y71         LUT1 (Prop_lut1_I0_O)        0.245     7.663 r  g_single_cycle.out_re[4]_i_3/O
                         net (fo=1, routed)           0.143     7.806    p_0_in[0]
    SLICE_X32Y71         CARRY4 (Prop_carry4_CYINIT_CO[3])
                                                      0.494     8.300 r  g_single_cycle.out_re_reg[4]_i_2/CO[3]
                         net (fo=1, routed)           0.000     8.300    g_single_cycle.out_re_reg[4]_i_2_n_0
    SLICE_X32Y72         CARRY4 (Prop_carry4_CI_CO[3])
                                                      0.100     8.400 r  g_single_cycle.out_re_reg[8]_i_2/CO[3]
                         net (fo=1, routed)           0.000     8.400    g_single_cycle.out_re_reg[8]_i_2_n_0
    SLICE_X32Y73         CARRY4 (Prop_carry4_CI_CO[3])
                                                      0.100     8.500 r  g_single_cycle.out_re_reg[12]_i_2/CO[3]
                         net (fo=1, routed)           0.000     8.500    g_single_cycle.out_re_reg[12]_i_2_n_0
    SLICE_X32Y74         CARRY4 (Prop_carry4_CI_CO[3])
                                                      0.100     8.600 r  g_single_cycle.out_re_reg[15]_i_4/CO[3]
                         net (fo=1, routed)           0.008     8.608    g_single_cycle.out_re_reg[15]_i_4_n_0
    SLICE_X32Y75         CARRY4 (Prop_carry4_CI_O[0])
                                                      0.178     8.786 f  g_single_cycle.out_re_reg[15]_i_22/O[0]
                         net (fo=4, routed)           0.634     9.420    round_q29_to_q15_wide0[17]
    SLICE_X33Y74         LUT5 (Prop_lut5_I4_O)        0.238     9.658 r  g_single_cycle.out_re[15]_i_18/O
                         net (fo=1, routed)           0.000     9.658    g_single_cycle.out_re[15]_i_18_n_0
    SLICE_X33Y74         CARRY4 (Prop_carry4_S[1]_CO[1])
                                                      0.408    10.066 r  g_single_cycle.out_re_reg[15]_i_7/CO[1]
                         net (fo=18, routed)          0.747    10.813    saturate_q1512_in
    SLICE_X34Y76         LUT5 (Prop_lut5_I3_O)        0.275    11.088 r  g_single_cycle.saturation_count[3]_i_3/O
                         net (fo=1, routed)           0.000    11.088    g_single_cycle.saturation_count[3]_i_3_n_0
    SLICE_X34Y76         CARRY4 (Prop_carry4_S[0]_CO[3])
                                                      0.423    11.511 r  g_single_cycle.saturation_count_reg[3]_i_1/CO[3]
                         net (fo=1, routed)           0.000    11.511    g_single_cycle.saturation_count_reg[3]_i_1_n_0
    SLICE_X34Y77         CARRY4 (Prop_carry4_CI_CO[3])
                                                      0.100    11.611 r  g_single_cycle.saturation_count_reg[7]_i_1/CO[3]
                         net (fo=1, routed)           0.000    11.611    g_single_cycle.saturation_count_reg[7]_i_1_n_0
    SLICE_X34Y78         CARRY4 (Prop_carry4_CI_CO[3])
                                                      0.100    11.711 r  g_single_cycle.saturation_count_reg[11]_i_1/CO[3]
                         net (fo=1, routed)           0.000    11.711    g_single_cycle.saturation_count_reg[11]_i_1_n_0
    SLICE_X34Y79         CARRY4 (Prop_carry4_CI_CO[3])
                                                      0.100    11.811 r  g_single_cycle.saturation_count_reg[15]_i_1/CO[3]
                         net (fo=1, routed)           0.000    11.811    g_single_cycle.saturation_count_reg[15]_i_1_n_0
    SLICE_X34Y80         CARRY4 (Prop_carry4_CI_CO[3])
                                                      0.100    11.911 r  g_single_cycle.saturation_count_reg[19]_i_1/CO[3]
                         net (fo=1, routed)           0.000    11.911    g_single_cycle.saturation_count_reg[19]_i_1_n_0
    SLICE_X34Y81         CARRY4 (Prop_carry4_CI_CO[3])
                                                      0.100    12.011 r  g_single_cycle.saturation_count_reg[23]_i_1/CO[3]
                         net (fo=1, routed)           0.000    12.011    g_single_cycle.saturation_count_reg[23]_i_1_n_0
    SLICE_X34Y82         CARRY4 (Prop_carry4_CI_O[1])
                                                      0.257    12.268 r  g_single_cycle.saturation_count_reg[27]_i_1/O[1]
                         net (fo=1, routed)           0.000    12.268    p_1_in[25]
    SLICE_X34Y82         FDRE                                         r  g_single_cycle.saturation_count_reg[25]/D
  -------------------------------------------------------------------    -------------------

                         (clock clk rise edge)       10.000    10.000 r
                                                      0.000    10.000 r  clk (IN)
                         net (fo=71, unset)           1.229    11.229    clk
    SLICE_X34Y82         FDRE                                         r  g_single_cycle.saturation_count_reg[25]/C
                         clock pessimism              0.000    11.229
                         clock uncertainty           -0.035    11.194
    SLICE_X34Y82         FDRE (Setup_fdre_C_D)        0.101    11.295    g_single_cycle.saturation_count_reg[25]
  -------------------------------------------------------------------
                         required time                         11.295
                         arrival time                         -12.268
  -------------------------------------------------------------------
                         slack                                 -0.973

Slack (VIOLATED) :        -0.915ns  (required time - arrival time)
  Source:                 in_re[15]
                            (input port clocked by clk  {rise@0.000ns fall@5.000ns period=10.000ns})
  Destination:            g_single_cycle.saturation_count_reg[26]/D
                            (rising edge-triggered cell FDRE clocked by clk  {rise@0.000ns fall@5.000ns period=10.000ns})
  Path Group:             clk
  Path Type:              Setup (Max at Slow Process Corner)
  Requirement:            10.000ns  (clk rise@10.000ns - clk rise@0.000ns)
  Data Path Delay:        12.210ns  (logic 8.913ns (72.997%)  route 3.297ns (27.003%))
  Logic Levels:           23  (CARRY4=17 DSP48E1=2 LUT1=2 LUT5=2)
  Input Delay:            0.000ns
  Clock Path Skew:        1.229ns (DCD - SCD + CPR)
    Destination Clock Delay (DCD):    1.229ns = ( 11.229 - 10.000 )
    Source Clock Delay      (SCD):    0.000ns
    Clock Pessimism Removal (CPR):    0.000ns
  Clock Uncertainty:      0.035ns  ((TSJ^2 + TIJ^2)^1/2 + DJ) / 2 + PE
    Total System Jitter     (TSJ):    0.071ns
    Total Input Jitter      (TIJ):    0.000ns
    Discrete Jitter          (DJ):    0.000ns
    Phase Error              (PE):    0.000ns

    Location             Delay type                Incr(ns)  Path(ns)    Netlist Resource(s)
  -------------------------------------------------------------------    -------------------
                         (clock clk rise edge)        0.000     0.000 r
                         input delay                  0.000     0.000
                                                      0.000     0.000 r  in_re[15] (IN)
                         net (fo=29, unset)           0.787     0.787    in_re[15]
    DSP48_X2Y28          DSP48E1 (Prop_dsp48e1_A[29]_PCOUT[47])
                                                      3.397     4.184 r  g_single_cycle.product_rr/PCOUT[47]
                         net (fo=1, routed)           0.002     4.186    g_single_cycle.product_rr_n_106
    DSP48_X2Y29          DSP48E1 (Prop_dsp48e1_PCIN[47]_P[1])
                                                      1.271     5.457 f  g_single_cycle.equalized_re_q29/P[1]
                         net (fo=1, routed)           0.721     6.178    g_single_cycle.equalized_re_q29_n_104
    SLICE_X34Y68         LUT1 (Prop_lut1_I0_O)        0.105     6.283 r  g_single_cycle.out_re[0]_i_22/O
                         net (fo=1, routed)           0.000     6.283    g_single_cycle.out_re[0]_i_22_n_0
    SLICE_X34Y68         CARRY4 (Prop_carry4_S[0]_CO[3])
                                                      0.423     6.706 r  g_single_cycle.out_re_reg[0]_i_13/CO[3]
                         net (fo=1, routed)           0.000     6.706    g_single_cycle.out_re_reg[0]_i_13_n_0
    SLICE_X34Y69         CARRY4 (Prop_carry4_CI_CO[3])
                                                      0.100     6.806 r  g_single_cycle.out_re_reg[0]_i_8/CO[3]
                         net (fo=1, routed)           0.000     6.806    g_single_cycle.out_re_reg[0]_i_8_n_0
    SLICE_X34Y70         CARRY4 (Prop_carry4_CI_CO[3])
                                                      0.100     6.906 r  g_single_cycle.out_re_reg[0]_i_3/CO[3]
                         net (fo=1, routed)           0.000     6.906    g_single_cycle.out_re_reg[0]_i_3_n_0
    SLICE_X34Y71         CARRY4 (Prop_carry4_CI_O[1])
                                                      0.257     7.163 f  g_single_cycle.out_re_reg[0]_i_2/O[1]
                         net (fo=2, routed)           0.255     7.418    round_q29_to_q15_wide2[14]
    SLICE_X33Y71         LUT1 (Prop_lut1_I0_O)        0.245     7.663 r  g_single_cycle.out_re[4]_i_3/O
                         net (fo=1, routed)           0.143     7.806    p_0_in[0]
    SLICE_X32Y71         CARRY4 (Prop_carry4_CYINIT_CO[3])
                                                      0.494     8.300 r  g_single_cycle.out_re_reg[4]_i_2/CO[3]
                         net (fo=1, routed)           0.000     8.300    g_single_cycle.out_re_reg[4]_i_2_n_0
    SLICE_X32Y72         CARRY4 (Prop_carry4_CI_CO[3])
                                                      0.100     8.400 r  g_single_cycle.out_re_reg[8]_i_2/CO[3]
                         net (fo=1, routed)           0.000     8.400    g_single_cycle.out_re_reg[8]_i_2_n_0
    SLICE_X32Y73         CARRY4 (Prop_carry4_CI_CO[3])
                                                      0.100     8.500 r  g_single_cycle.out_re_reg[12]_i_2/CO[3]
                         net (fo=1, routed)           0.000     8.500    g_single_cycle.out_re_reg[12]_i_2_n_0
    SLICE_X32Y74         CARRY4 (Prop_carry4_CI_CO[3])
                                                      0.100     8.600 r  g_single_cycle.out_re_reg[15]_i_4/CO[3]
                         net (fo=1, routed)           0.008     8.608    g_single_cycle.out_re_reg[15]_i_4_n_0
    SLICE_X32Y75         CARRY4 (Prop_carry4_CI_O[0])
                                                      0.178     8.786 f  g_single_cycle.out_re_reg[15]_i_22/O[0]
                         net (fo=4, routed)           0.634     9.420    round_q29_to_q15_wide0[17]
    SLICE_X33Y74         LUT5 (Prop_lut5_I4_O)        0.238     9.658 r  g_single_cycle.out_re[15]_i_18/O
                         net (fo=1, routed)           0.000     9.658    g_single_cycle.out_re[15]_i_18_n_0
    SLICE_X33Y74         CARRY4 (Prop_carry4_S[1]_CO[1])
                                                      0.408    10.066 r  g_single_cycle.out_re_reg[15]_i_7/CO[1]
                         net (fo=18, routed)          0.747    10.813    saturate_q1512_in
    SLICE_X34Y76         LUT5 (Prop_lut5_I3_O)        0.275    11.088 r  g_single_cycle.saturation_count[3]_i_3/O
                         net (fo=1, routed)           0.000    11.088    g_single_cycle.saturation_count[3]_i_3_n_0
    SLICE_X34Y76         CARRY4 (Prop_carry4_S[0]_CO[3])
                                                      0.423    11.511 r  g_single_cycle.saturation_count_reg[3]_i_1/CO[3]
                         net (fo=1, routed)           0.000    11.511    g_single_cycle.saturation_count_reg[3]_i_1_n_0
    SLICE_X34Y77         CARRY4 (Prop_carry4_CI_CO[3])
                                                      0.100    11.611 r  g_single_cycle.saturation_count_reg[7]_i_1/CO[3]
                         net (fo=1, routed)           0.000    11.611    g_single_cycle.saturation_count_reg[7]_i_1_n_0
    SLICE_X34Y78         CARRY4 (Prop_carry4_CI_CO[3])
                                                      0.100    11.711 r  g_single_cycle.saturation_count_reg[11]_i_1/CO[3]
                         net (fo=1, routed)           0.000    11.711    g_single_cycle.saturation_count_reg[11]_i_1_n_0
    SLICE_X34Y79         CARRY4 (Prop_carry4_CI_CO[3])
                                                      0.100    11.811 r  g_single_cycle.saturation_count_reg[15]_i_1/CO[3]
                         net (fo=1, routed)           0.000    11.811    g_single_cycle.saturation_count_reg[15]_i_1_n_0
    SLICE_X34Y80         CARRY4 (Prop_carry4_CI_CO[3])
                                                      0.100    11.911 r  g_single_cycle.saturation_count_reg[19]_i_1/CO[3]
                         net (fo=1, routed)           0.000    11.911    g_single_cycle.saturation_count_reg[19]_i_1_n_0
    SLICE_X34Y81         CARRY4 (Prop_carry4_CI_CO[3])
                                                      0.100    12.011 r  g_single_cycle.saturation_count_reg[23]_i_1/CO[3]
                         net (fo=1, routed)           0.000    12.011    g_single_cycle.saturation_count_reg[23]_i_1_n_0
    SLICE_X34Y82         CARRY4 (Prop_carry4_CI_O[2])
                                                      0.199    12.210 r  g_single_cycle.saturation_count_reg[27]_i_1/O[2]
                         net (fo=1, routed)           0.000    12.210    p_1_in[26]
    SLICE_X34Y82         FDRE                                         r  g_single_cycle.saturation_count_reg[26]/D
  -------------------------------------------------------------------    -------------------

                         (clock clk rise edge)       10.000    10.000 r
                                                      0.000    10.000 r  clk (IN)
                         net (fo=71, unset)           1.229    11.229    clk
    SLICE_X34Y82         FDRE                                         r  g_single_cycle.saturation_count_reg[26]/C
                         clock pessimism              0.000    11.229
                         clock uncertainty           -0.035    11.194
    SLICE_X34Y82         FDRE (Setup_fdre_C_D)        0.101    11.295    g_single_cycle.saturation_count_reg[26]
  -------------------------------------------------------------------
                         required time                         11.295
                         arrival time                         -12.210
  -------------------------------------------------------------------
                         slack                                 -0.915

Slack (VIOLATED) :        -0.894ns  (required time - arrival time)
  Source:                 in_re[15]
                            (input port clocked by clk  {rise@0.000ns fall@5.000ns period=10.000ns})
  Destination:            g_single_cycle.saturation_count_reg[24]/D
                            (rising edge-triggered cell FDRE clocked by clk  {rise@0.000ns fall@5.000ns period=10.000ns})
  Path Group:             clk
  Path Type:              Setup (Max at Slow Process Corner)
  Requirement:            10.000ns  (clk rise@10.000ns - clk rise@0.000ns)
  Data Path Delay:        12.189ns  (logic 8.892ns (72.951%)  route 3.297ns (27.049%))
  Logic Levels:           23  (CARRY4=17 DSP48E1=2 LUT1=2 LUT5=2)
  Input Delay:            0.000ns
  Clock Path Skew:        1.229ns (DCD - SCD + CPR)
    Destination Clock Delay (DCD):    1.229ns = ( 11.229 - 10.000 )
    Source Clock Delay      (SCD):    0.000ns
    Clock Pessimism Removal (CPR):    0.000ns
  Clock Uncertainty:      0.035ns  ((TSJ^2 + TIJ^2)^1/2 + DJ) / 2 + PE
    Total System Jitter     (TSJ):    0.071ns
    Total Input Jitter      (TIJ):    0.000ns
    Discrete Jitter          (DJ):    0.000ns
    Phase Error              (PE):    0.000ns

    Location             Delay type                Incr(ns)  Path(ns)    Netlist Resource(s)
  -------------------------------------------------------------------    -------------------
                         (clock clk rise edge)        0.000     0.000 r
                         input delay                  0.000     0.000
                                                      0.000     0.000 r  in_re[15] (IN)
                         net (fo=29, unset)           0.787     0.787    in_re[15]
    DSP48_X2Y28          DSP48E1 (Prop_dsp48e1_A[29]_PCOUT[47])
                                                      3.397     4.184 r  g_single_cycle.product_rr/PCOUT[47]
                         net (fo=1, routed)           0.002     4.186    g_single_cycle.product_rr_n_106
    DSP48_X2Y29          DSP48E1 (Prop_dsp48e1_PCIN[47]_P[1])
                                                      1.271     5.457 f  g_single_cycle.equalized_re_q29/P[1]
                         net (fo=1, routed)           0.721     6.178    g_single_cycle.equalized_re_q29_n_104
    SLICE_X34Y68         LUT1 (Prop_lut1_I0_O)        0.105     6.283 r  g_single_cycle.out_re[0]_i_22/O
                         net (fo=1, routed)           0.000     6.283    g_single_cycle.out_re[0]_i_22_n_0
    SLICE_X34Y68         CARRY4 (Prop_carry4_S[0]_CO[3])
                                                      0.423     6.706 r  g_single_cycle.out_re_reg[0]_i_13/CO[3]
                         net (fo=1, routed)           0.000     6.706    g_single_cycle.out_re_reg[0]_i_13_n_0
    SLICE_X34Y69         CARRY4 (Prop_carry4_CI_CO[3])
                                                      0.100     6.806 r  g_single_cycle.out_re_reg[0]_i_8/CO[3]
                         net (fo=1, routed)           0.000     6.806    g_single_cycle.out_re_reg[0]_i_8_n_0
    SLICE_X34Y70         CARRY4 (Prop_carry4_CI_CO[3])
                                                      0.100     6.906 r  g_single_cycle.out_re_reg[0]_i_3/CO[3]
                         net (fo=1, routed)           0.000     6.906    g_single_cycle.out_re_reg[0]_i_3_n_0
    SLICE_X34Y71         CARRY4 (Prop_carry4_CI_O[1])
                                                      0.257     7.163 f  g_single_cycle.out_re_reg[0]_i_2/O[1]
                         net (fo=2, routed)           0.255     7.418    round_q29_to_q15_wide2[14]
    SLICE_X33Y71         LUT1 (Prop_lut1_I0_O)        0.245     7.663 r  g_single_cycle.out_re[4]_i_3/O
                         net (fo=1, routed)           0.143     7.806    p_0_in[0]
    SLICE_X32Y71         CARRY4 (Prop_carry4_CYINIT_CO[3])
                                                      0.494     8.300 r  g_single_cycle.out_re_reg[4]_i_2/CO[3]
                         net (fo=1, routed)           0.000     8.300    g_single_cycle.out_re_reg[4]_i_2_n_0
    SLICE_X32Y72         CARRY4 (Prop_carry4_CI_CO[3])
                                                      0.100     8.400 r  g_single_cycle.out_re_reg[8]_i_2/CO[3]
                         net (fo=1, routed)           0.000     8.400    g_single_cycle.out_re_reg[8]_i_2_n_0
    SLICE_X32Y73         CARRY4 (Prop_carry4_CI_CO[3])
                                                      0.100     8.500 r  g_single_cycle.out_re_reg[12]_i_2/CO[3]
                         net (fo=1, routed)           0.000     8.500    g_single_cycle.out_re_reg[12]_i_2_n_0
    SLICE_X32Y74         CARRY4 (Prop_carry4_CI_CO[3])
                                                      0.100     8.600 r  g_single_cycle.out_re_reg[15]_i_4/CO[3]
                         net (fo=1, routed)           0.008     8.608    g_single_cycle.out_re_reg[15]_i_4_n_0
    SLICE_X32Y75         CARRY4 (Prop_carry4_CI_O[0])
                                                      0.178     8.786 f  g_single_cycle.out_re_reg[15]_i_22/O[0]
                         net (fo=4, routed)           0.634     9.420    round_q29_to_q15_wide0[17]
    SLICE_X33Y74         LUT5 (Prop_lut5_I4_O)        0.238     9.658 r  g_single_cycle.out_re[15]_i_18/O
                         net (fo=1, routed)           0.000     9.658    g_single_cycle.out_re[15]_i_18_n_0
    SLICE_X33Y74         CARRY4 (Prop_carry4_S[1]_CO[1])
                                                      0.408    10.066 r  g_single_cycle.out_re_reg[15]_i_7/CO[1]
                         net (fo=18, routed)          0.747    10.813    saturate_q1512_in
    SLICE_X34Y76         LUT5 (Prop_lut5_I3_O)        0.275    11.088 r  g_single_cycle.saturation_count[3]_i_3/O
                         net (fo=1, routed)           0.000    11.088    g_single_cycle.saturation_count[3]_i_3_n_0
    SLICE_X34Y76         CARRY4 (Prop_carry4_S[0]_CO[3])
                                                      0.423    11.511 r  g_single_cycle.saturation_count_reg[3]_i_1/CO[3]
                         net (fo=1, routed)           0.000    11.511    g_single_cycle.saturation_count_reg[3]_i_1_n_0
    SLICE_X34Y77         CARRY4 (Prop_carry4_CI_CO[3])
                                                      0.100    11.611 r  g_single_cycle.saturation_count_reg[7]_i_1/CO[3]
                         net (fo=1, routed)           0.000    11.611    g_single_cycle.saturation_count_reg[7]_i_1_n_0
    SLICE_X34Y78         CARRY4 (Prop_carry4_CI_CO[3])
                                                      0.100    11.711 r  g_single_cycle.saturation_count_reg[11]_i_1/CO[3]
                         net (fo=1, routed)           0.000    11.711    g_single_cycle.saturation_count_reg[11]_i_1_n_0
    SLICE_X34Y79         CARRY4 (Prop_carry4_CI_CO[3])
                                                      0.100    11.811 r  g_single_cycle.saturation_count_reg[15]_i_1/CO[3]
                         net (fo=1, routed)           0.000    11.811    g_single_cycle.saturation_count_reg[15]_i_1_n_0
    SLICE_X34Y80         CARRY4 (Prop_carry4_CI_CO[3])
                                                      0.100    11.911 r  g_single_cycle.saturation_count_reg[19]_i_1/CO[3]
                         net (fo=1, routed)           0.000    11.911    g_single_cycle.saturation_count_reg[19]_i_1_n_0
    SLICE_X34Y81         CARRY4 (Prop_carry4_CI_CO[3])
                                                      0.100    12.011 r  g_single_cycle.saturation_count_reg[23]_i_1/CO[3]
                         net (fo=1, routed)           0.000    12.011    g_single_cycle.saturation_count_reg[23]_i_1_n_0
    SLICE_X34Y82         CARRY4 (Prop_carry4_CI_O[0])
                                                      0.178    12.189 r  g_single_cycle.saturation_count_reg[27]_i_1/O[0]
                         net (fo=1, routed)           0.000    12.189    p_1_in[24]
    SLICE_X34Y82         FDRE                                         r  g_single_cycle.saturation_count_reg[24]/D
  -------------------------------------------------------------------    -------------------

                         (clock clk rise edge)       10.000    10.000 r
                                                      0.000    10.000 r  clk (IN)
                         net (fo=71, unset)           1.229    11.229    clk
    SLICE_X34Y82         FDRE                                         r  g_single_cycle.saturation_count_reg[24]/C
                         clock pessimism              0.000    11.229
                         clock uncertainty           -0.035    11.194
    SLICE_X34Y82         FDRE (Setup_fdre_C_D)        0.101    11.295    g_single_cycle.saturation_count_reg[24]
  -------------------------------------------------------------------
                         required time                         11.295
                         arrival time                         -12.189
  -------------------------------------------------------------------
                         slack                                 -0.894

Slack (VIOLATED) :        -0.879ns  (required time - arrival time)
  Source:                 in_re[15]
                            (input port clocked by clk  {rise@0.000ns fall@5.000ns period=10.000ns})
  Destination:            g_single_cycle.saturation_count_reg[23]/D
                            (rising edge-triggered cell FDRE clocked by clk  {rise@0.000ns fall@5.000ns period=10.000ns})
  Path Group:             clk
  Path Type:              Setup (Max at Slow Process Corner)
  Requirement:            10.000ns  (clk rise@10.000ns - clk rise@0.000ns)
  Data Path Delay:        12.173ns  (logic 8.876ns (72.915%)  route 3.297ns (27.085%))
  Logic Levels:           22  (CARRY4=16 DSP48E1=2 LUT1=2 LUT5=2)
  Input Delay:            0.000ns
  Clock Path Skew:        1.228ns (DCD - SCD + CPR)
    Destination Clock Delay (DCD):    1.228ns = ( 11.228 - 10.000 )
    Source Clock Delay      (SCD):    0.000ns
    Clock Pessimism Removal (CPR):    0.000ns
  Clock Uncertainty:      0.035ns  ((TSJ^2 + TIJ^2)^1/2 + DJ) / 2 + PE
    Total System Jitter     (TSJ):    0.071ns
    Total Input Jitter      (TIJ):    0.000ns
    Discrete Jitter          (DJ):    0.000ns
    Phase Error              (PE):    0.000ns

    Location             Delay type                Incr(ns)  Path(ns)    Netlist Resource(s)
  -------------------------------------------------------------------    -------------------
                         (clock clk rise edge)        0.000     0.000 r
                         input delay                  0.000     0.000
                                                      0.000     0.000 r  in_re[15] (IN)
                         net (fo=29, unset)           0.787     0.787    in_re[15]
    DSP48_X2Y28          DSP48E1 (Prop_dsp48e1_A[29]_PCOUT[47])
                                                      3.397     4.184 r  g_single_cycle.product_rr/PCOUT[47]
                         net (fo=1, routed)           0.002     4.186    g_single_cycle.product_rr_n_106
    DSP48_X2Y29          DSP48E1 (Prop_dsp48e1_PCIN[47]_P[1])
                                                      1.271     5.457 f  g_single_cycle.equalized_re_q29/P[1]
                         net (fo=1, routed)           0.721     6.178    g_single_cycle.equalized_re_q29_n_104
    SLICE_X34Y68         LUT1 (Prop_lut1_I0_O)        0.105     6.283 r  g_single_cycle.out_re[0]_i_22/O
                         net (fo=1, routed)           0.000     6.283    g_single_cycle.out_re[0]_i_22_n_0
    SLICE_X34Y68         CARRY4 (Prop_carry4_S[0]_CO[3])
                                                      0.423     6.706 r  g_single_cycle.out_re_reg[0]_i_13/CO[3]
                         net (fo=1, routed)           0.000     6.706    g_single_cycle.out_re_reg[0]_i_13_n_0
    SLICE_X34Y69         CARRY4 (Prop_carry4_CI_CO[3])
                                                      0.100     6.806 r  g_single_cycle.out_re_reg[0]_i_8/CO[3]
                         net (fo=1, routed)           0.000     6.806    g_single_cycle.out_re_reg[0]_i_8_n_0
    SLICE_X34Y70         CARRY4 (Prop_carry4_CI_CO[3])
                                                      0.100     6.906 r  g_single_cycle.out_re_reg[0]_i_3/CO[3]
                         net (fo=1, routed)           0.000     6.906    g_single_cycle.out_re_reg[0]_i_3_n_0
    SLICE_X34Y71         CARRY4 (Prop_carry4_CI_O[1])
                                                      0.257     7.163 f  g_single_cycle.out_re_reg[0]_i_2/O[1]
                         net (fo=2, routed)           0.255     7.418    round_q29_to_q15_wide2[14]
    SLICE_X33Y71         LUT1 (Prop_lut1_I0_O)        0.245     7.663 r  g_single_cycle.out_re[4]_i_3/O
                         net (fo=1, routed)           0.143     7.806    p_0_in[0]
    SLICE_X32Y71         CARRY4 (Prop_carry4_CYINIT_CO[3])
                                                      0.494     8.300 r  g_single_cycle.out_re_reg[4]_i_2/CO[3]
                         net (fo=1, routed)           0.000     8.300    g_single_cycle.out_re_reg[4]_i_2_n_0
    SLICE_X32Y72         CARRY4 (Prop_carry4_CI_CO[3])
                                                      0.100     8.400 r  g_single_cycle.out_re_reg[8]_i_2/CO[3]
                         net (fo=1, routed)           0.000     8.400    g_single_cycle.out_re_reg[8]_i_2_n_0
    SLICE_X32Y73         CARRY4 (Prop_carry4_CI_CO[3])
                                                      0.100     8.500 r  g_single_cycle.out_re_reg[12]_i_2/CO[3]
                         net (fo=1, routed)           0.000     8.500    g_single_cycle.out_re_reg[12]_i_2_n_0
    SLICE_X32Y74         CARRY4 (Prop_carry4_CI_CO[3])
                                                      0.100     8.600 r  g_single_cycle.out_re_reg[15]_i_4/CO[3]
                         net (fo=1, routed)           0.008     8.608    g_single_cycle.out_re_reg[15]_i_4_n_0
    SLICE_X32Y75         CARRY4 (Prop_carry4_CI_O[0])
                                                      0.178     8.786 f  g_single_cycle.out_re_reg[15]_i_22/O[0]
                         net (fo=4, routed)           0.634     9.420    round_q29_to_q15_wide0[17]
    SLICE_X33Y74         LUT5 (Prop_lut5_I4_O)        0.238     9.658 r  g_single_cycle.out_re[15]_i_18/O
                         net (fo=1, routed)           0.000     9.658    g_single_cycle.out_re[15]_i_18_n_0
    SLICE_X33Y74         CARRY4 (Prop_carry4_S[1]_CO[1])
                                                      0.408    10.066 r  g_single_cycle.out_re_reg[15]_i_7/CO[1]
                         net (fo=18, routed)          0.747    10.813    saturate_q1512_in
    SLICE_X34Y76         LUT5 (Prop_lut5_I3_O)        0.275    11.088 r  g_single_cycle.saturation_count[3]_i_3/O
                         net (fo=1, routed)           0.000    11.088    g_single_cycle.saturation_count[3]_i_3_n_0
    SLICE_X34Y76         CARRY4 (Prop_carry4_S[0]_CO[3])
                                                      0.423    11.511 r  g_single_cycle.saturation_count_reg[3]_i_1/CO[3]
                         net (fo=1, routed)           0.000    11.511    g_single_cycle.saturation_count_reg[3]_i_1_n_0
    SLICE_X34Y77         CARRY4 (Prop_carry4_CI_CO[3])
                                                      0.100    11.611 r  g_single_cycle.saturation_count_reg[7]_i_1/CO[3]
                         net (fo=1, routed)           0.000    11.611    g_single_cycle.saturation_count_reg[7]_i_1_n_0
    SLICE_X34Y78         CARRY4 (Prop_carry4_CI_CO[3])
                                                      0.100    11.711 r  g_single_cycle.saturation_count_reg[11]_i_1/CO[3]
                         net (fo=1, routed)           0.000    11.711    g_single_cycle.saturation_count_reg[11]_i_1_n_0
    SLICE_X34Y79         CARRY4 (Prop_carry4_CI_CO[3])
                                                      0.100    11.811 r  g_single_cycle.saturation_count_reg[15]_i_1/CO[3]
                         net (fo=1, routed)           0.000    11.811    g_single_cycle.saturation_count_reg[15]_i_1_n_0
    SLICE_X34Y80         CARRY4 (Prop_carry4_CI_CO[3])
                                                      0.100    11.911 r  g_single_cycle.saturation_count_reg[19]_i_1/CO[3]
                         net (fo=1, routed)           0.000    11.911    g_single_cycle.saturation_count_reg[19]_i_1_n_0
    SLICE_X34Y81         CARRY4 (Prop_carry4_CI_O[3])
                                                      0.262    12.173 r  g_single_cycle.saturation_count_reg[23]_i_1/O[3]
                         net (fo=1, routed)           0.000    12.173    p_1_in[23]
    SLICE_X34Y81         FDRE                                         r  g_single_cycle.saturation_count_reg[23]/D
  -------------------------------------------------------------------    -------------------

                         (clock clk rise edge)       10.000    10.000 r
                                                      0.000    10.000 r  clk (IN)
                         net (fo=71, unset)           1.228    11.228    clk
    SLICE_X34Y81         FDRE                                         r  g_single_cycle.saturation_count_reg[23]/C
                         clock pessimism              0.000    11.228
                         clock uncertainty           -0.035    11.193
    SLICE_X34Y81         FDRE (Setup_fdre_C_D)        0.101    11.294    g_single_cycle.saturation_count_reg[23]
  -------------------------------------------------------------------
                         required time                         11.294
                         arrival time                         -12.173
  -------------------------------------------------------------------
                         slack                                 -0.879

Slack (VIOLATED) :        -0.874ns  (required time - arrival time)
  Source:                 in_re[15]
                            (input port clocked by clk  {rise@0.000ns fall@5.000ns period=10.000ns})
  Destination:            g_single_cycle.saturation_count_reg[21]/D
                            (rising edge-triggered cell FDRE clocked by clk  {rise@0.000ns fall@5.000ns period=10.000ns})
  Path Group:             clk
  Path Type:              Setup (Max at Slow Process Corner)
  Requirement:            10.000ns  (clk rise@10.000ns - clk rise@0.000ns)
  Data Path Delay:        12.168ns  (logic 8.871ns (72.904%)  route 3.297ns (27.096%))
  Logic Levels:           22  (CARRY4=16 DSP48E1=2 LUT1=2 LUT5=2)
  Input Delay:            0.000ns
  Clock Path Skew:        1.228ns (DCD - SCD + CPR)
    Destination Clock Delay (DCD):    1.228ns = ( 11.228 - 10.000 )
    Source Clock Delay      (SCD):    0.000ns
    Clock Pessimism Removal (CPR):    0.000ns
  Clock Uncertainty:      0.035ns  ((TSJ^2 + TIJ^2)^1/2 + DJ) / 2 + PE
    Total System Jitter     (TSJ):    0.071ns
    Total Input Jitter      (TIJ):    0.000ns
    Discrete Jitter          (DJ):    0.000ns
    Phase Error              (PE):    0.000ns

    Location             Delay type                Incr(ns)  Path(ns)    Netlist Resource(s)
  -------------------------------------------------------------------    -------------------
                         (clock clk rise edge)        0.000     0.000 r
                         input delay                  0.000     0.000
                                                      0.000     0.000 r  in_re[15] (IN)
                         net (fo=29, unset)           0.787     0.787    in_re[15]
    DSP48_X2Y28          DSP48E1 (Prop_dsp48e1_A[29]_PCOUT[47])
                                                      3.397     4.184 r  g_single_cycle.product_rr/PCOUT[47]
                         net (fo=1, routed)           0.002     4.186    g_single_cycle.product_rr_n_106
    DSP48_X2Y29          DSP48E1 (Prop_dsp48e1_PCIN[47]_P[1])
                                                      1.271     5.457 f  g_single_cycle.equalized_re_q29/P[1]
                         net (fo=1, routed)           0.721     6.178    g_single_cycle.equalized_re_q29_n_104
    SLICE_X34Y68         LUT1 (Prop_lut1_I0_O)        0.105     6.283 r  g_single_cycle.out_re[0]_i_22/O
                         net (fo=1, routed)           0.000     6.283    g_single_cycle.out_re[0]_i_22_n_0
    SLICE_X34Y68         CARRY4 (Prop_carry4_S[0]_CO[3])
                                                      0.423     6.706 r  g_single_cycle.out_re_reg[0]_i_13/CO[3]
                         net (fo=1, routed)           0.000     6.706    g_single_cycle.out_re_reg[0]_i_13_n_0
    SLICE_X34Y69         CARRY4 (Prop_carry4_CI_CO[3])
                                                      0.100     6.806 r  g_single_cycle.out_re_reg[0]_i_8/CO[3]
                         net (fo=1, routed)           0.000     6.806    g_single_cycle.out_re_reg[0]_i_8_n_0
    SLICE_X34Y70         CARRY4 (Prop_carry4_CI_CO[3])
                                                      0.100     6.906 r  g_single_cycle.out_re_reg[0]_i_3/CO[3]
                         net (fo=1, routed)           0.000     6.906    g_single_cycle.out_re_reg[0]_i_3_n_0
    SLICE_X34Y71         CARRY4 (Prop_carry4_CI_O[1])
                                                      0.257     7.163 f  g_single_cycle.out_re_reg[0]_i_2/O[1]
                         net (fo=2, routed)           0.255     7.418    round_q29_to_q15_wide2[14]
    SLICE_X33Y71         LUT1 (Prop_lut1_I0_O)        0.245     7.663 r  g_single_cycle.out_re[4]_i_3/O
                         net (fo=1, routed)           0.143     7.806    p_0_in[0]
    SLICE_X32Y71         CARRY4 (Prop_carry4_CYINIT_CO[3])
                                                      0.494     8.300 r  g_single_cycle.out_re_reg[4]_i_2/CO[3]
                         net (fo=1, routed)           0.000     8.300    g_single_cycle.out_re_reg[4]_i_2_n_0
    SLICE_X32Y72         CARRY4 (Prop_carry4_CI_CO[3])
                                                      0.100     8.400 r  g_single_cycle.out_re_reg[8]_i_2/CO[3]
                         net (fo=1, routed)           0.000     8.400    g_single_cycle.out_re_reg[8]_i_2_n_0
    SLICE_X32Y73         CARRY4 (Prop_carry4_CI_CO[3])
                                                      0.100     8.500 r  g_single_cycle.out_re_reg[12]_i_2/CO[3]
                         net (fo=1, routed)           0.000     8.500    g_single_cycle.out_re_reg[12]_i_2_n_0
    SLICE_X32Y74         CARRY4 (Prop_carry4_CI_CO[3])
                                                      0.100     8.600 r  g_single_cycle.out_re_reg[15]_i_4/CO[3]
                         net (fo=1, routed)           0.008     8.608    g_single_cycle.out_re_reg[15]_i_4_n_0
    SLICE_X32Y75         CARRY4 (Prop_carry4_CI_O[0])
                                                      0.178     8.786 f  g_single_cycle.out_re_reg[15]_i_22/O[0]
                         net (fo=4, routed)           0.634     9.420    round_q29_to_q15_wide0[17]
    SLICE_X33Y74         LUT5 (Prop_lut5_I4_O)        0.238     9.658 r  g_single_cycle.out_re[15]_i_18/O
                         net (fo=1, routed)           0.000     9.658    g_single_cycle.out_re[15]_i_18_n_0
    SLICE_X33Y74         CARRY4 (Prop_carry4_S[1]_CO[1])
                                                      0.408    10.066 r  g_single_cycle.out_re_reg[15]_i_7/CO[1]
                         net (fo=18, routed)          0.747    10.813    saturate_q1512_in
    SLICE_X34Y76         LUT5 (Prop_lut5_I3_O)        0.275    11.088 r  g_single_cycle.saturation_count[3]_i_3/O
                         net (fo=1, routed)           0.000    11.088    g_single_cycle.saturation_count[3]_i_3_n_0
    SLICE_X34Y76         CARRY4 (Prop_carry4_S[0]_CO[3])
                                                      0.423    11.511 r  g_single_cycle.saturation_count_reg[3]_i_1/CO[3]
                         net (fo=1, routed)           0.000    11.511    g_single_cycle.saturation_count_reg[3]_i_1_n_0
    SLICE_X34Y77         CARRY4 (Prop_carry4_CI_CO[3])
                                                      0.100    11.611 r  g_single_cycle.saturation_count_reg[7]_i_1/CO[3]
                         net (fo=1, routed)           0.000    11.611    g_single_cycle.saturation_count_reg[7]_i_1_n_0
    SLICE_X34Y78         CARRY4 (Prop_carry4_CI_CO[3])
                                                      0.100    11.711 r  g_single_cycle.saturation_count_reg[11]_i_1/CO[3]
                         net (fo=1, routed)           0.000    11.711    g_single_cycle.saturation_count_reg[11]_i_1_n_0
    SLICE_X34Y79         CARRY4 (Prop_carry4_CI_CO[3])
                                                      0.100    11.811 r  g_single_cycle.saturation_count_reg[15]_i_1/CO[3]
                         net (fo=1, routed)           0.000    11.811    g_single_cycle.saturation_count_reg[15]_i_1_n_0
    SLICE_X34Y80         CARRY4 (Prop_carry4_CI_CO[3])
                                                      0.100    11.911 r  g_single_cycle.saturation_count_reg[19]_i_1/CO[3]
                         net (fo=1, routed)           0.000    11.911    g_single_cycle.saturation_count_reg[19]_i_1_n_0
    SLICE_X34Y81         CARRY4 (Prop_carry4_CI_O[1])
                                                      0.257    12.168 r  g_single_cycle.saturation_count_reg[23]_i_1/O[1]
                         net (fo=1, routed)           0.000    12.168    p_1_in[21]
    SLICE_X34Y81         FDRE                                         r  g_single_cycle.saturation_count_reg[21]/D
  -------------------------------------------------------------------    -------------------

                         (clock clk rise edge)       10.000    10.000 r
                                                      0.000    10.000 r  clk (IN)
                         net (fo=71, unset)           1.228    11.228    clk
    SLICE_X34Y81         FDRE                                         r  g_single_cycle.saturation_count_reg[21]/C
                         clock pessimism              0.000    11.228
                         clock uncertainty           -0.035    11.193
    SLICE_X34Y81         FDRE (Setup_fdre_C_D)        0.101    11.294    g_single_cycle.saturation_count_reg[21]
  -------------------------------------------------------------------
                         required time                         11.294
                         arrival time                         -12.168
  -------------------------------------------------------------------
                         slack                                 -0.874





Pulse Width Checks
--------------------------------------------------------------------------------------
Clock Name:         clk
Waveform(ns):       { 0.000 5.000 }
Period(ns):         10.000
Sources:            { clk }

Check Type        Corner  Lib Pin  Reference Pin  Required(ns)  Actual(ns)  Slack(ns)  Location      Pin
Min Period        n/a     FDRE/C   n/a            1.000         10.000      9.000      SLICE_X39Y74  g_single_cycle.out_im_reg[0]/C
Min Period        n/a     FDRE/C   n/a            1.000         10.000      9.000      SLICE_X39Y74  g_single_cycle.out_im_reg[10]/C
Min Period        n/a     FDRE/C   n/a            1.000         10.000      9.000      SLICE_X37Y75  g_single_cycle.out_im_reg[11]/C
Min Period        n/a     FDRE/C   n/a            1.000         10.000      9.000      SLICE_X37Y75  g_single_cycle.out_im_reg[12]/C
Min Period        n/a     FDRE/C   n/a            1.000         10.000      9.000      SLICE_X39Y73  g_single_cycle.out_im_reg[13]/C
Min Period        n/a     FDRE/C   n/a            1.000         10.000      9.000      SLICE_X39Y74  g_single_cycle.out_im_reg[14]/C
Min Period        n/a     FDRE/C   n/a            1.000         10.000      9.000      SLICE_X39Y73  g_single_cycle.out_im_reg[15]/C
Min Period        n/a     FDRE/C   n/a            1.000         10.000      9.000      SLICE_X37Y76  g_single_cycle.out_im_reg[1]/C
Min Period        n/a     FDRE/C   n/a            1.000         10.000      9.000      SLICE_X41Y74  g_single_cycle.out_im_reg[2]/C
Min Period        n/a     FDRE/C   n/a            1.000         10.000      9.000      SLICE_X37Y76  g_single_cycle.out_im_reg[3]/C
Low Pulse Width   Slow    FDRE/C   n/a            0.500         5.000       4.500      SLICE_X39Y74  g_single_cycle.out_im_reg[0]/C
Low Pulse Width   Fast    FDRE/C   n/a            0.500         5.000       4.500      SLICE_X39Y74  g_single_cycle.out_im_reg[0]/C
Low Pulse Width   Slow    FDRE/C   n/a            0.500         5.000       4.500      SLICE_X39Y74  g_single_cycle.out_im_reg[10]/C
Low Pulse Width   Fast    FDRE/C   n/a            0.500         5.000       4.500      SLICE_X39Y74  g_single_cycle.out_im_reg[10]/C
Low Pulse Width   Slow    FDRE/C   n/a            0.500         5.000       4.500      SLICE_X37Y75  g_single_cycle.out_im_reg[11]/C
Low Pulse Width   Fast    FDRE/C   n/a            0.500         5.000       4.500      SLICE_X37Y75  g_single_cycle.out_im_reg[11]/C
Low Pulse Width   Slow    FDRE/C   n/a            0.500         5.000       4.500      SLICE_X37Y75  g_single_cycle.out_im_reg[12]/C
Low Pulse Width   Fast    FDRE/C   n/a            0.500         5.000       4.500      SLICE_X37Y75  g_single_cycle.out_im_reg[12]/C
Low Pulse Width   Slow    FDRE/C   n/a            0.500         5.000       4.500      SLICE_X39Y73  g_single_cycle.out_im_reg[13]/C
Low Pulse Width   Fast    FDRE/C   n/a            0.500         5.000       4.500      SLICE_X39Y73  g_single_cycle.out_im_reg[13]/C
High Pulse Width  Slow    FDRE/C   n/a            0.500         5.000       4.500      SLICE_X39Y74  g_single_cycle.out_im_reg[0]/C
High Pulse Width  Fast    FDRE/C   n/a            0.500         5.000       4.500      SLICE_X39Y74  g_single_cycle.out_im_reg[0]/C
High Pulse Width  Slow    FDRE/C   n/a            0.500         5.000       4.500      SLICE_X39Y74  g_single_cycle.out_im_reg[10]/C
High Pulse Width  Fast    FDRE/C   n/a            0.500         5.000       4.500      SLICE_X39Y74  g_single_cycle.out_im_reg[10]/C
High Pulse Width  Slow    FDRE/C   n/a            0.500         5.000       4.500      SLICE_X37Y75  g_single_cycle.out_im_reg[11]/C
High Pulse Width  Fast    FDRE/C   n/a            0.500         5.000       4.500      SLICE_X37Y75  g_single_cycle.out_im_reg[11]/C
High Pulse Width  Slow    FDRE/C   n/a            0.500         5.000       4.500      SLICE_X37Y75  g_single_cycle.out_im_reg[12]/C
High Pulse Width  Fast    FDRE/C   n/a            0.500         5.000       4.500      SLICE_X37Y75  g_single_cycle.out_im_reg[12]/C
High Pulse Width  Slow    FDRE/C   n/a            0.500         5.000       4.500      SLICE_X39Y73  g_single_cycle.out_im_reg[13]/C
High Pulse Width  Fast    FDRE/C   n/a            0.500         5.000       4.500      SLICE_X39Y73  g_single_cycle.out_im_reg[13]/C
