Copyright 1986-2021 Xilinx, Inc. All Rights Reserved.
--------------------------------------------------------------------------------------------------------------------------------------------------------------------------------------------------------
| Tool Version : Vivado v.2021.1 (win64) Build 3247384 Thu Jun 10 19:36:33 MDT 2021
| Date         : normalized
| Host         : normalized
| Command      : report_timing_summary -delay_type max -max_paths 10 -file <output_dir>/ofdm_one_tap_equalizer_post_synthesis_timing_summary.rpt
| Design       : ofdm_one_tap_equalizer
| Device       : 7z020-clg400
| Speed File   : -2  PRODUCTION 1.12 2019-11-22
--------------------------------------------------------------------------------------------------------------------------------------------------------------------------------------------------------

Timing Summary Report

------------------------------------------------------------------------------------------------
| Timer Settings
| --------------
------------------------------------------------------------------------------------------------

  Enable Multi Corner Analysis               :  Yes
  Enable Pessimism Removal                   :  Yes
  Pessimism Removal Resolution               :  Nearest Common Node
  Enable Input Delay Default Clock           :  No
  Enable Preset / Clear Arcs                 :  No
  Disable Flight Delays                      :  No
  Ignore I/O Paths                           :  No
  Timing Early Launch at Borrowing Latches   :  No
  Borrow Time for Max Delay Exceptions       :  Yes
  Merge Timing Exceptions                    :  Yes

  Corner  Analyze    Analyze
  Name    Max Paths  Min Paths
  ------  ---------  ---------
  Slow    Yes        Yes
  Fast    Yes        Yes


------------------------------------------------------------------------------------------------
| Report Methodology
| ------------------
------------------------------------------------------------------------------------------------

No report available as report_methodology has not been run prior. Run report_methodology on the current design for the summary of methodology violations.



check_timing report

Table of Contents
-----------------
1. checking no_clock (0)
2. checking constant_clock (0)
3. checking pulse_width_clock (0)
4. checking unconstrained_internal_endpoints (0)
5. checking no_input_delay (0)
6. checking no_output_delay (0)
7. checking multiple_clock (0)
8. checking generated_clocks (0)
9. checking loops (0)
10. checking partial_input_delay (0)
11. checking partial_output_delay (0)
12. checking latch_loops (0)

1. checking no_clock (0)
------------------------
 There are 0 register/latch pins with no clock.


2. checking constant_clock (0)
------------------------------
 There are 0 register/latch pins with constant_clock.


3. checking pulse_width_clock (0)
---------------------------------
 There are 0 register/latch pins which need pulse_width check


4. checking unconstrained_internal_endpoints (0)
------------------------------------------------
 There are 0 pins that are not constrained for maximum delay.

 There are 0 pins that are not constrained for maximum delay due to constant clock.


5. checking no_input_delay (0)
------------------------------
 There are 0 input ports with no input delay specified.

 There are 0 input ports with no input delay but user has a false path constraint.


6. checking no_output_delay (0)
-------------------------------
 There are 0 ports with no output delay specified.

 There are 0 ports with no output delay but user has a false path constraint

 There are 0 ports with no output delay but with a timing clock defined on it or propagating through it


7. checking multiple_clock (0)
------------------------------
 There are 0 register/latch pins with multiple clocks.


8. checking generated_clocks (0)
--------------------------------
 There are 0 generated clocks that are not connected to a clock source.


9. checking loops (0)
---------------------
 There are 0 combinational loops in the design.


10. checking partial_input_delay (0)
------------------------------------
 There are 0 input ports with partial input delay specified.


11. checking partial_output_delay (0)
-------------------------------------
 There are 0 ports with partial output delay specified.


12. checking latch_loops (0)
----------------------------
 There are 0 combinational latch loops in the design through latch input



------------------------------------------------------------------------------------------------
| Design Timing Summary
| ---------------------
------------------------------------------------------------------------------------------------

    WNS(ns)      TNS(ns)  TNS Failing Endpoints  TNS Total Endpoints     WPWS(ns)     TPWS(ns)  TPWS Failing Endpoints  TPWS Total Endpoints
    -------      -------  ---------------------  -------------------     --------     --------  ----------------------  --------------------
     -1.847      -60.312                     64                  287        4.500        0.000                       0                    72


Timing constraints are not met.


------------------------------------------------------------------------------------------------
| Clock Summary
| -------------
------------------------------------------------------------------------------------------------

Clock  Waveform(ns)       Period(ns)      Frequency(MHz)
-----  ------------       ----------      --------------
clk    {0.000 5.000}      10.000          100.000


------------------------------------------------------------------------------------------------
| Intra Clock Table
| -----------------
------------------------------------------------------------------------------------------------

Clock             WNS(ns)      TNS(ns)  TNS Failing Endpoints  TNS Total Endpoints     WPWS(ns)     TPWS(ns)  TPWS Failing Endpoints  TPWS Total Endpoints
-----             -------      -------  ---------------------  -------------------     --------     --------  ----------------------  --------------------
clk                -1.847      -60.312                     64                  287        4.500        0.000                       0                    72


------------------------------------------------------------------------------------------------
| Inter Clock Table
| -----------------
------------------------------------------------------------------------------------------------

From Clock    To Clock          WNS(ns)      TNS(ns)  TNS Failing Endpoints  TNS Total Endpoints
----------    --------          -------      -------  ---------------------  -------------------


------------------------------------------------------------------------------------------------
| Other Path Groups Table
| -----------------------
------------------------------------------------------------------------------------------------

Path Group    From Clock    To Clock          WNS(ns)      TNS(ns)  TNS Failing Endpoints  TNS Total Endpoints
----------    ----------    --------          -------      -------  ---------------------  -------------------


------------------------------------------------------------------------------------------------
| Timing Details
| --------------
------------------------------------------------------------------------------------------------


---------------------------------------------------------------------------------------------------
From Clock:  clk
  To Clock:  clk

Setup :           64  Failing Endpoints,  Worst Slack       -1.847ns,  Total Violation      -60.312ns
Hold  :           NA  Failing Endpoints,  Worst Slack           NA  ,  Total Violation           NA
PW    :            0  Failing Endpoints,  Worst Slack        4.500ns,  Total Violation        0.000ns
---------------------------------------------------------------------------------------------------


Max Delay Paths
--------------------------------------------------------------------------------------
Slack (VIOLATED) :        -1.847ns  (required time - arrival time)
  Source:                 in_re[15]
                            (input port clocked by clk  {rise@0.000ns fall@5.000ns period=10.000ns})
  Destination:            g_single_cycle.saturation_count_reg[31]/D
                            (rising edge-triggered cell FDRE clocked by clk  {rise@0.000ns fall@5.000ns period=10.000ns})
  Path Group:             clk
  Path Type:              Setup (Max at Slow Process Corner)
  Requirement:            10.000ns  (clk rise@10.000ns - clk rise@0.000ns)
  Data Path Delay:        12.557ns  (logic 9.168ns (73.014%)  route 3.389ns (26.986%))
  Logic Levels:           23  (CARRY4=17 DSP48E1=2 LUT1=2 LUT5=1 LUT6=1)
  Input Delay:            0.000ns
  Clock Path Skew:        0.748ns (DCD - SCD + CPR)
    Destination Clock Delay (DCD):    0.748ns = ( 10.748 - 10.000 )
    Source Clock Delay      (SCD):    0.000ns
    Clock Pessimism Removal (CPR):    0.000ns
  Clock Uncertainty:      0.035ns  ((TSJ^2 + TIJ^2)^1/2 + DJ) / 2 + PE
    Total System Jitter     (TSJ):    0.071ns
    Total Input Jitter      (TIJ):    0.000ns
    Discrete Jitter          (DJ):    0.000ns
    Phase Error              (PE):    0.000ns

    Location             Delay type                Incr(ns)  Path(ns)    Netlist Resource(s)
  -------------------------------------------------------------------    -------------------
                         (clock clk rise edge)        0.000     0.000 r
                         input delay                  0.000     0.000
                                                      0.000     0.000 r  in_re[15] (IN)
                         net (fo=29, unset)           0.787     0.787    in_re[15]
                         DSP48E1 (Prop_dsp48e1_A[29]_PCOUT[47])
                                                      3.397     4.184 r  g_single_cycle.product_rr/PCOUT[47]
                         net (fo=1, unplaced)         0.055     4.239    g_single_cycle.product_rr_n_106
                         DSP48E1 (Prop_dsp48e1_PCIN[47]_P[0])
                                                      1.271     5.510 f  g_single_cycle.equalized_re_q29/P[0]
                         net (fo=1, unplaced)         0.646     6.156    g_single_cycle.equalized_re_q29_n_105
                         LUT1 (Prop_lut1_I0_O)        0.105     6.261 r  g_single_cycle.out_re[0]_i_18/O
                         net (fo=1, unplaced)         0.258     6.519    g_single_cycle.out_re[0]_i_18_n_0
                         CARRY4 (Prop_carry4_CYINIT_CO[3])
                                                      0.494     7.013 r  g_single_cycle.out_re_reg[0]_i_13/CO[3]
                         net (fo=1, unplaced)         0.008     7.021    g_single_cycle.out_re_reg[0]_i_13_n_0
                         CARRY4 (Prop_carry4_CI_CO[3])
                                                      0.100     7.121 r  g_single_cycle.out_re_reg[0]_i_8/CO[3]
                         net (fo=1, unplaced)         0.000     7.121    g_single_cycle.out_re_reg[0]_i_8_n_0
                         CARRY4 (Prop_carry4_CI_CO[3])
                                                      0.100     7.221 r  g_single_cycle.out_re_reg[0]_i_3/CO[3]
                         net (fo=1, unplaced)         0.000     7.221    g_single_cycle.out_re_reg[0]_i_3_n_0
                         CARRY4 (Prop_carry4_CI_O[1])
                                                      0.269     7.490 f  g_single_cycle.out_re_reg[0]_i_2/O[1]
                         net (fo=2, unplaced)         0.251     7.741    round_q29_to_q15_wide2[14]
                         LUT1 (Prop_lut1_I0_O)        0.245     7.986 r  g_single_cycle.out_re[4]_i_3/O
                         net (fo=1, unplaced)         0.258     8.244    p_0_in[0]
                         CARRY4 (Prop_carry4_CYINIT_CO[3])
                                                      0.494     8.738 r  g_single_cycle.out_re_reg[4]_i_2/CO[3]
                         net (fo=1, unplaced)         0.008     8.746    g_single_cycle.out_re_reg[4]_i_2_n_0
                         CARRY4 (Prop_carry4_CI_CO[3])
                                                      0.100     8.846 r  g_single_cycle.out_re_reg[8]_i_2/CO[3]
                         net (fo=1, unplaced)         0.000     8.846    g_single_cycle.out_re_reg[8]_i_2_n_0
                         CARRY4 (Prop_carry4_CI_CO[3])
                                                      0.100     8.946 r  g_single_cycle.out_re_reg[12]_i_2/CO[3]
                         net (fo=1, unplaced)         0.000     8.946    g_single_cycle.out_re_reg[12]_i_2_n_0
                         CARRY4 (Prop_carry4_CI_O[1])
                                                      0.269     9.215 r  g_single_cycle.out_re_reg[15]_i_4/O[1]
                         net (fo=3, unplaced)         0.490     9.705    round_q29_to_q15_wide0[14]
                         LUT5 (Prop_lut5_I1_O)        0.245     9.950 r  g_single_cycle.out_re[15]_i_19/O
                         net (fo=1, unplaced)         0.000     9.950    g_single_cycle.out_re[15]_i_19_n_0
                         CARRY4 (Prop_carry4_S[0]_CO[1])
                                                      0.381    10.331 r  g_single_cycle.out_re_reg[15]_i_7/CO[1]
                         net (fo=18, unplaced)        0.620    10.951    saturate_q1512_in
                         LUT6 (Prop_lut6_I1_O)        0.277    11.228 r  g_single_cycle.saturation_count[3]_i_2/O
                         net (fo=1, unplaced)         0.000    11.228    g_single_cycle.saturation_count[3]_i_2_n_0
                         CARRY4 (Prop_carry4_S[1]_CO[3])
                                                      0.444    11.672 r  g_single_cycle.saturation_count_reg[3]_i_1/CO[3]
                         net (fo=1, unplaced)         0.008    11.680    g_single_cycle.saturation_count_reg[3]_i_1_n_0
                         CARRY4 (Prop_carry4_CI_CO[3])
                                                      0.100    11.780 r  g_single_cycle.saturation_count_reg[7]_i_1/CO[3]
                         net (fo=1, unplaced)         0.000    11.780    g_single_cycle.saturation_count_reg[7]_i_1_n_0
                         CARRY4 (Prop_carry4_CI_CO[3])
                                                      0.100    11.880 r  g_single_cycle.saturation_count_reg[11]_i_1/CO[3]
                         net (fo=1, unplaced)         0.000    11.880    g_single_cycle.saturation_count_reg[11]_i_1_n_0
                         CARRY4 (Prop_carry4_CI_CO[3])
                                                      0.100    11.980 r  g_single_cycle.saturation_count_reg[15]_i_1/CO[3]
                         net (fo=1, unplaced)         0.000    11.980    g_single_cycle.saturation_count_reg[15]_i_1_n_0
                         CARRY4 (Prop_carry4_CI_CO[3])
                                                      0.100    12.080 r  g_single_cycle.saturation_count_reg[19]_i_1/CO[3]
                         net (fo=1, unplaced)         0.000    12.080    g_single_cycle.saturation_count_reg[19]_i_1_n_0
                         CARRY4 (Prop_carry4_CI_CO[3])
                                                      0.100    12.180 r  g_single_cycle.saturation_count_reg[23]_i_1/CO[3]
                         net (fo=1, unplaced)         0.000    12.180    g_single_cycle.saturation_count_reg[23]_i_1_n_0
                         CARRY4 (Prop_carry4_CI_CO[3])
                                                      0.100    12.280 r  g_single_cycle.saturation_count_reg[27]_i_1/CO[3]
                         net (fo=1, unplaced)         0.000    12.280    g_single_cycle.saturation_count_reg[27]_i_1_n_0
                         CARRY4 (Prop_carry4_CI_O[3])
                                                      0.277    12.557 r  g_single_cycle.saturation_count_reg[31]_i_1/O[3]
                         net (fo=1, unplaced)         0.000    12.557    p_1_in[31]
                         FDRE                                         r  g_single_cycle.saturation_count_reg[31]/D
  -------------------------------------------------------------------    -------------------

                         (clock clk rise edge)       10.000    10.000 r
                                                      0.000    10.000 r  clk (IN)
                         net (fo=71, unset)           0.748    10.748    clk
                         FDRE                                         r  g_single_cycle.saturation_count_reg[31]/C
                         clock pessimism              0.000    10.748
                         clock uncertainty           -0.035    10.712
                         FDRE (Setup_fdre_C_D)       -0.003    10.709    g_single_cycle.saturation_count_reg[31]
  -------------------------------------------------------------------
                         required time                         10.709
                         arrival time                         -12.557
  -------------------------------------------------------------------
                         slack                                 -1.847

Slack (VIOLATED) :        -1.839ns  (required time - arrival time)
  Source:                 in_re[15]
                            (input port clocked by clk  {rise@0.000ns fall@5.000ns period=10.000ns})
  Destination:            g_single_cycle.saturation_count_reg[29]/D
                            (rising edge-triggered cell FDRE clocked by clk  {rise@0.000ns fall@5.000ns period=10.000ns})
  Path Group:             clk
  Path Type:              Setup (Max at Slow Process Corner)
  Requirement:            10.000ns  (clk rise@10.000ns - clk rise@0.000ns)
  Data Path Delay:        12.549ns  (logic 9.160ns (72.996%)  route 3.389ns (27.004%))
  Logic Levels:           23  (CARRY4=17 DSP48E1=2 LUT1=2 LUT5=1 LUT6=1)
  Input Delay:            0.000ns
  Clock Path Skew:        0.748ns (DCD - SCD + CPR)
    Destination Clock Delay (DCD):    0.748ns = ( 10.748 - 10.000 )
    Source Clock Delay      (SCD):    0.000ns
    Clock Pessimism Removal (CPR):    0.000ns
  Clock Uncertainty:      0.035ns  ((TSJ^2 + TIJ^2)^1/2 + DJ) / 2 + PE
    Total System Jitter     (TSJ):    0.071ns
    Total Input Jitter      (TIJ):    0.000ns
    Discrete Jitter          (DJ):    0.000ns
    Phase Error              (PE):    0.000ns

    Location             Delay type                Incr(ns)  Path(ns)    Netlist Resource(s)
  -------------------------------------------------------------------    -------------------
                         (clock clk rise edge)        0.000     0.000 r
                         input delay                  0.000     0.000
                                                      0.000     0.000 r  in_re[15] (IN)
                         net (fo=29, unset)           0.787     0.787    in_re[15]
                         DSP48E1 (Prop_dsp48e1_A[29]_PCOUT[47])
                                                      3.397     4.184 r  g_single_cycle.product_rr/PCOUT[47]
                         net (fo=1, unplaced)         0.055     4.239    g_single_cycle.product_rr_n_106
                         DSP48E1 (Prop_dsp48e1_PCIN[47]_P[0])
                                                      1.271     5.510 f  g_single_cycle.equalized_re_q29/P[0]
                         net (fo=1, unplaced)         0.646     6.156    g_single_cycle.equalized_re_q29_n_105
                         LUT1 (Prop_lut1_I0_O)        0.105     6.261 r  g_single_cycle.out_re[0]_i_18/O
                         net (fo=1, unplaced)         0.258     6.519    g_single_cycle.out_re[0]_i_18_n_0
                         CARRY4 (Prop_carry4_CYINIT_CO[3])
                                                      0.494     7.013 r  g_single_cycle.out_re_reg[0]_i_13/CO[3]
                         net (fo=1, unplaced)         0.008     7.021    g_single_cycle.out_re_reg[0]_i_13_n_0
                         CARRY4 (Prop_carry4_CI_CO[3])
                                                      0.100     7.121 r  g_single_cycle.out_re_reg[0]_i_8/CO[3]
                         net (fo=1, unplaced)         0.000     7.121    g_single_cycle.out_re_reg[0]_i_8_n_0
                         CARRY4 (Prop_carry4_CI_CO[3])
                                                      0.100     7.221 r  g_single_cycle.out_re_reg[0]_i_3/CO[3]
                         net (fo=1, unplaced)         0.000     7.221    g_single_cycle.out_re_reg[0]_i_3_n_0
                         CARRY4 (Prop_carry4_CI_O[1])
                                                      0.269     7.490 f  g_single_cycle.out_re_reg[0]_i_2/O[1]
                         net (fo=2, unplaced)         0.251     7.741    round_q29_to_q15_wide2[14]
                         LUT1 (Prop_lut1_I0_O)        0.245     7.986 r  g_single_cycle.out_re[4]_i_3/O
                         net (fo=1, unplaced)         0.258     8.244    p_0_in[0]
                         CARRY4 (Prop_carry4_CYINIT_CO[3])
                                                      0.494     8.738 r  g_single_cycle.out_re_reg[4]_i_2/CO[3]
                         net (fo=1, unplaced)         0.008     8.746    g_single_cycle.out_re_reg[4]_i_2_n_0
                         CARRY4 (Prop_carry4_CI_CO[3])
                                                      0.100     8.846 r  g_single_cycle.out_re_reg[8]_i_2/CO[3]
                         net (fo=1, unplaced)         0.000     8.846    g_single_cycle.out_re_reg[8]_i_2_n_0
                         CARRY4 (Prop_carry4_CI_CO[3])
                                                      0.100     8.946 r  g_single_cycle.out_re_reg[12]_i_2/CO[3]
                         net (fo=1, unplaced)         0.000     8.946    g_single_cycle.out_re_reg[12]_i_2_n_0
                         CARRY4 (Prop_carry4_CI_O[1])
                                                      0.269     9.215 r  g_single_cycle.out_re_reg[15]_i_4/O[1]
                         net (fo=3, unplaced)         0.490     9.705    round_q29_to_q15_wide0[14]
                         LUT5 (Prop_lut5_I1_O)        0.245     9.950 r  g_single_cycle.out_re[15]_i_19/O
                         net (fo=1, unplaced)         0.000     9.950    g_single_cycle.out_re[15]_i_19_n_0
                         CARRY4 (Prop_carry4_S[0]_CO[1])
                                                      0.381    10.331 r  g_single_cycle.out_re_reg[15]_i_7/CO[1]
                         net (fo=18, unplaced)        0.620    10.951    saturate_q1512_in
                         LUT6 (Prop_lut6_I1_O)        0.277    11.228 r  g_single_cycle.saturation_count[3]_i_2/O
                         net (fo=1, unplaced)         0.000    11.228    g_single_cycle.saturation_count[3]_i_2_n_0
                         CARRY4 (Prop_carry4_S[1]_CO[3])
                                                      0.444    11.672 r  g_single_cycle.saturation_count_reg[3]_i_1/CO[3]
                         net (fo=1, unplaced)         0.008    11.680    g_single_cycle.saturation_count_reg[3]_i_1_n_0
                         CARRY4 (Prop_carry4_CI_CO[3])
                                                      0.100    11.780 r  g_single_cycle.saturation_count_reg[7]_i_1/CO[3]
                         net (fo=1, unplaced)         0.000    11.780    g_single_cycle.saturation_count_reg[7]_i_1_n_0
                         CARRY4 (Prop_carry4_CI_CO[3])
                                                      0.100    11.880 r  g_single_cycle.saturation_count_reg[11]_i_1/CO[3]
                         net (fo=1, unplaced)         0.000    11.880    g_single_cycle.saturation_count_reg[11]_i_1_n_0
                         CARRY4 (Prop_carry4_CI_CO[3])
                                                      0.100    11.980 r  g_single_cycle.saturation_count_reg[15]_i_1/CO[3]
                         net (fo=1, unplaced)         0.000    11.980    g_single_cycle.saturation_count_reg[15]_i_1_n_0
                         CARRY4 (Prop_carry4_CI_CO[3])
                                                      0.100    12.080 r  g_single_cycle.saturation_count_reg[19]_i_1/CO[3]
                         net (fo=1, unplaced)         0.000    12.080    g_single_cycle.saturation_count_reg[19]_i_1_n_0
                         CARRY4 (Prop_carry4_CI_CO[3])
                                                      0.100    12.180 r  g_single_cycle.saturation_count_reg[23]_i_1/CO[3]
                         net (fo=1, unplaced)         0.000    12.180    g_single_cycle.saturation_count_reg[23]_i_1_n_0
                         CARRY4 (Prop_carry4_CI_CO[3])
                                                      0.100    12.280 r  g_single_cycle.saturation_count_reg[27]_i_1/CO[3]
                         net (fo=1, unplaced)         0.000    12.280    g_single_cycle.saturation_count_reg[27]_i_1_n_0
                         CARRY4 (Prop_carry4_CI_O[1])
                                                      0.269    12.549 r  g_single_cycle.saturation_count_reg[31]_i_1/O[1]
                         net (fo=1, unplaced)         0.000    12.549    p_1_in[29]
                         FDRE                                         r  g_single_cycle.saturation_count_reg[29]/D
  -------------------------------------------------------------------    -------------------

                         (clock clk rise edge)       10.000    10.000 r
                                                      0.000    10.000 r  clk (IN)
                         net (fo=71, unset)           0.748    10.748    clk
                         FDRE                                         r  g_single_cycle.saturation_count_reg[29]/C
                         clock pessimism              0.000    10.748
                         clock uncertainty           -0.035    10.712
                         FDRE (Setup_fdre_C_D)       -0.003    10.709    g_single_cycle.saturation_count_reg[29]
  -------------------------------------------------------------------
                         required time                         10.709
                         arrival time                         -12.549
  -------------------------------------------------------------------
                         slack                                 -1.839

Slack (VIOLATED) :        -1.784ns  (required time - arrival time)
  Source:                 in_re[15]
                            (input port clocked by clk  {rise@0.000ns fall@5.000ns period=10.000ns})
  Destination:            g_single_cycle.saturation_count_reg[30]/D
                            (rising edge-triggered cell FDRE clocked by clk  {rise@0.000ns fall@5.000ns period=10.000ns})
  Path Group:             clk
  Path Type:              Setup (Max at Slow Process Corner)
  Requirement:            10.000ns  (clk rise@10.000ns - clk rise@0.000ns)
  Data Path Delay:        12.494ns  (logic 9.105ns (72.877%)  route 3.389ns (27.123%))
  Logic Levels:           23  (CARRY4=17 DSP48E1=2 LUT1=2 LUT5=1 LUT6=1)
  Input Delay:            0.000ns
  Clock Path Skew:        0.748ns (DCD - SCD + CPR)
    Destination Clock Delay (DCD):    0.748ns = ( 10.748 - 10.000 )
    Source Clock Delay      (SCD):    0.000ns
    Clock Pessimism Removal (CPR):    0.000ns
  Clock Uncertainty:      0.035ns  ((TSJ^2 + TIJ^2)^1/2 + DJ) / 2 + PE
    Total System Jitter     (TSJ):    0.071ns
    Total Input Jitter      (TIJ):    0.000ns
    Discrete Jitter          (DJ):    0.000ns
    Phase Error              (PE):    0.000ns

    Location             Delay type                Incr(ns)  Path(ns)    Netlist Resource(s)
  -------------------------------------------------------------------    -------------------
                         (clock clk rise edge)        0.000     0.000 r
                         input delay                  0.000     0.000
                                                      0.000     0.000 r  in_re[15] (IN)
                         net (fo=29, unset)           0.787     0.787    in_re[15]
                         DSP48E1 (Prop_dsp48e1_A[29]_PCOUT[47])
                                                      3.397     4.184 r  g_single_cycle.product_rr/PCOUT[47]
                         net (fo=1, unplaced)         0.055     4.239    g_single_cycle.product_rr_n_106
                         DSP48E1 (Prop_dsp48e1_PCIN[47]_P[0])
                                                      1.271     5.510 f  g_single_cycle.equalized_re_q29/P[0]
                         net (fo=1, unplaced)         0.646     6.156    g_single_cycle.equalized_re_q29_n_105
                         LUT1 (Prop_lut1_I0_O)        0.105     6.261 r  g_single_cycle.out_re[0]_i_18/O
                         net (fo=1, unplaced)         0.258     6.519    g_single_cycle.out_re[0]_i_18_n_0
                         CARRY4 (Prop_carry4_CYINIT_CO[3])
                                                      0.494     7.013 r  g_single_cycle.out_re_reg[0]_i_13/CO[3]
                         net (fo=1, unplaced)         0.008     7.021    g_single_cycle.out_re_reg[0]_i_13_n_0
                         CARRY4 (Prop_carry4_CI_CO[3])
                                                      0.100     7.121 r  g_single_cycle.out_re_reg[0]_i_8/CO[3]
                         net (fo=1, unplaced)         0.000     7.121    g_single_cycle.out_re_reg[0]_i_8_n_0
                         CARRY4 (Prop_carry4_CI_CO[3])
                                                      0.100     7.221 r  g_single_cycle.out_re_reg[0]_i_3/CO[3]
                         net (fo=1, unplaced)         0.000     7.221    g_single_cycle.out_re_reg[0]_i_3_n_0
                         CARRY4 (Prop_carry4_CI_O[1])
                                                      0.269     7.490 f  g_single_cycle.out_re_reg[0]_i_2/O[1]
                         net (fo=2, unplaced)         0.251     7.741    round_q29_to_q15_wide2[14]
                         LUT1 (Prop_lut1_I0_O)        0.245     7.986 r  g_single_cycle.out_re[4]_i_3/O
                         net (fo=1, unplaced)         0.258     8.244    p_0_in[0]
                         CARRY4 (Prop_carry4_CYINIT_CO[3])
                                                      0.494     8.738 r  g_single_cycle.out_re_reg[4]_i_2/CO[3]
                         net (fo=1, unplaced)         0.008     8.746    g_single_cycle.out_re_reg[4]_i_2_n_0
                         CARRY4 (Prop_carry4_CI_CO[3])
                                                      0.100     8.846 r  g_single_cycle.out_re_reg[8]_i_2/CO[3]
                         net (fo=1, unplaced)         0.000     8.846    g_single_cycle.out_re_reg[8]_i_2_n_0
                         CARRY4 (Prop_carry4_CI_CO[3])
                                                      0.100     8.946 r  g_single_cycle.out_re_reg[12]_i_2/CO[3]
                         net (fo=1, unplaced)         0.000     8.946    g_single_cycle.out_re_reg[12]_i_2_n_0
                         CARRY4 (Prop_carry4_CI_O[1])
                                                      0.269     9.215 r  g_single_cycle.out_re_reg[15]_i_4/O[1]
                         net (fo=3, unplaced)         0.490     9.705    round_q29_to_q15_wide0[14]
                         LUT5 (Prop_lut5_I1_O)        0.245     9.950 r  g_single_cycle.out_re[15]_i_19/O
                         net (fo=1, unplaced)         0.000     9.950    g_single_cycle.out_re[15]_i_19_n_0
                         CARRY4 (Prop_carry4_S[0]_CO[1])
                                                      0.381    10.331 r  g_single_cycle.out_re_reg[15]_i_7/CO[1]
                         net (fo=18, unplaced)        0.620    10.951    saturate_q1512_in
                         LUT6 (Prop_lut6_I1_O)        0.277    11.228 r  g_single_cycle.saturation_count[3]_i_2/O
                         net (fo=1, unplaced)         0.000    11.228    g_single_cycle.saturation_count[3]_i_2_n_0
                         CARRY4 (Prop_carry4_S[1]_CO[3])
                                                      0.444    11.672 r  g_single_cycle.saturation_count_reg[3]_i_1/CO[3]
                         net (fo=1, unplaced)         0.008    11.680    g_single_cycle.saturation_count_reg[3]_i_1_n_0
                         CARRY4 (Prop_carry4_CI_CO[3])
                                                      0.100    11.780 r  g_single_cycle.saturation_count_reg[7]_i_1/CO[3]
                         net (fo=1, unplaced)         0.000    11.780    g_single_cycle.saturation_count_reg[7]_i_1_n_0
                         CARRY4 (Prop_carry4_CI_CO[3])
                                                      0.100    11.880 r  g_single_cycle.saturation_count_reg[11]_i_1/CO[3]
                         net (fo=1, unplaced)         0.000    11.880    g_single_cycle.saturation_count_reg[11]_i_1_n_0
                         CARRY4 (Prop_carry4_CI_CO[3])
                                                      0.100    11.980 r  g_single_cycle.saturation_count_reg[15]_i_1/CO[3]
                         net (fo=1, unplaced)         0.000    11.980    g_single_cycle.saturation_count_reg[15]_i_1_n_0
                         CARRY4 (Prop_carry4_CI_CO[3])
                                                      0.100    12.080 r  g_single_cycle.saturation_count_reg[19]_i_1/CO[3]
                         net (fo=1, unplaced)         0.000    12.080    g_single_cycle.saturation_count_reg[19]_i_1_n_0
                         CARRY4 (Prop_carry4_CI_CO[3])
                                                      0.100    12.180 r  g_single_cycle.saturation_count_reg[23]_i_1/CO[3]
                         net (fo=1, unplaced)         0.000    12.180    g_single_cycle.saturation_count_reg[23]_i_1_n_0
                         CARRY4 (Prop_carry4_CI_CO[3])
                                                      0.100    12.280 r  g_single_cycle.saturation_count_reg[27]_i_1/CO[3]
                         net (fo=1, unplaced)         0.000    12.280    g_single_cycle.saturation_count_reg[27]_i_1_n_0
                         CARRY4 (Prop_carry4_CI_O[2])
                                                      0.214    12.494 r  g_single_cycle.saturation_count_reg[31]_i_1/O[2]
                         net (fo=1, unplaced)         0.000    12.494    p_1_in[30]
                         FDRE                                         r  g_single_cycle.saturation_count_reg[30]/D
  -------------------------------------------------------------------    -------------------

                         (clock clk rise edge)       10.000    10.000 r
                                                      0.000    10.000 r  clk (IN)
                         net (fo=71, unset)           0.748    10.748    clk
                         FDRE                                         r  g_single_cycle.saturation_count_reg[30]/C
                         clock pessimism              0.000    10.748
                         clock uncertainty           -0.035    10.712
                         FDRE (Setup_fdre_C_D)       -0.003    10.709    g_single_cycle.saturation_count_reg[30]
  -------------------------------------------------------------------
                         required time                         10.709
                         arrival time                         -12.494
  -------------------------------------------------------------------
                         slack                                 -1.784

Slack (VIOLATED) :        -1.759ns  (required time - arrival time)
  Source:                 in_re[15]
                            (input port clocked by clk  {rise@0.000ns fall@5.000ns period=10.000ns})
  Destination:            g_single_cycle.saturation_count_reg[28]/D
                            (rising edge-triggered cell FDRE clocked by clk  {rise@0.000ns fall@5.000ns period=10.000ns})
  Path Group:             clk
  Path Type:              Setup (Max at Slow Process Corner)
  Requirement:            10.000ns  (clk rise@10.000ns - clk rise@0.000ns)
  Data Path Delay:        12.469ns  (logic 9.080ns (72.823%)  route 3.389ns (27.177%))
  Logic Levels:           23  (CARRY4=17 DSP48E1=2 LUT1=2 LUT5=1 LUT6=1)
  Input Delay:            0.000ns
  Clock Path Skew:        0.748ns (DCD - SCD + CPR)
    Destination Clock Delay (DCD):    0.748ns = ( 10.748 - 10.000 )
    Source Clock Delay      (SCD):    0.000ns
    Clock Pessimism Removal (CPR):    0.000ns
  Clock Uncertainty:      0.035ns  ((TSJ^2 + TIJ^2)^1/2 + DJ) / 2 + PE
    Total System Jitter     (TSJ):    0.071ns
    Total Input Jitter      (TIJ):    0.000ns
    Discrete Jitter          (DJ):    0.000ns
    Phase Error              (PE):    0.000ns

    Location             Delay type                Incr(ns)  Path(ns)    Netlist Resource(s)
  -------------------------------------------------------------------    -------------------
                         (clock clk rise edge)        0.000     0.000 r
                         input delay                  0.000     0.000
                                                      0.000     0.000 r  in_re[15] (IN)
                         net (fo=29, unset)           0.787     0.787    in_re[15]
                         DSP48E1 (Prop_dsp48e1_A[29]_PCOUT[47])
                                                      3.397     4.184 r  g_single_cycle.product_rr/PCOUT[47]
                         net (fo=1, unplaced)         0.055     4.239    g_single_cycle.product_rr_n_106
                         DSP48E1 (Prop_dsp48e1_PCIN[47]_P[0])
                                                      1.271     5.510 f  g_single_cycle.equalized_re_q29/P[0]
                         net (fo=1, unplaced)         0.646     6.156    g_single_cycle.equalized_re_q29_n_105
                         LUT1 (Prop_lut1_I0_O)        0.105     6.261 r  g_single_cycle.out_re[0]_i_18/O
                         net (fo=1, unplaced)         0.258     6.519    g_single_cycle.out_re[0]_i_18_n_0
                         CARRY4 (Prop_carry4_CYINIT_CO[3])
                                                      0.494     7.013 r  g_single_cycle.out_re_reg[0]_i_13/CO[3]
                         net (fo=1, unplaced)         0.008     7.021    g_single_cycle.out_re_reg[0]_i_13_n_0
                         CARRY4 (Prop_carry4_CI_CO[3])
                                                      0.100     7.121 r  g_single_cycle.out_re_reg[0]_i_8/CO[3]
                         net (fo=1, unplaced)         0.000     7.121    g_single_cycle.out_re_reg[0]_i_8_n_0
                         CARRY4 (Prop_carry4_CI_CO[3])
                                                      0.100     7.221 r  g_single_cycle.out_re_reg[0]_i_3/CO[3]
                         net (fo=1, unplaced)         0.000     7.221    g_single_cycle.out_re_reg[0]_i_3_n_0
                         CARRY4 (Prop_carry4_CI_O[1])
                                                      0.269     7.490 f  g_single_cycle.out_re_reg[0]_i_2/O[1]
                         net (fo=2, unplaced)         0.251     7.741    round_q29_to_q15_wide2[14]
                         LUT1 (Prop_lut1_I0_O)        0.245     7.986 r  g_single_cycle.out_re[4]_i_3/O
                         net (fo=1, unplaced)         0.258     8.244    p_0_in[0]
                         CARRY4 (Prop_carry4_CYINIT_CO[3])
                                                      0.494     8.738 r  g_single_cycle.out_re_reg[4]_i_2/CO[3]
                         net (fo=1, unplaced)         0.008     8.746    g_single_cycle.out_re_reg[4]_i_2_n_0
                         CARRY4 (Prop_carry4_CI_CO[3])
                                                      0.100     8.846 r  g_single_cycle.out_re_reg[8]_i_2/CO[3]
                         net (fo=1, unplaced)         0.000     8.846    g_single_cycle.out_re_reg[8]_i_2_n_0
                         CARRY4 (Prop_carry4_CI_CO[3])
                                                      0.100     8.946 r  g_single_cycle.out_re_reg[12]_i_2/CO[3]
                         net (fo=1, unplaced)         0.000     8.946    g_single_cycle.out_re_reg[12]_i_2_n_0
                         CARRY4 (Prop_carry4_CI_O[1])
                                                      0.269     9.215 r  g_single_cycle.out_re_reg[15]_i_4/O[1]
                         net (fo=3, unplaced)         0.490     9.705    round_q29_to_q15_wide0[14]
                         LUT5 (Prop_lut5_I1_O)        0.245     9.950 r  g_single_cycle.out_re[15]_i_19/O
                         net (fo=1, unplaced)         0.000     9.950    g_single_cycle.out_re[15]_i_19_n_0
                         CARRY4 (Prop_carry4_S[0]_CO[1])
                                                      0.381    10.331 r  g_single_cycle.out_re_reg[15]_i_7/CO[1]
                         net (fo=18, unplaced)        0.620    10.951    saturate_q1512_in
                         LUT6 (Prop_lut6_I1_O)        0.277    11.228 r  g_single_cycle.saturation_count[3]_i_2/O
                         net (fo=1, unplaced)         0.000    11.228    g_single_cycle.saturation_count[3]_i_2_n_0
                         CARRY4 (Prop_carry4_S[1]_CO[3])
                                                      0.444    11.672 r  g_single_cycle.saturation_count_reg[3]_i_1/CO[3]
                         net (fo=1, unplaced)         0.008    11.680    g_single_cycle.saturation_count_reg[3]_i_1_n_0
                         CARRY4 (Prop_carry4_CI_CO[3])
                                                      0.100    11.780 r  g_single_cycle.saturation_count_reg[7]_i_1/CO[3]
                         net (fo=1, unplaced)         0.000    11.780    g_single_cycle.saturation_count_reg[7]_i_1_n_0
                         CARRY4 (Prop_carry4_CI_CO[3])
                                                      0.100    11.880 r  g_single_cycle.saturation_count_reg[11]_i_1/CO[3]
                         net (fo=1, unplaced)         0.000    11.880    g_single_cycle.saturation_count_reg[11]_i_1_n_0
                         CARRY4 (Prop_carry4_CI_CO[3])
                                                      0.100    11.980 r  g_single_cycle.saturation_count_reg[15]_i_1/CO[3]
                         net (fo=1, unplaced)         0.000    11.980    g_single_cycle.saturation_count_reg[15]_i_1_n_0
                         CARRY4 (Prop_carry4_CI_CO[3])
                                                      0.100    12.080 r  g_single_cycle.saturation_count_reg[19]_i_1/CO[3]
                         net (fo=1, unplaced)         0.000    12.080    g_single_cycle.saturation_count_reg[19]_i_1_n_0
                         CARRY4 (Prop_carry4_CI_CO[3])
                                                      0.100    12.180 r  g_single_cycle.saturation_count_reg[23]_i_1/CO[3]
                         net (fo=1, unplaced)         0.000    12.180    g_single_cycle.saturation_count_reg[23]_i_1_n_0
                         CARRY4 (Prop_carry4_CI_CO[3])
                                                      0.100    12.280 r  g_single_cycle.saturation_count_reg[27]_i_1/CO[3]
                         net (fo=1, unplaced)         0.000    12.280    g_single_cycle.saturation_count_reg[27]_i_1_n_0
                         CARRY4 (Prop_carry4_CI_O[0])
                                                      0.189    12.469 r  g_single_cycle.saturation_count_reg[31]_i_1/O[0]
                         net (fo=1, unplaced)         0.000    12.469    p_1_in[28]
                         FDRE                                         r  g_single_cycle.saturation_count_reg[28]/D
  -------------------------------------------------------------------    -------------------

                         (clock clk rise edge)       10.000    10.000 r
                                                      0.000    10.000 r  clk (IN)
                         net (fo=71, unset)           0.748    10.748    clk
                         FDRE                                         r  g_single_cycle.saturation_count_reg[28]/C
                         clock pessimism              0.000    10.748
                         clock uncertainty           -0.035    10.712
                         FDRE (Setup_fdre_C_D)       -0.003    10.709    g_single_cycle.saturation_count_reg[28]
  -------------------------------------------------------------------
                         required time                         10.709
                         arrival time                         -12.469
  -------------------------------------------------------------------
                         slack                                 -1.759

Slack (VIOLATED) :        -1.747ns  (required time - arrival time)
  Source:                 in_re[15]
                            (input port clocked by clk  {rise@0.000ns fall@5.000ns period=10.000ns})
  Destination:            g_single_cycle.saturation_count_reg[27]/D
                            (rising edge-triggered cell FDRE clocked by clk  {rise@0.000ns fall@5.000ns period=10.000ns})
  Path Group:             clk
  Path Type:              Setup (Max at Slow Process Corner)
  Requirement:            10.000ns  (clk rise@10.000ns - clk rise@0.000ns)
  Data Path Delay:        12.457ns  (logic 9.068ns (72.797%)  route 3.389ns (27.203%))
  Logic Levels:           22  (CARRY4=16 DSP48E1=2 LUT1=2 LUT5=1 LUT6=1)
  Input Delay:            0.000ns
  Clock Path Skew:        0.748ns (DCD - SCD + CPR)
    Destination Clock Delay (DCD):    0.748ns = ( 10.748 - 10.000 )
    Source Clock Delay      (SCD):    0.000ns
    Clock Pessimism Removal (CPR):    0.000ns
  Clock Uncertainty:      0.035ns  ((TSJ^2 + TIJ^2)^1/2 + DJ) / 2 + PE
    Total System Jitter     (TSJ):    0.071ns
    Total Input Jitter      (TIJ):    0.000ns
    Discrete Jitter          (DJ):    0.000ns
    Phase Error              (PE):    0.000ns

    Location             Delay type                Incr(ns)  Path(ns)    Netlist Resource(s)
  -------------------------------------------------------------------    -------------------
                         (clock clk rise edge)        0.000     0.000 r
                         input delay                  0.000     0.000
                                                      0.000     0.000 r  in_re[15] (IN)
                         net (fo=29, unset)           0.787     0.787    in_re[15]
                         DSP48E1 (Prop_dsp48e1_A[29]_PCOUT[47])
                                                      3.397     4.184 r  g_single_cycle.product_rr/PCOUT[47]
                         net (fo=1, unplaced)         0.055     4.239    g_single_cycle.product_rr_n_106
                         DSP48E1 (Prop_dsp48e1_PCIN[47]_P[0])
                                                      1.271     5.510 f  g_single_cycle.equalized_re_q29/P[0]
                         net (fo=1, unplaced)         0.646     6.156    g_single_cycle.equalized_re_q29_n_105
                         LUT1 (Prop_lut1_I0_O)        0.105     6.261 r  g_single_cycle.out_re[0]_i_18/O
                         net (fo=1, unplaced)         0.258     6.519    g_single_cycle.out_re[0]_i_18_n_0
                         CARRY4 (Prop_carry4_CYINIT_CO[3])
                                                      0.494     7.013 r  g_single_cycle.out_re_reg[0]_i_13/CO[3]
                         net (fo=1, unplaced)         0.008     7.021    g_single_cycle.out_re_reg[0]_i_13_n_0
                         CARRY4 (Prop_carry4_CI_CO[3])
                                                      0.100     7.121 r  g_single_cycle.out_re_reg[0]_i_8/CO[3]
                         net (fo=1, unplaced)         0.000     7.121    g_single_cycle.out_re_reg[0]_i_8_n_0
                         CARRY4 (Prop_carry4_CI_CO[3])
                                                      0.100     7.221 r  g_single_cycle.out_re_reg[0]_i_3/CO[3]
                         net (fo=1, unplaced)         0.000     7.221    g_single_cycle.out_re_reg[0]_i_3_n_0
                         CARRY4 (Prop_carry4_CI_O[1])
                                                      0.269     7.490 f  g_single_cycle.out_re_reg[0]_i_2/O[1]
                         net (fo=2, unplaced)         0.251     7.741    round_q29_to_q15_wide2[14]
                         LUT1 (Prop_lut1_I0_O)        0.245     7.986 r  g_single_cycle.out_re[4]_i_3/O
                         net (fo=1, unplaced)         0.258     8.244    p_0_in[0]
                         CARRY4 (Prop_carry4_CYINIT_CO[3])
                                                      0.494     8.738 r  g_single_cycle.out_re_reg[4]_i_2/CO[3]
                         net (fo=1, unplaced)         0.008     8.746    g_single_cycle.out_re_reg[4]_i_2_n_0
                         CARRY4 (Prop_carry4_CI_CO[3])
                                                      0.100     8.846 r  g_single_cycle.out_re_reg[8]_i_2/CO[3]
                         net (fo=1, unplaced)         0.000     8.846    g_single_cycle.out_re_reg[8]_i_2_n_0
                         CARRY4 (Prop_carry4_CI_CO[3])
                                                      0.100     8.946 r  g_single_cycle.out_re_reg[12]_i_2/CO[3]
                         net (fo=1, unplaced)         0.000     8.946    g_single_cycle.out_re_reg[12]_i_2_n_0
                         CARRY4 (Prop_carry4_CI_O[1])
                                                      0.269     9.215 r  g_single_cycle.out_re_reg[15]_i_4/O[1]
                         net (fo=3, unplaced)         0.490     9.705    round_q29_to_q15_wide0[14]
                         LUT5 (Prop_lut5_I1_O)        0.245     9.950 r  g_single_cycle.out_re[15]_i_19/O
                         net (fo=1, unplaced)         0.000     9.950    g_single_cycle.out_re[15]_i_19_n_0
                         CARRY4 (Prop_carry4_S[0]_CO[1])
                                                      0.381    10.331 r  g_single_cycle.out_re_reg[15]_i_7/CO[1]
                         net (fo=18, unplaced)        0.620    10.951    saturate_q1512_in
                         LUT6 (Prop_lut6_I1_O)        0.277    11.228 r  g_single_cycle.saturation_count[3]_i_2/O
                         net (fo=1, unplaced)         0.000    11.228    g_single_cycle.saturation_count[3]_i_2_n_0
                         CARRY4 (Prop_carry4_S[1]_CO[3])
                                                      0.444    11.672 r  g_single_cycle.saturation_count_reg[3]_i_1/CO[3]
                         net (fo=1, unplaced)         0.008    11.680    g_single_cycle.saturation_count_reg[3]_i_1_n_0
                         CARRY4 (Prop_carry4_CI_CO[3])
                                                      0.100    11.780 r  g_single_cycle.saturation_count_reg[7]_i_1/CO[3]
                         net (fo=1, unplaced)         0.000    11.780    g_single_cycle.saturation_count_reg[7]_i_1_n_0
                         CARRY4 (Prop_carry4_CI_CO[3])
                                                      0.100    11.880 r  g_single_cycle.saturation_count_reg[11]_i_1/CO[3]
                         net (fo=1, unplaced)         0.000    11.880    g_single_cycle.saturation_count_reg[11]_i_1_n_0
                         CARRY4 (Prop_carry4_CI_CO[3])
                                                      0.100    11.980 r  g_single_cycle.saturation_count_reg[15]_i_1/CO[3]
                         net (fo=1, unplaced)         0.000    11.980    g_single_cycle.saturation_count_reg[15]_i_1_n_0
                         CARRY4 (Prop_carry4_CI_CO[3])
                                                      0.100    12.080 r  g_single_cycle.saturation_count_reg[19]_i_1/CO[3]
                         net (fo=1, unplaced)         0.000    12.080    g_single_cycle.saturation_count_reg[19]_i_1_n_0
                         CARRY4 (Prop_carry4_CI_CO[3])
                                                      0.100    12.180 r  g_single_cycle.saturation_count_reg[23]_i_1/CO[3]
                         net (fo=1, unplaced)         0.000    12.180    g_single_cycle.saturation_count_reg[23]_i_1_n_0
                         CARRY4 (Prop_carry4_CI_O[3])
                                                      0.277    12.457 r  g_single_cycle.saturation_count_reg[27]_i_1/O[3]
                         net (fo=1, unplaced)         0.000    12.457    p_1_in[27]
                         FDRE                                         r  g_single_cycle.saturation_count_reg[27]/D
  -------------------------------------------------------------------    -------------------

                         (clock clk rise edge)       10.000    10.000 r
                                                      0.000    10.000 r  clk (IN)
                         net (fo=71, unset)           0.748    10.748    clk
                         FDRE                                         r  g_single_cycle.saturation_count_reg[27]/C
                         clock pessimism              0.000    10.748
                         clock uncertainty           -0.035    10.712
                         FDRE (Setup_fdre_C_D)       -0.003    10.709    g_single_cycle.saturation_count_reg[27]
  -------------------------------------------------------------------
                         required time                         10.709
                         arrival time                         -12.457
  -------------------------------------------------------------------
                         slack                                 -1.747

Slack (VIOLATED) :        -1.739ns  (required time - arrival time)
  Source:                 in_re[15]
                            (input port clocked by clk  {rise@0.000ns fall@5.000ns period=10.000ns})
  Destination:            g_single_cycle.saturation_count_reg[25]/D
                            (rising edge-triggered cell FDRE clocked by clk  {rise@0.000ns fall@5.000ns period=10.000ns})
  Path Group:             clk
  Path Type:              Setup (Max at Slow Process Corner)
  Requirement:            10.000ns  (clk rise@10.000ns - clk rise@0.000ns)
  Data Path Delay:        12.449ns  (logic 9.060ns (72.779%)  route 3.389ns (27.221%))
  Logic Levels:           22  (CARRY4=16 DSP48E1=2 LUT1=2 LUT5=1 LUT6=1)
  Input Delay:            0.000ns
  Clock Path Skew:        0.748ns (DCD - SCD + CPR)
    Destination Clock Delay (DCD):    0.748ns = ( 10.748 - 10.000 )
    Source Clock Delay      (SCD):    0.000ns
    Clock Pessimism Removal (CPR):    0.000ns
  Clock Uncertainty:      0.035ns  ((TSJ^2 + TIJ^2)^1/2 + DJ) / 2 + PE
    Total System Jitter     (TSJ):    0.071ns
    Total Input Jitter      (TIJ):    0.000ns
    Discrete Jitter          (DJ):    0.000ns
    Phase Error              (PE):    0.000ns

    Location             Delay type                Incr(ns)  Path(ns)    Netlist Resource(s)
  -------------------------------------------------------------------    -------------------
                         (clock clk rise edge)        0.000     0.000 r
                         input delay                  0.000     0.000
                                                      0.000     0.000 r  in_re[15] (IN)
                         net (fo=29, unset)           0.787     0.787    in_re[15]
                         DSP48E1 (Prop_dsp48e1_A[29]_PCOUT[47])
                                                      3.397     4.184 r  g_single_cycle.product_rr/PCOUT[47]
                         net (fo=1, unplaced)         0.055     4.239    g_single_cycle.product_rr_n_106
                         DSP48E1 (Prop_dsp48e1_PCIN[47]_P[0])
                                                      1.271     5.510 f  g_single_cycle.equalized_re_q29/P[0]
                         net (fo=1, unplaced)         0.646     6.156    g_single_cycle.equalized_re_q29_n_105
                         LUT1 (Prop_lut1_I0_O)        0.105     6.261 r  g_single_cycle.out_re[0]_i_18/O
                         net (fo=1, unplaced)         0.258     6.519    g_single_cycle.out_re[0]_i_18_n_0
                         CARRY4 (Prop_carry4_CYINIT_CO[3])
                                                      0.494     7.013 r  g_single_cycle.out_re_reg[0]_i_13/CO[3]
                         net (fo=1, unplaced)         0.008     7.021    g_single_cycle.out_re_reg[0]_i_13_n_0
                         CARRY4 (Prop_carry4_CI_CO[3])
                                                      0.100     7.121 r  g_single_cycle.out_re_reg[0]_i_8/CO[3]
                         net (fo=1, unplaced)         0.000     7.121    g_single_cycle.out_re_reg[0]_i_8_n_0
                         CARRY4 (Prop_carry4_CI_CO[3])
                                                      0.100     7.221 r  g_single_cycle.out_re_reg[0]_i_3/CO[3]
                         net (fo=1, unplaced)         0.000     7.221    g_single_cycle.out_re_reg[0]_i_3_n_0
                         CARRY4 (Prop_carry4_CI_O[1])
                                                      0.269     7.490 f  g_single_cycle.out_re_reg[0]_i_2/O[1]
                         net (fo=2, unplaced)         0.251     7.741    round_q29_to_q15_wide2[14]
                         LUT1 (Prop_lut1_I0_O)        0.245     7.986 r  g_single_cycle.out_re[4]_i_3/O
                         net (fo=1, unplaced)         0.258     8.244    p_0_in[0]
                         CARRY4 (Prop_carry4_CYINIT_CO[3])
                                                      0.494     8.738 r  g_single_cycle.out_re_reg[4]_i_2/CO[3]
                         net (fo=1, unplaced)         0.008     8.746    g_single_cycle.out_re_reg[4]_i_2_n_0
                         CARRY4 (Prop_carry4_CI_CO[3])
                                                      0.100     8.846 r  g_single_cycle.out_re_reg[8]_i_2/CO[3]
                         net (fo=1, unplaced)         0.000     8.846    g_single_cycle.out_re_reg[8]_i_2_n_0
                         CARRY4 (Prop_carry4_CI_CO[3])
                                                      0.100     8.946 r  g_single_cycle.out_re_reg[12]_i_2/CO[3]
                         net (fo=1, unplaced)         0.000     8.946    g_single_cycle.out_re_reg[12]_i_2_n_0
                         CARRY4 (Prop_carry4_CI_O[1])
                                                      0.269     9.215 r  g_single_cycle.out_re_reg[15]_i_4/O[1]
                         net (fo=3, unplaced)         0.490     9.705    round_q29_to_q15_wide0[14]
                         LUT5 (Prop_lut5_I1_O)        0.245     9.950 r  g_single_cycle.out_re[15]_i_19/O
                         net (fo=1, unplaced)         0.000     9.950    g_single_cycle.out_re[15]_i_19_n_0
                         CARRY4 (Prop_carry4_S[0]_CO[1])
                                                      0.381    10.331 r  g_single_cycle.out_re_reg[15]_i_7/CO[1]
                         net (fo=18, unplaced)        0.620    10.951    saturate_q1512_in
                         LUT6 (Prop_lut6_I1_O)        0.277    11.228 r  g_single_cycle.saturation_count[3]_i_2/O
                         net (fo=1, unplaced)         0.000    11.228    g_single_cycle.saturation_count[3]_i_2_n_0
                         CARRY4 (Prop_carry4_S[1]_CO[3])
                                                      0.444    11.672 r  g_single_cycle.saturation_count_reg[3]_i_1/CO[3]
                         net (fo=1, unplaced)         0.008    11.680    g_single_cycle.saturation_count_reg[3]_i_1_n_0
                         CARRY4 (Prop_carry4_CI_CO[3])
                                                      0.100    11.780 r  g_single_cycle.saturation_count_reg[7]_i_1/CO[3]
                         net (fo=1, unplaced)         0.000    11.780    g_single_cycle.saturation_count_reg[7]_i_1_n_0
                         CARRY4 (Prop_carry4_CI_CO[3])
                                                      0.100    11.880 r  g_single_cycle.saturation_count_reg[11]_i_1/CO[3]
                         net (fo=1, unplaced)         0.000    11.880    g_single_cycle.saturation_count_reg[11]_i_1_n_0
                         CARRY4 (Prop_carry4_CI_CO[3])
                                                      0.100    11.980 r  g_single_cycle.saturation_count_reg[15]_i_1/CO[3]
                         net (fo=1, unplaced)         0.000    11.980    g_single_cycle.saturation_count_reg[15]_i_1_n_0
                         CARRY4 (Prop_carry4_CI_CO[3])
                                                      0.100    12.080 r  g_single_cycle.saturation_count_reg[19]_i_1/CO[3]
                         net (fo=1, unplaced)         0.000    12.080    g_single_cycle.saturation_count_reg[19]_i_1_n_0
                         CARRY4 (Prop_carry4_CI_CO[3])
                                                      0.100    12.180 r  g_single_cycle.saturation_count_reg[23]_i_1/CO[3]
                         net (fo=1, unplaced)         0.000    12.180    g_single_cycle.saturation_count_reg[23]_i_1_n_0
                         CARRY4 (Prop_carry4_CI_O[1])
                                                      0.269    12.449 r  g_single_cycle.saturation_count_reg[27]_i_1/O[1]
                         net (fo=1, unplaced)         0.000    12.449    p_1_in[25]
                         FDRE                                         r  g_single_cycle.saturation_count_reg[25]/D
  -------------------------------------------------------------------    -------------------

                         (clock clk rise edge)       10.000    10.000 r
                                                      0.000    10.000 r  clk (IN)
                         net (fo=71, unset)           0.748    10.748    clk
                         FDRE                                         r  g_single_cycle.saturation_count_reg[25]/C
                         clock pessimism              0.000    10.748
                         clock uncertainty           -0.035    10.712
                         FDRE (Setup_fdre_C_D)       -0.003    10.709    g_single_cycle.saturation_count_reg[25]
  -------------------------------------------------------------------
                         required time                         10.709
                         arrival time                         -12.449
  -------------------------------------------------------------------
                         slack                                 -1.739

Slack (VIOLATED) :        -1.684ns  (required time - arrival time)
  Source:                 in_re[15]
                            (input port clocked by clk  {rise@0.000ns fall@5.000ns period=10.000ns})
  Destination:            g_single_cycle.saturation_count_reg[26]/D
                            (rising edge-triggered cell FDRE clocked by clk  {rise@0.000ns fall@5.000ns period=10.000ns})
  Path Group:             clk
  Path Type:              Setup (Max at Slow Process Corner)
  Requirement:            10.000ns  (clk rise@10.000ns - clk rise@0.000ns)
  Data Path Delay:        12.394ns  (logic 9.005ns (72.659%)  route 3.389ns (27.341%))
  Logic Levels:           22  (CARRY4=16 DSP48E1=2 LUT1=2 LUT5=1 LUT6=1)
  Input Delay:            0.000ns
  Clock Path Skew:        0.748ns (DCD - SCD + CPR)
    Destination Clock Delay (DCD):    0.748ns = ( 10.748 - 10.000 )
    Source Clock Delay      (SCD):    0.000ns
    Clock Pessimism Removal (CPR):    0.000ns
  Clock Uncertainty:      0.035ns  ((TSJ^2 + TIJ^2)^1/2 + DJ) / 2 + PE
    Total System Jitter     (TSJ):    0.071ns
    Total Input Jitter      (TIJ):    0.000ns
    Discrete Jitter          (DJ):    0.000ns
    Phase Error              (PE):    0.000ns

    Location             Delay type                Incr(ns)  Path(ns)    Netlist Resource(s)
  -------------------------------------------------------------------    -------------------
                         (clock clk rise edge)        0.000     0.000 r
                         input delay                  0.000     0.000
                                                      0.000     0.000 r  in_re[15] (IN)
                         net (fo=29, unset)           0.787     0.787    in_re[15]
                         DSP48E1 (Prop_dsp48e1_A[29]_PCOUT[47])
                                                      3.397     4.184 r  g_single_cycle.product_rr/PCOUT[47]
                         net (fo=1, unplaced)         0.055     4.239    g_single_cycle.product_rr_n_106
                         DSP48E1 (Prop_dsp48e1_PCIN[47]_P[0])
                                                      1.271     5.510 f  g_single_cycle.equalized_re_q29/P[0]
                         net (fo=1, unplaced)         0.646     6.156    g_single_cycle.equalized_re_q29_n_105
                         LUT1 (Prop_lut1_I0_O)        0.105     6.261 r  g_single_cycle.out_re[0]_i_18/O
                         net (fo=1, unplaced)         0.258     6.519    g_single_cycle.out_re[0]_i_18_n_0
                         CARRY4 (Prop_carry4_CYINIT_CO[3])
                                                      0.494     7.013 r  g_single_cycle.out_re_reg[0]_i_13/CO[3]
                         net (fo=1, unplaced)         0.008     7.021    g_single_cycle.out_re_reg[0]_i_13_n_0
                         CARRY4 (Prop_carry4_CI_CO[3])
                                                      0.100     7.121 r  g_single_cycle.out_re_reg[0]_i_8/CO[3]
                         net (fo=1, unplaced)         0.000     7.121    g_single_cycle.out_re_reg[0]_i_8_n_0
                         CARRY4 (Prop_carry4_CI_CO[3])
                                                      0.100     7.221 r  g_single_cycle.out_re_reg[0]_i_3/CO[3]
                         net (fo=1, unplaced)         0.000     7.221    g_single_cycle.out_re_reg[0]_i_3_n_0
                         CARRY4 (Prop_carry4_CI_O[1])
                                                      0.269     7.490 f  g_single_cycle.out_re_reg[0]_i_2/O[1]
                         net (fo=2, unplaced)         0.251     7.741    round_q29_to_q15_wide2[14]
                         LUT1 (Prop_lut1_I0_O)        0.245     7.986 r  g_single_cycle.out_re[4]_i_3/O
                         net (fo=1, unplaced)         0.258     8.244    p_0_in[0]
                         CARRY4 (Prop_carry4_CYINIT_CO[3])
                                                      0.494     8.738 r  g_single_cycle.out_re_reg[4]_i_2/CO[3]
                         net (fo=1, unplaced)         0.008     8.746    g_single_cycle.out_re_reg[4]_i_2_n_0
                         CARRY4 (Prop_carry4_CI_CO[3])
                                                      0.100     8.846 r  g_single_cycle.out_re_reg[8]_i_2/CO[3]
                         net (fo=1, unplaced)         0.000     8.846    g_single_cycle.out_re_reg[8]_i_2_n_0
                         CARRY4 (Prop_carry4_CI_CO[3])
                                                      0.100     8.946 r  g_single_cycle.out_re_reg[12]_i_2/CO[3]
                         net (fo=1, unplaced)         0.000     8.946    g_single_cycle.out_re_reg[12]_i_2_n_0
                         CARRY4 (Prop_carry4_CI_O[1])
                                                      0.269     9.215 r  g_single_cycle.out_re_reg[15]_i_4/O[1]
                         net (fo=3, unplaced)         0.490     9.705    round_q29_to_q15_wide0[14]
                         LUT5 (Prop_lut5_I1_O)        0.245     9.950 r  g_single_cycle.out_re[15]_i_19/O
                         net (fo=1, unplaced)         0.000     9.950    g_single_cycle.out_re[15]_i_19_n_0
                         CARRY4 (Prop_carry4_S[0]_CO[1])
                                                      0.381    10.331 r  g_single_cycle.out_re_reg[15]_i_7/CO[1]
                         net (fo=18, unplaced)        0.620    10.951    saturate_q1512_in
                         LUT6 (Prop_lut6_I1_O)        0.277    11.228 r  g_single_cycle.saturation_count[3]_i_2/O
                         net (fo=1, unplaced)         0.000    11.228    g_single_cycle.saturation_count[3]_i_2_n_0
                         CARRY4 (Prop_carry4_S[1]_CO[3])
                                                      0.444    11.672 r  g_single_cycle.saturation_count_reg[3]_i_1/CO[3]
                         net (fo=1, unplaced)         0.008    11.680    g_single_cycle.saturation_count_reg[3]_i_1_n_0
                         CARRY4 (Prop_carry4_CI_CO[3])
                                                      0.100    11.780 r  g_single_cycle.saturation_count_reg[7]_i_1/CO[3]
                         net (fo=1, unplaced)         0.000    11.780    g_single_cycle.saturation_count_reg[7]_i_1_n_0
                         CARRY4 (Prop_carry4_CI_CO[3])
                                                      0.100    11.880 r  g_single_cycle.saturation_count_reg[11]_i_1/CO[3]
                         net (fo=1, unplaced)         0.000    11.880    g_single_cycle.saturation_count_reg[11]_i_1_n_0
                         CARRY4 (Prop_carry4_CI_CO[3])
                                                      0.100    11.980 r  g_single_cycle.saturation_count_reg[15]_i_1/CO[3]
                         net (fo=1, unplaced)         0.000    11.980    g_single_cycle.saturation_count_reg[15]_i_1_n_0
                         CARRY4 (Prop_carry4_CI_CO[3])
                                                      0.100    12.080 r  g_single_cycle.saturation_count_reg[19]_i_1/CO[3]
                         net (fo=1, unplaced)         0.000    12.080    g_single_cycle.saturation_count_reg[19]_i_1_n_0
                         CARRY4 (Prop_carry4_CI_CO[3])
                                                      0.100    12.180 r  g_single_cycle.saturation_count_reg[23]_i_1/CO[3]
                         net (fo=1, unplaced)         0.000    12.180    g_single_cycle.saturation_count_reg[23]_i_1_n_0
                         CARRY4 (Prop_carry4_CI_O[2])
                                                      0.214    12.394 r  g_single_cycle.saturation_count_reg[27]_i_1/O[2]
                         net (fo=1, unplaced)         0.000    12.394    p_1_in[26]
                         FDRE                                         r  g_single_cycle.saturation_count_reg[26]/D
  -------------------------------------------------------------------    -------------------

                         (clock clk rise edge)       10.000    10.000 r
                                                      0.000    10.000 r  clk (IN)
                         net (fo=71, unset)           0.748    10.748    clk
                         FDRE                                         r  g_single_cycle.saturation_count_reg[26]/C
                         clock pessimism              0.000    10.748
                         clock uncertainty           -0.035    10.712
                         FDRE (Setup_fdre_C_D)       -0.003    10.709    g_single_cycle.saturation_count_reg[26]
  -------------------------------------------------------------------
                         required time                         10.709
                         arrival time                         -12.394
  -------------------------------------------------------------------
                         slack                                 -1.684

Slack (VIOLATED) :        -1.659ns  (required time - arrival time)
  Source:                 in_re[15]
                            (input port clocked by clk  {rise@0.000ns fall@5.000ns period=10.000ns})
  Destination:            g_single_cycle.saturation_count_reg[24]/D
                            (rising edge-triggered cell FDRE clocked by clk  {rise@0.000ns fall@5.000ns period=10.000ns})
  Path Group:             clk
  Path Type:              Setup (Max at Slow Process Corner)
  Requirement:            10.000ns  (clk rise@10.000ns - clk rise@0.000ns)
  Data Path Delay:        12.369ns  (logic 8.980ns (72.603%)  route 3.389ns (27.397%))
  Logic Levels:           22  (CARRY4=16 DSP48E1=2 LUT1=2 LUT5=1 LUT6=1)
  Input Delay:            0.000ns
  Clock Path Skew:        0.748ns (DCD - SCD + CPR)
    Destination Clock Delay (DCD):    0.748ns = ( 10.748 - 10.000 )
    Source Clock Delay      (SCD):    0.000ns
    Clock Pessimism Removal (CPR):    0.000ns
  Clock Uncertainty:      0.035ns  ((TSJ^2 + TIJ^2)^1/2 + DJ) / 2 + PE
    Total System Jitter     (TSJ):    0.071ns
    Total Input Jitter      (TIJ):    0.000ns
    Discrete Jitter          (DJ):    0.000ns
    Phase Error              (PE):    0.000ns

    Location             Delay type                Incr(ns)  Path(ns)    Netlist Resource(s)
  -------------------------------------------------------------------    -------------------
                         (clock clk rise edge)        0.000     0.000 r
                         input delay                  0.000     0.000
                                                      0.000     0.000 r  in_re[15] (IN)
                         net (fo=29, unset)           0.787     0.787    in_re[15]
                         DSP48E1 (Prop_dsp48e1_A[29]_PCOUT[47])
                                                      3.397     4.184 r  g_single_cycle.product_rr/PCOUT[47]
                         net (fo=1, unplaced)         0.055     4.239    g_single_cycle.product_rr_n_106
                         DSP48E1 (Prop_dsp48e1_PCIN[47]_P[0])
                                                      1.271     5.510 f  g_single_cycle.equalized_re_q29/P[0]
                         net (fo=1, unplaced)         0.646     6.156    g_single_cycle.equalized_re_q29_n_105
                         LUT1 (Prop_lut1_I0_O)        0.105     6.261 r  g_single_cycle.out_re[0]_i_18/O
                         net (fo=1, unplaced)         0.258     6.519    g_single_cycle.out_re[0]_i_18_n_0
                         CARRY4 (Prop_carry4_CYINIT_CO[3])
                                                      0.494     7.013 r  g_single_cycle.out_re_reg[0]_i_13/CO[3]
                         net (fo=1, unplaced)         0.008     7.021    g_single_cycle.out_re_reg[0]_i_13_n_0
                         CARRY4 (Prop_carry4_CI_CO[3])
                                                      0.100     7.121 r  g_single_cycle.out_re_reg[0]_i_8/CO[3]
                         net (fo=1, unplaced)         0.000     7.121    g_single_cycle.out_re_reg[0]_i_8_n_0
                         CARRY4 (Prop_carry4_CI_CO[3])
                                                      0.100     7.221 r  g_single_cycle.out_re_reg[0]_i_3/CO[3]
                         net (fo=1, unplaced)         0.000     7.221    g_single_cycle.out_re_reg[0]_i_3_n_0
                         CARRY4 (Prop_carry4_CI_O[1])
                                                      0.269     7.490 f  g_single_cycle.out_re_reg[0]_i_2/O[1]
                         net (fo=2, unplaced)         0.251     7.741    round_q29_to_q15_wide2[14]
                         LUT1 (Prop_lut1_I0_O)        0.245     7.986 r  g_single_cycle.out_re[4]_i_3/O
                         net (fo=1, unplaced)         0.258     8.244    p_0_in[0]
                         CARRY4 (Prop_carry4_CYINIT_CO[3])
                                                      0.494     8.738 r  g_single_cycle.out_re_reg[4]_i_2/CO[3]
                         net (fo=1, unplaced)         0.008     8.746    g_single_cycle.out_re_reg[4]_i_2_n_0
                         CARRY4 (Prop_carry4_CI_CO[3])
                                                      0.100     8.846 r  g_single_cycle.out_re_reg[8]_i_2/CO[3]
                         net (fo=1, unplaced)         0.000     8.846    g_single_cycle.out_re_reg[8]_i_2_n_0
                         CARRY4 (Prop_carry4_CI_CO[3])
                                                      0.100     8.946 r  g_single_cycle.out_re_reg[12]_i_2/CO[3]
                         net (fo=1, unplaced)         0.000     8.946    g_single_cycle.out_re_reg[12]_i_2_n_0
                         CARRY4 (Prop_carry4_CI_O[1])
                                                      0.269     9.215 r  g_single_cycle.out_re_reg[15]_i_4/O[1]
                         net (fo=3, unplaced)         0.490     9.705    round_q29_to_q15_wide0[14]
                         LUT5 (Prop_lut5_I1_O)        0.245     9.950 r  g_single_cycle.out_re[15]_i_19/O
                         net (fo=1, unplaced)         0.000     9.950    g_single_cycle.out_re[15]_i_19_n_0
                         CARRY4 (Prop_carry4_S[0]_CO[1])
                                                      0.381    10.331 r  g_single_cycle.out_re_reg[15]_i_7/CO[1]
                         net (fo=18, unplaced)        0.620    10.951    saturate_q1512_in
                         LUT6 (Prop_lut6_I1_O)        0.277    11.228 r  g_single_cycle.saturation_count[3]_i_2/O
                         net (fo=1, unplaced)         0.000    11.228    g_single_cycle.saturation_count[3]_i_2_n_0
                         CARRY4 (Prop_carry4_S[1]_CO[3])
                                                      0.444    11.672 r  g_single_cycle.saturation_count_reg[3]_i_1/CO[3]
                         net (fo=1, unplaced)         0.008    11.680    g_single_cycle.saturation_count_reg[3]_i_1_n_0
                         CARRY4 (Prop_carry4_CI_CO[3])
                                                      0.100    11.780 r  g_single_cycle.saturation_count_reg[7]_i_1/CO[3]
                         net (fo=1, unplaced)         0.000    11.780    g_single_cycle.saturation_count_reg[7]_i_1_n_0
                         CARRY4 (Prop_carry4_CI_CO[3])
                                                      0.100    11.880 r  g_single_cycle.saturation_count_reg[11]_i_1/CO[3]
                         net (fo=1, unplaced)         0.000    11.880    g_single_cycle.saturation_count_reg[11]_i_1_n_0
                         CARRY4 (Prop_carry4_CI_CO[3])
                                                      0.100    11.980 r  g_single_cycle.saturation_count_reg[15]_i_1/CO[3]
                         net (fo=1, unplaced)         0.000    11.980    g_single_cycle.saturation_count_reg[15]_i_1_n_0
                         CARRY4 (Prop_carry4_CI_CO[3])
                                                      0.100    12.080 r  g_single_cycle.saturation_count_reg[19]_i_1/CO[3]
                         net (fo=1, unplaced)         0.000    12.080    g_single_cycle.saturation_count_reg[19]_i_1_n_0
                         CARRY4 (Prop_carry4_CI_CO[3])
                                                      0.100    12.180 r  g_single_cycle.saturation_count_reg[23]_i_1/CO[3]
                         net (fo=1, unplaced)         0.000    12.180    g_single_cycle.saturation_count_reg[23]_i_1_n_0
                         CARRY4 (Prop_carry4_CI_O[0])
                                                      0.189    12.369 r  g_single_cycle.saturation_count_reg[27]_i_1/O[0]
                         net (fo=1, unplaced)         0.000    12.369    p_1_in[24]
                         FDRE                                         r  g_single_cycle.saturation_count_reg[24]/D
  -------------------------------------------------------------------    -------------------

                         (clock clk rise edge)       10.000    10.000 r
                                                      0.000    10.000 r  clk (IN)
                         net (fo=71, unset)           0.748    10.748    clk
                         FDRE                                         r  g_single_cycle.saturation_count_reg[24]/C
                         clock pessimism              0.000    10.748
                         clock uncertainty           -0.035    10.712
                         FDRE (Setup_fdre_C_D)       -0.003    10.709    g_single_cycle.saturation_count_reg[24]
  -------------------------------------------------------------------
                         required time                         10.709
                         arrival time                         -12.369
  -------------------------------------------------------------------
                         slack                                 -1.659

Slack (VIOLATED) :        -1.647ns  (required time - arrival time)
  Source:                 in_re[15]
                            (input port clocked by clk  {rise@0.000ns fall@5.000ns period=10.000ns})
  Destination:            g_single_cycle.saturation_count_reg[23]/D
                            (rising edge-triggered cell FDRE clocked by clk  {rise@0.000ns fall@5.000ns period=10.000ns})
  Path Group:             clk
  Path Type:              Setup (Max at Slow Process Corner)
  Requirement:            10.000ns  (clk rise@10.000ns - clk rise@0.000ns)
  Data Path Delay:        12.357ns  (logic 8.968ns (72.577%)  route 3.389ns (27.423%))
  Logic Levels:           21  (CARRY4=15 DSP48E1=2 LUT1=2 LUT5=1 LUT6=1)
  Input Delay:            0.000ns
  Clock Path Skew:        0.748ns (DCD - SCD + CPR)
    Destination Clock Delay (DCD):    0.748ns = ( 10.748 - 10.000 )
    Source Clock Delay      (SCD):    0.000ns
    Clock Pessimism Removal (CPR):    0.000ns
  Clock Uncertainty:      0.035ns  ((TSJ^2 + TIJ^2)^1/2 + DJ) / 2 + PE
    Total System Jitter     (TSJ):    0.071ns
    Total Input Jitter      (TIJ):    0.000ns
    Discrete Jitter          (DJ):    0.000ns
    Phase Error              (PE):    0.000ns

    Location             Delay type                Incr(ns)  Path(ns)    Netlist Resource(s)
  -------------------------------------------------------------------    -------------------
                         (clock clk rise edge)        0.000     0.000 r
                         input delay                  0.000     0.000
                                                      0.000     0.000 r  in_re[15] (IN)
                         net (fo=29, unset)           0.787     0.787    in_re[15]
                         DSP48E1 (Prop_dsp48e1_A[29]_PCOUT[47])
                                                      3.397     4.184 r  g_single_cycle.product_rr/PCOUT[47]
                         net (fo=1, unplaced)         0.055     4.239    g_single_cycle.product_rr_n_106
                         DSP48E1 (Prop_dsp48e1_PCIN[47]_P[0])
                                                      1.271     5.510 f  g_single_cycle.equalized_re_q29/P[0]
                         net (fo=1, unplaced)         0.646     6.156    g_single_cycle.equalized_re_q29_n_105
                         LUT1 (Prop_lut1_I0_O)        0.105     6.261 r  g_single_cycle.out_re[0]_i_18/O
                         net (fo=1, unplaced)         0.258     6.519    g_single_cycle.out_re[0]_i_18_n_0
                         CARRY4 (Prop_carry4_CYINIT_CO[3])
                                                      0.494     7.013 r  g_single_cycle.out_re_reg[0]_i_13/CO[3]
                         net (fo=1, unplaced)         0.008     7.021    g_single_cycle.out_re_reg[0]_i_13_n_0
                         CARRY4 (Prop_carry4_CI_CO[3])
                                                      0.100     7.121 r  g_single_cycle.out_re_reg[0]_i_8/CO[3]
                         net (fo=1, unplaced)         0.000     7.121    g_single_cycle.out_re_reg[0]_i_8_n_0
                         CARRY4 (Prop_carry4_CI_CO[3])
                                                      0.100     7.221 r  g_single_cycle.out_re_reg[0]_i_3/CO[3]
                         net (fo=1, unplaced)         0.000     7.221    g_single_cycle.out_re_reg[0]_i_3_n_0
                         CARRY4 (Prop_carry4_CI_O[1])
                                                      0.269     7.490 f  g_single_cycle.out_re_reg[0]_i_2/O[1]
                         net (fo=2, unplaced)         0.251     7.741    round_q29_to_q15_wide2[14]
                         LUT1 (Prop_lut1_I0_O)        0.245     7.986 r  g_single_cycle.out_re[4]_i_3/O
                         net (fo=1, unplaced)         0.258     8.244    p_0_in[0]
                         CARRY4 (Prop_carry4_CYINIT_CO[3])
                                                      0.494     8.738 r  g_single_cycle.out_re_reg[4]_i_2/CO[3]
                         net (fo=1, unplaced)         0.008     8.746    g_single_cycle.out_re_reg[4]_i_2_n_0
                         CARRY4 (Prop_carry4_CI_CO[3])
                                                      0.100     8.846 r  g_single_cycle.out_re_reg[8]_i_2/CO[3]
                         net (fo=1, unplaced)         0.000     8.846    g_single_cycle.out_re_reg[8]_i_2_n_0
                         CARRY4 (Prop_carry4_CI_CO[3])
                                                      0.100     8.946 r  g_single_cycle.out_re_reg[12]_i_2/CO[3]
                         net (fo=1, unplaced)         0.000     8.946    g_single_cycle.out_re_reg[12]_i_2_n_0
                         CARRY4 (Prop_carry4_CI_O[1])
                                                      0.269     9.215 r  g_single_cycle.out_re_reg[15]_i_4/O[1]
                         net (fo=3, unplaced)         0.490     9.705    round_q29_to_q15_wide0[14]
                         LUT5 (Prop_lut5_I1_O)        0.245     9.950 r  g_single_cycle.out_re[15]_i_19/O
                         net (fo=1, unplaced)         0.000     9.950    g_single_cycle.out_re[15]_i_19_n_0
                         CARRY4 (Prop_carry4_S[0]_CO[1])
                                                      0.381    10.331 r  g_single_cycle.out_re_reg[15]_i_7/CO[1]
                         net (fo=18, unplaced)        0.620    10.951    saturate_q1512_in
                         LUT6 (Prop_lut6_I1_O)        0.277    11.228 r  g_single_cycle.saturation_count[3]_i_2/O
                         net (fo=1, unplaced)         0.000    11.228    g_single_cycle.saturation_count[3]_i_2_n_0
                         CARRY4 (Prop_carry4_S[1]_CO[3])
                                                      0.444    11.672 r  g_single_cycle.saturation_count_reg[3]_i_1/CO[3]
                         net (fo=1, unplaced)         0.008    11.680    g_single_cycle.saturation_count_reg[3]_i_1_n_0
                         CARRY4 (Prop_carry4_CI_CO[3])
                                                      0.100    11.780 r  g_single_cycle.saturation_count_reg[7]_i_1/CO[3]
                         net (fo=1, unplaced)         0.000    11.780    g_single_cycle.saturation_count_reg[7]_i_1_n_0
                         CARRY4 (Prop_carry4_CI_CO[3])
                                                      0.100    11.880 r  g_single_cycle.saturation_count_reg[11]_i_1/CO[3]
                         net (fo=1, unplaced)         0.000    11.880    g_single_cycle.saturation_count_reg[11]_i_1_n_0
                         CARRY4 (Prop_carry4_CI_CO[3])
                                                      0.100    11.980 r  g_single_cycle.saturation_count_reg[15]_i_1/CO[3]
                         net (fo=1, unplaced)         0.000    11.980    g_single_cycle.saturation_count_reg[15]_i_1_n_0
                         CARRY4 (Prop_carry4_CI_CO[3])
                                                      0.100    12.080 r  g_single_cycle.saturation_count_reg[19]_i_1/CO[3]
                         net (fo=1, unplaced)         0.000    12.080    g_single_cycle.saturation_count_reg[19]_i_1_n_0
                         CARRY4 (Prop_carry4_CI_O[3])
                                                      0.277    12.357 r  g_single_cycle.saturation_count_reg[23]_i_1/O[3]
                         net (fo=1, unplaced)         0.000    12.357    p_1_in[23]
                         FDRE                                         r  g_single_cycle.saturation_count_reg[23]/D
  -------------------------------------------------------------------    -------------------

                         (clock clk rise edge)       10.000    10.000 r
                                                      0.000    10.000 r  clk (IN)
                         net (fo=71, unset)           0.748    10.748    clk
                         FDRE                                         r  g_single_cycle.saturation_count_reg[23]/C
                         clock pessimism              0.000    10.748
                         clock uncertainty           -0.035    10.712
                         FDRE (Setup_fdre_C_D)       -0.003    10.709    g_single_cycle.saturation_count_reg[23]
  -------------------------------------------------------------------
                         required time                         10.709
                         arrival time                         -12.357
  -------------------------------------------------------------------
                         slack                                 -1.647

Slack (VIOLATED) :        -1.639ns  (required time - arrival time)
  Source:                 in_re[15]
                            (input port clocked by clk  {rise@0.000ns fall@5.000ns period=10.000ns})
  Destination:            g_single_cycle.saturation_count_reg[21]/D
                            (rising edge-triggered cell FDRE clocked by clk  {rise@0.000ns fall@5.000ns period=10.000ns})
  Path Group:             clk
  Path Type:              Setup (Max at Slow Process Corner)
  Requirement:            10.000ns  (clk rise@10.000ns - clk rise@0.000ns)
  Data Path Delay:        12.349ns  (logic 8.960ns (72.559%)  route 3.389ns (27.441%))
  Logic Levels:           21  (CARRY4=15 DSP48E1=2 LUT1=2 LUT5=1 LUT6=1)
  Input Delay:            0.000ns
  Clock Path Skew:        0.748ns (DCD - SCD + CPR)
    Destination Clock Delay (DCD):    0.748ns = ( 10.748 - 10.000 )
    Source Clock Delay      (SCD):    0.000ns
    Clock Pessimism Removal (CPR):    0.000ns
  Clock Uncertainty:      0.035ns  ((TSJ^2 + TIJ^2)^1/2 + DJ) / 2 + PE
    Total System Jitter     (TSJ):    0.071ns
    Total Input Jitter      (TIJ):    0.000ns
    Discrete Jitter          (DJ):    0.000ns
    Phase Error              (PE):    0.000ns

    Location             Delay type                Incr(ns)  Path(ns)    Netlist Resource(s)
  -------------------------------------------------------------------    -------------------
                         (clock clk rise edge)        0.000     0.000 r
                         input delay                  0.000     0.000
                                                      0.000     0.000 r  in_re[15] (IN)
                         net (fo=29, unset)           0.787     0.787    in_re[15]
                         DSP48E1 (Prop_dsp48e1_A[29]_PCOUT[47])
                                                      3.397     4.184 r  g_single_cycle.product_rr/PCOUT[47]
                         net (fo=1, unplaced)         0.055     4.239    g_single_cycle.product_rr_n_106
                         DSP48E1 (Prop_dsp48e1_PCIN[47]_P[0])
                                                      1.271     5.510 f  g_single_cycle.equalized_re_q29/P[0]
                         net (fo=1, unplaced)         0.646     6.156    g_single_cycle.equalized_re_q29_n_105
                         LUT1 (Prop_lut1_I0_O)        0.105     6.261 r  g_single_cycle.out_re[0]_i_18/O
                         net (fo=1, unplaced)         0.258     6.519    g_single_cycle.out_re[0]_i_18_n_0
                         CARRY4 (Prop_carry4_CYINIT_CO[3])
                                                      0.494     7.013 r  g_single_cycle.out_re_reg[0]_i_13/CO[3]
                         net (fo=1, unplaced)         0.008     7.021    g_single_cycle.out_re_reg[0]_i_13_n_0
                         CARRY4 (Prop_carry4_CI_CO[3])
                                                      0.100     7.121 r  g_single_cycle.out_re_reg[0]_i_8/CO[3]
                         net (fo=1, unplaced)         0.000     7.121    g_single_cycle.out_re_reg[0]_i_8_n_0
                         CARRY4 (Prop_carry4_CI_CO[3])
                                                      0.100     7.221 r  g_single_cycle.out_re_reg[0]_i_3/CO[3]
                         net (fo=1, unplaced)         0.000     7.221    g_single_cycle.out_re_reg[0]_i_3_n_0
                         CARRY4 (Prop_carry4_CI_O[1])
                                                      0.269     7.490 f  g_single_cycle.out_re_reg[0]_i_2/O[1]
                         net (fo=2, unplaced)         0.251     7.741    round_q29_to_q15_wide2[14]
                         LUT1 (Prop_lut1_I0_O)        0.245     7.986 r  g_single_cycle.out_re[4]_i_3/O
                         net (fo=1, unplaced)         0.258     8.244    p_0_in[0]
                         CARRY4 (Prop_carry4_CYINIT_CO[3])
                                                      0.494     8.738 r  g_single_cycle.out_re_reg[4]_i_2/CO[3]
                         net (fo=1, unplaced)         0.008     8.746    g_single_cycle.out_re_reg[4]_i_2_n_0
                         CARRY4 (Prop_carry4_CI_CO[3])
                                                      0.100     8.846 r  g_single_cycle.out_re_reg[8]_i_2/CO[3]
                         net (fo=1, unplaced)         0.000     8.846    g_single_cycle.out_re_reg[8]_i_2_n_0
                         CARRY4 (Prop_carry4_CI_CO[3])
                                                      0.100     8.946 r  g_single_cycle.out_re_reg[12]_i_2/CO[3]
                         net (fo=1, unplaced)         0.000     8.946    g_single_cycle.out_re_reg[12]_i_2_n_0
                         CARRY4 (Prop_carry4_CI_O[1])
                                                      0.269     9.215 r  g_single_cycle.out_re_reg[15]_i_4/O[1]
                         net (fo=3, unplaced)         0.490     9.705    round_q29_to_q15_wide0[14]
                         LUT5 (Prop_lut5_I1_O)        0.245     9.950 r  g_single_cycle.out_re[15]_i_19/O
                         net (fo=1, unplaced)         0.000     9.950    g_single_cycle.out_re[15]_i_19_n_0
                         CARRY4 (Prop_carry4_S[0]_CO[1])
                                                      0.381    10.331 r  g_single_cycle.out_re_reg[15]_i_7/CO[1]
                         net (fo=18, unplaced)        0.620    10.951    saturate_q1512_in
                         LUT6 (Prop_lut6_I1_O)        0.277    11.228 r  g_single_cycle.saturation_count[3]_i_2/O
                         net (fo=1, unplaced)         0.000    11.228    g_single_cycle.saturation_count[3]_i_2_n_0
                         CARRY4 (Prop_carry4_S[1]_CO[3])
                                                      0.444    11.672 r  g_single_cycle.saturation_count_reg[3]_i_1/CO[3]
                         net (fo=1, unplaced)         0.008    11.680    g_single_cycle.saturation_count_reg[3]_i_1_n_0
                         CARRY4 (Prop_carry4_CI_CO[3])
                                                      0.100    11.780 r  g_single_cycle.saturation_count_reg[7]_i_1/CO[3]
                         net (fo=1, unplaced)         0.000    11.780    g_single_cycle.saturation_count_reg[7]_i_1_n_0
                         CARRY4 (Prop_carry4_CI_CO[3])
                                                      0.100    11.880 r  g_single_cycle.saturation_count_reg[11]_i_1/CO[3]
                         net (fo=1, unplaced)         0.000    11.880    g_single_cycle.saturation_count_reg[11]_i_1_n_0
                         CARRY4 (Prop_carry4_CI_CO[3])
                                                      0.100    11.980 r  g_single_cycle.saturation_count_reg[15]_i_1/CO[3]
                         net (fo=1, unplaced)         0.000    11.980    g_single_cycle.saturation_count_reg[15]_i_1_n_0
                         CARRY4 (Prop_carry4_CI_CO[3])
                                                      0.100    12.080 r  g_single_cycle.saturation_count_reg[19]_i_1/CO[3]
                         net (fo=1, unplaced)         0.000    12.080    g_single_cycle.saturation_count_reg[19]_i_1_n_0
                         CARRY4 (Prop_carry4_CI_O[1])
                                                      0.269    12.349 r  g_single_cycle.saturation_count_reg[23]_i_1/O[1]
                         net (fo=1, unplaced)         0.000    12.349    p_1_in[21]
                         FDRE                                         r  g_single_cycle.saturation_count_reg[21]/D
  -------------------------------------------------------------------    -------------------

                         (clock clk rise edge)       10.000    10.000 r
                                                      0.000    10.000 r  clk (IN)
                         net (fo=71, unset)           0.748    10.748    clk
                         FDRE                                         r  g_single_cycle.saturation_count_reg[21]/C
                         clock pessimism              0.000    10.748
                         clock uncertainty           -0.035    10.712
                         FDRE (Setup_fdre_C_D)       -0.003    10.709    g_single_cycle.saturation_count_reg[21]
  -------------------------------------------------------------------
                         required time                         10.709
                         arrival time                         -12.349
  -------------------------------------------------------------------
                         slack                                 -1.639





Pulse Width Checks
--------------------------------------------------------------------------------------
Clock Name:         clk
Waveform(ns):       { 0.000 5.000 }
Period(ns):         10.000
Sources:            { clk }

Check Type        Corner  Lib Pin  Reference Pin  Required(ns)  Actual(ns)  Slack(ns)  Location  Pin
Min Period        n/a     FDRE/C   n/a            1.000         10.000      9.000                g_single_cycle.out_im_reg[0]/C
Min Period        n/a     FDRE/C   n/a            1.000         10.000      9.000                g_single_cycle.out_im_reg[10]/C
Min Period        n/a     FDRE/C   n/a            1.000         10.000      9.000                g_single_cycle.out_im_reg[11]/C
Min Period        n/a     FDRE/C   n/a            1.000         10.000      9.000                g_single_cycle.out_im_reg[12]/C
Min Period        n/a     FDRE/C   n/a            1.000         10.000      9.000                g_single_cycle.out_im_reg[13]/C
Min Period        n/a     FDRE/C   n/a            1.000         10.000      9.000                g_single_cycle.out_im_reg[14]/C
Min Period        n/a     FDRE/C   n/a            1.000         10.000      9.000                g_single_cycle.out_im_reg[15]/C
Min Period        n/a     FDRE/C   n/a            1.000         10.000      9.000                g_single_cycle.out_im_reg[1]/C
Min Period        n/a     FDRE/C   n/a            1.000         10.000      9.000                g_single_cycle.out_im_reg[2]/C
Min Period        n/a     FDRE/C   n/a            1.000         10.000      9.000                g_single_cycle.out_im_reg[3]/C
Low Pulse Width   Slow    FDRE/C   n/a            0.500         5.000       4.500                g_single_cycle.out_im_reg[0]/C
Low Pulse Width   Fast    FDRE/C   n/a            0.500         5.000       4.500                g_single_cycle.out_im_reg[0]/C
Low Pulse Width   Slow    FDRE/C   n/a            0.500         5.000       4.500                g_single_cycle.out_im_reg[10]/C
Low Pulse Width   Fast    FDRE/C   n/a            0.500         5.000       4.500                g_single_cycle.out_im_reg[10]/C
Low Pulse Width   Slow    FDRE/C   n/a            0.500         5.000       4.500                g_single_cycle.out_im_reg[11]/C
Low Pulse Width   Fast    FDRE/C   n/a            0.500         5.000       4.500                g_single_cycle.out_im_reg[11]/C
Low Pulse Width   Slow    FDRE/C   n/a            0.500         5.000       4.500                g_single_cycle.out_im_reg[12]/C
Low Pulse Width   Fast    FDRE/C   n/a            0.500         5.000       4.500                g_single_cycle.out_im_reg[12]/C
Low Pulse Width   Slow    FDRE/C   n/a            0.500         5.000       4.500                g_single_cycle.out_im_reg[13]/C
Low Pulse Width   Fast    FDRE/C   n/a            0.500         5.000       4.500                g_single_cycle.out_im_reg[13]/C
High Pulse Width  Slow    FDRE/C   n/a            0.500         5.000       4.500                g_single_cycle.out_im_reg[0]/C
High Pulse Width  Fast    FDRE/C   n/a            0.500         5.000       4.500                g_single_cycle.out_im_reg[0]/C
High Pulse Width  Slow    FDRE/C   n/a            0.500         5.000       4.500                g_single_cycle.out_im_reg[10]/C
High Pulse Width  Fast    FDRE/C   n/a            0.500         5.000       4.500                g_single_cycle.out_im_reg[10]/C
High Pulse Width  Slow    FDRE/C   n/a            0.500         5.000       4.500                g_single_cycle.out_im_reg[11]/C
High Pulse Width  Fast    FDRE/C   n/a            0.500         5.000       4.500                g_single_cycle.out_im_reg[11]/C
High Pulse Width  Slow    FDRE/C   n/a            0.500         5.000       4.500                g_single_cycle.out_im_reg[12]/C
High Pulse Width  Fast    FDRE/C   n/a            0.500         5.000       4.500                g_single_cycle.out_im_reg[12]/C
High Pulse Width  Slow    FDRE/C   n/a            0.500         5.000       4.500                g_single_cycle.out_im_reg[13]/C
High Pulse Width  Fast    FDRE/C   n/a            0.500         5.000       4.500                g_single_cycle.out_im_reg[13]/C
