Copyright 1986-2021 Xilinx, Inc. All Rights Reserved.
---------------------------------------------------------------------------------------------------------------------------------------------------------------------------------------------------
| Tool Version : Vivado v.2021.1 (win64) Build 3247384 Thu Jun 10 19:36:33 MDT 2021
| Date         : normalized
| Host         : normalized
| Command      : report_timing_summary -delay_type max -max_paths 10 -file <output_dir>/ofdm_tx_cp16_path_post_synthesis_timing_summary.rpt
| Design       : ofdm_tx_cp16_path
| Device       : 7z020-clg400
| Speed File   : -2  PRODUCTION 1.12 2019-11-22
---------------------------------------------------------------------------------------------------------------------------------------------------------------------------------------------------

Timing Summary Report

------------------------------------------------------------------------------------------------
| Timer Settings
| --------------
------------------------------------------------------------------------------------------------

  Enable Multi Corner Analysis               :  Yes
  Enable Pessimism Removal                   :  Yes
  Pessimism Removal Resolution               :  Nearest Common Node
  Enable Input Delay Default Clock           :  No
  Enable Preset / Clear Arcs                 :  No
  Disable Flight Delays                      :  No
  Ignore I/O Paths                           :  No
  Timing Early Launch at Borrowing Latches   :  No
  Borrow Time for Max Delay Exceptions       :  Yes
  Merge Timing Exceptions                    :  Yes

  Corner  Analyze    Analyze
  Name    Max Paths  Min Paths
  ------  ---------  ---------
  Slow    Yes        Yes
  Fast    Yes        Yes


------------------------------------------------------------------------------------------------
| Report Methodology
| ------------------
------------------------------------------------------------------------------------------------

No report available as report_methodology has not been run prior. Run report_methodology on the current design for the summary of methodology violations.



check_timing report

Table of Contents
-----------------
1. checking no_clock (0)
2. checking constant_clock (0)
3. checking pulse_width_clock (0)
4. checking unconstrained_internal_endpoints (0)
5. checking no_input_delay (5)
6. checking no_output_delay (61)
7. checking multiple_clock (0)
8. checking generated_clocks (0)
9. checking loops (0)
10. checking partial_input_delay (0)
11. checking partial_output_delay (0)
12. checking latch_loops (0)

1. checking no_clock (0)
------------------------
 There are 0 register/latch pins with no clock.


2. checking constant_clock (0)
------------------------------
 There are 0 register/latch pins with constant_clock.


3. checking pulse_width_clock (0)
---------------------------------
 There are 0 register/latch pins which need pulse_width check


4. checking unconstrained_internal_endpoints (0)
------------------------------------------------
 There are 0 pins that are not constrained for maximum delay.

 There are 0 pins that are not constrained for maximum delay due to constant clock.


5. checking no_input_delay (5)
------------------------------
 There are 5 input ports with no input delay specified. (HIGH)

 There are 0 input ports with no input delay but user has a false path constraint.


6. checking no_output_delay (61)
--------------------------------
 There are 61 ports with no output delay specified. (HIGH)

 There are 0 ports with no output delay but user has a false path constraint

 There are 0 ports with no output delay but with a timing clock defined on it or propagating through it


7. checking multiple_clock (0)
------------------------------
 There are 0 register/latch pins with multiple clocks.


8. checking generated_clocks (0)
--------------------------------
 There are 0 generated clocks that are not connected to a clock source.


9. checking loops (0)
---------------------
 There are 0 combinational loops in the design.


10. checking partial_input_delay (0)
------------------------------------
 There are 0 input ports with partial input delay specified.


11. checking partial_output_delay (0)
-------------------------------------
 There are 0 ports with partial output delay specified.


12. checking latch_loops (0)
----------------------------
 There are 0 combinational latch loops in the design through latch input



------------------------------------------------------------------------------------------------
| Design Timing Summary
| ---------------------
------------------------------------------------------------------------------------------------

    WNS(ns)      TNS(ns)  TNS Failing Endpoints  TNS Total Endpoints     WPWS(ns)     TPWS(ns)  TPWS Failing Endpoints  TPWS Total Endpoints
    -------      -------  ---------------------  -------------------     --------     --------  ----------------------  --------------------
     -9.826     -589.408                     67                 5152        3.870        0.000                       0                  2353


Timing constraints are not met.


------------------------------------------------------------------------------------------------
| Clock Summary
| -------------
------------------------------------------------------------------------------------------------

Clock  Waveform(ns)       Period(ns)      Frequency(MHz)
-----  ------------       ----------      --------------
clk    {0.000 5.000}      10.000          100.000


------------------------------------------------------------------------------------------------
| Intra Clock Table
| -----------------
------------------------------------------------------------------------------------------------

Clock             WNS(ns)      TNS(ns)  TNS Failing Endpoints  TNS Total Endpoints     WPWS(ns)     TPWS(ns)  TPWS Failing Endpoints  TPWS Total Endpoints
-----             -------      -------  ---------------------  -------------------     --------     --------  ----------------------  --------------------
clk                -9.826     -589.408                     67                 5152        3.870        0.000                       0                  2353


------------------------------------------------------------------------------------------------
| Inter Clock Table
| -----------------
------------------------------------------------------------------------------------------------

From Clock    To Clock          WNS(ns)      TNS(ns)  TNS Failing Endpoints  TNS Total Endpoints
----------    --------          -------      -------  ---------------------  -------------------


------------------------------------------------------------------------------------------------
| Other Path Groups Table
| -----------------------
------------------------------------------------------------------------------------------------

Path Group    From Clock    To Clock          WNS(ns)      TNS(ns)  TNS Failing Endpoints  TNS Total Endpoints
----------    ----------    --------          -------      -------  ---------------------  -------------------


------------------------------------------------------------------------------------------------
| Timing Details
| --------------
------------------------------------------------------------------------------------------------


---------------------------------------------------------------------------------------------------
From Clock:  clk
  To Clock:  clk

Setup :           67  Failing Endpoints,  Worst Slack       -9.826ns,  Total Violation     -589.408ns
Hold  :           NA  Failing Endpoints,  Worst Slack           NA  ,  Total Violation           NA
PW    :            0  Failing Endpoints,  Worst Slack        3.870ns,  Total Violation        0.000ns
---------------------------------------------------------------------------------------------------


Max Delay Paths
--------------------------------------------------------------------------------------
Slack (VIOLATED) :        -9.826ns  (required time - arrival time)
  Source:                 tx_core/ifft/stage_reg[2]/C
                            (rising edge-triggered cell FDRE clocked by clk  {rise@0.000ns fall@5.000ns period=10.000ns})
  Destination:            tx_core/ifft/butterfly/saturation_count_reg[1]/D
                            (rising edge-triggered cell FDRE clocked by clk  {rise@0.000ns fall@5.000ns period=10.000ns})
  Path Group:             clk
  Path Type:              Setup (Max at Slow Process Corner)
  Requirement:            10.000ns  (clk rise@10.000ns - clk rise@0.000ns)
  Data Path Delay:        19.719ns  (logic 11.340ns (57.508%)  route 8.379ns (42.492%))
  Logic Levels:           26  (CARRY4=11 DSP48E1=2 LUT1=4 LUT3=2 LUT4=1 LUT5=1 LUT6=4 MUXF7=1)
  Clock Path Skew:        -0.039ns (DCD - SCD + CPR)
    Destination Clock Delay (DCD):    0.748ns = ( 10.748 - 10.000 )
    Source Clock Delay      (SCD):    0.787ns
    Clock Pessimism Removal (CPR):    0.000ns
  Clock Uncertainty:      0.035ns  ((TSJ^2 + TIJ^2)^1/2 + DJ) / 2 + PE
    Total System Jitter     (TSJ):    0.071ns
    Total Input Jitter      (TIJ):    0.000ns
    Discrete Jitter          (DJ):    0.000ns
    Phase Error              (PE):    0.000ns

    Location             Delay type                Incr(ns)  Path(ns)    Netlist Resource(s)
  -------------------------------------------------------------------    -------------------
                         (clock clk rise edge)        0.000     0.000 r
                                                      0.000     0.000 r  clk (IN)
                         net (fo=2352, unset)         0.787     0.787    tx_core/ifft/clk
                         FDRE                                         r  tx_core/ifft/stage_reg[2]/C
  -------------------------------------------------------------------    -------------------
                         FDRE (Prop_fdre_C_Q)         0.303     1.090 f  tx_core/ifft/stage_reg[2]/Q
                         net (fo=35, unplaced)        0.672     1.762    tx_core/ifft/butterfly/stage_reg[2]_1
                         LUT3 (Prop_lut3_I0_O)        0.232     1.994 r  tx_core/ifft/butterfly/group_base[2]_i_2/O
                         net (fo=2, unplaced)         0.593     2.587    tx_core/ifft/butterfly/half_size[0]
                         LUT6 (Prop_lut6_I1_O)        0.105     2.692 r  tx_core/ifft/butterfly/memory_re[62][15]_i_13/O
                         net (fo=347, unplaced)       0.499     3.191    tx_core/ifft/butterfly/butterfly_j_reg[0]_rep__1_0
                         MUXF7 (Prop_muxf7_S_O)       0.259     3.450 r  tx_core/ifft/butterfly/product_rr_i_87/O
                         net (fo=1, unplaced)         0.349     3.799    tx_core/ifft/butterfly/product_rr_i_87_n_0
                         LUT3 (Prop_lut3_I2_O)        0.242     4.041 r  tx_core/ifft/butterfly/product_rr_i_18/O
                         net (fo=1, unplaced)         0.582     4.623    tx_core/ifft/butterfly/product_rr_i_18_n_0
                         LUT6 (Prop_lut6_I1_O)        0.105     4.728 r  tx_core/ifft/butterfly/product_rr_i_1/O
                         net (fo=30, unplaced)        0.646     5.374    tx_core/ifft/butterfly/product_rr_i_1_n_0
                         DSP48E1 (Prop_dsp48e1_A[29]_PCOUT[47])
                                                      3.397     8.771 r  tx_core/ifft/butterfly/product_ri/PCOUT[47]
                         net (fo=1, unplaced)         0.055     8.826    tx_core/ifft/butterfly/product_ri_n_106
                         DSP48E1 (Prop_dsp48e1_PCIN[47]_P[0])
                                                      1.271    10.097 f  tx_core/ifft/butterfly/twiddle_imag_q30/P[0]
                         net (fo=1, unplaced)         0.646    10.742    tx_core/ifft/butterfly/twiddle_imag_q30_n_105
                         LUT1 (Prop_lut1_I0_O)        0.105    10.847 r  tx_core/ifft/butterfly/y1_im[2]_i_52/O
                         net (fo=1, unplaced)         0.258    11.105    tx_core/ifft/butterfly/y1_im[2]_i_52_n_0
                         CARRY4 (Prop_carry4_CYINIT_CO[3])
                                                      0.494    11.599 r  tx_core/ifft/butterfly/y1_im_reg[2]_i_47/CO[3]
                         net (fo=1, unplaced)         0.008    11.607    tx_core/ifft/butterfly/y1_im_reg[2]_i_47_n_0
                         CARRY4 (Prop_carry4_CI_CO[3])
                                                      0.100    11.707 r  tx_core/ifft/butterfly/y1_im_reg[2]_i_42/CO[3]
                         net (fo=1, unplaced)         0.000    11.707    tx_core/ifft/butterfly/y1_im_reg[2]_i_42_n_0
                         CARRY4 (Prop_carry4_CI_CO[3])
                                                      0.100    11.807 r  tx_core/ifft/butterfly/y1_im_reg[2]_i_37/CO[3]
                         net (fo=1, unplaced)         0.000    11.807    tx_core/ifft/butterfly/y1_im_reg[2]_i_37_n_0
                         CARRY4 (Prop_carry4_CI_O[2])
                                                      0.214    12.021 f  tx_core/ifft/butterfly/y1_im_reg[2]_i_17/O[2]
                         net (fo=4, unplaced)         0.373    12.394    tx_core_n_39
                         LUT1 (Prop_lut1_I0_O)        0.244    12.638 r  y1_im[6]_i_17/O
                         net (fo=1, unplaced)         0.258    12.896    y1_im[6]_i_17_n_0
                         CARRY4 (Prop_carry4_CYINIT_O[3])
                                                      0.561    13.457 r  y1_im_reg[6]_i_12/O[3]
                         net (fo=5, unplaced)         0.547    14.004    tx_core/ifft/butterfly/y1_im[6]_i_10_0[3]
                         LUT4 (Prop_lut4_I0_O)        0.250    14.254 r  tx_core/ifft/butterfly/y0_im[7]_i_11/O
                         net (fo=1, unplaced)         0.000    14.254    tx_core/ifft/butterfly/y0_im[7]_i_11_n_0
                         CARRY4 (Prop_carry4_S[0]_O[3])
                                                      0.505    14.759 f  tx_core/ifft/butterfly/y0_im_reg[7]_i_3/O[3]
                         net (fo=2, unplaced)         0.530    15.289    tx_core_n_60
                         LUT1 (Prop_lut1_I0_O)        0.250    15.539 r  y0_im[8]_i_8/O
                         net (fo=1, unplaced)         0.000    15.539    y0_im[8]_i_8_n_0
                         CARRY4 (Prop_carry4_S[3]_CO[3])
                                                      0.314    15.853 r  y0_im_reg[8]_i_7/CO[3]
                         net (fo=1, unplaced)         0.000    15.853    y0_im_reg[8]_i_7_n_0
                         CARRY4 (Prop_carry4_CI_O[3])
                                                      0.277    16.130 f  y0_im_reg[12]_i_7/O[3]
                         net (fo=1, unplaced)         0.519    16.649    y0_im_reg[12]_i_7_n_4
                         LUT1 (Prop_lut1_I0_O)        0.250    16.899 r  y0_im[12]_i_5/O
                         net (fo=1, unplaced)         0.000    16.899    y0_im[12]_i_5_n_0
                         CARRY4 (Prop_carry4_S[1]_CO[3])
                                                      0.444    17.343 r  y0_im_reg[12]_i_2/CO[3]
                         net (fo=1, unplaced)         0.000    17.343    y0_im_reg[12]_i_2_n_0
                         CARRY4 (Prop_carry4_CI_O[1])
                                                      0.269    17.612 r  y0_im_reg[15]_i_4/O[1]
                         net (fo=3, unplaced)         0.490    18.102    y0_im_reg[15]_i_4_n_6
                         LUT5 (Prop_lut5_I0_O)        0.245    18.347 r  y0_im[15]_i_25/O
                         net (fo=1, unplaced)         0.000    18.347    y0_im[15]_i_25_n_0
                         CARRY4 (Prop_carry4_S[0]_CO[2])
                                                      0.447    18.794 r  y0_im_reg[15]_i_6/CO[2]
                         net (fo=18, unplaced)        0.997    19.791    tx_core/ifft/butterfly/y0_im_reg[15]_3[0]
                         LUT6 (Prop_lut6_I1_O)        0.252    20.043 r  tx_core/ifft/butterfly/saturation_count[2]_i_2/O
                         net (fo=2, unplaced)         0.358    20.401    tx_core/ifft/butterfly/saturation_count[2]_i_2_n_0
                         LUT6 (Prop_lut6_I3_O)        0.105    20.506 r  tx_core/ifft/butterfly/saturation_count[1]_i_1/O
                         net (fo=1, unplaced)         0.000    20.506    tx_core/ifft/butterfly/saturation_count[1]_i_1_n_0
                         FDRE                                         r  tx_core/ifft/butterfly/saturation_count_reg[1]/D
  -------------------------------------------------------------------    -------------------

                         (clock clk rise edge)       10.000    10.000 r
                                                      0.000    10.000 r  clk (IN)
                         net (fo=2352, unset)         0.748    10.748    tx_core/ifft/butterfly/clk
                         FDRE                                         r  tx_core/ifft/butterfly/saturation_count_reg[1]/C
                         clock pessimism              0.000    10.748
                         clock uncertainty           -0.035    10.712
                         FDRE (Setup_fdre_C_D)       -0.032    10.680    tx_core/ifft/butterfly/saturation_count_reg[1]
  -------------------------------------------------------------------
                         required time                         10.680
                         arrival time                         -20.506
  -------------------------------------------------------------------
                         slack                                 -9.826

Slack (VIOLATED) :        -9.822ns  (required time - arrival time)
  Source:                 tx_core/ifft/stage_reg[2]/C
                            (rising edge-triggered cell FDRE clocked by clk  {rise@0.000ns fall@5.000ns period=10.000ns})
  Destination:            tx_core/ifft/butterfly/saturation_count_reg[0]/D
                            (rising edge-triggered cell FDRE clocked by clk  {rise@0.000ns fall@5.000ns period=10.000ns})
  Path Group:             clk
  Path Type:              Setup (Max at Slow Process Corner)
  Requirement:            10.000ns  (clk rise@10.000ns - clk rise@0.000ns)
  Data Path Delay:        19.715ns  (logic 11.340ns (57.519%)  route 8.375ns (42.481%))
  Logic Levels:           26  (CARRY4=11 DSP48E1=2 LUT1=4 LUT3=2 LUT4=1 LUT5=2 LUT6=3 MUXF7=1)
  Clock Path Skew:        -0.039ns (DCD - SCD + CPR)
    Destination Clock Delay (DCD):    0.748ns = ( 10.748 - 10.000 )
    Source Clock Delay      (SCD):    0.787ns
    Clock Pessimism Removal (CPR):    0.000ns
  Clock Uncertainty:      0.035ns  ((TSJ^2 + TIJ^2)^1/2 + DJ) / 2 + PE
    Total System Jitter     (TSJ):    0.071ns
    Total Input Jitter      (TIJ):    0.000ns
    Discrete Jitter          (DJ):    0.000ns
    Phase Error              (PE):    0.000ns

    Location             Delay type                Incr(ns)  Path(ns)    Netlist Resource(s)
  -------------------------------------------------------------------    -------------------
                         (clock clk rise edge)        0.000     0.000 r
                                                      0.000     0.000 r  clk (IN)
                         net (fo=2352, unset)         0.787     0.787    tx_core/ifft/clk
                         FDRE                                         r  tx_core/ifft/stage_reg[2]/C
  -------------------------------------------------------------------    -------------------
                         FDRE (Prop_fdre_C_Q)         0.303     1.090 f  tx_core/ifft/stage_reg[2]/Q
                         net (fo=35, unplaced)        0.672     1.762    tx_core/ifft/butterfly/stage_reg[2]_1
                         LUT3 (Prop_lut3_I0_O)        0.232     1.994 r  tx_core/ifft/butterfly/group_base[2]_i_2/O
                         net (fo=2, unplaced)         0.593     2.587    tx_core/ifft/butterfly/half_size[0]
                         LUT6 (Prop_lut6_I1_O)        0.105     2.692 r  tx_core/ifft/butterfly/memory_re[62][15]_i_13/O
                         net (fo=347, unplaced)       0.499     3.191    tx_core/ifft/butterfly/butterfly_j_reg[0]_rep__1_0
                         MUXF7 (Prop_muxf7_S_O)       0.259     3.450 r  tx_core/ifft/butterfly/product_rr_i_87/O
                         net (fo=1, unplaced)         0.349     3.799    tx_core/ifft/butterfly/product_rr_i_87_n_0
                         LUT3 (Prop_lut3_I2_O)        0.242     4.041 r  tx_core/ifft/butterfly/product_rr_i_18/O
                         net (fo=1, unplaced)         0.582     4.623    tx_core/ifft/butterfly/product_rr_i_18_n_0
                         LUT6 (Prop_lut6_I1_O)        0.105     4.728 r  tx_core/ifft/butterfly/product_rr_i_1/O
                         net (fo=30, unplaced)        0.646     5.374    tx_core/ifft/butterfly/product_rr_i_1_n_0
                         DSP48E1 (Prop_dsp48e1_A[29]_PCOUT[47])
                                                      3.397     8.771 r  tx_core/ifft/butterfly/product_ri/PCOUT[47]
                         net (fo=1, unplaced)         0.055     8.826    tx_core/ifft/butterfly/product_ri_n_106
                         DSP48E1 (Prop_dsp48e1_PCIN[47]_P[0])
                                                      1.271    10.097 f  tx_core/ifft/butterfly/twiddle_imag_q30/P[0]
                         net (fo=1, unplaced)         0.646    10.742    tx_core/ifft/butterfly/twiddle_imag_q30_n_105
                         LUT1 (Prop_lut1_I0_O)        0.105    10.847 r  tx_core/ifft/butterfly/y1_im[2]_i_52/O
                         net (fo=1, unplaced)         0.258    11.105    tx_core/ifft/butterfly/y1_im[2]_i_52_n_0
                         CARRY4 (Prop_carry4_CYINIT_CO[3])
                                                      0.494    11.599 r  tx_core/ifft/butterfly/y1_im_reg[2]_i_47/CO[3]
                         net (fo=1, unplaced)         0.008    11.607    tx_core/ifft/butterfly/y1_im_reg[2]_i_47_n_0
                         CARRY4 (Prop_carry4_CI_CO[3])
                                                      0.100    11.707 r  tx_core/ifft/butterfly/y1_im_reg[2]_i_42/CO[3]
                         net (fo=1, unplaced)         0.000    11.707    tx_core/ifft/butterfly/y1_im_reg[2]_i_42_n_0
                         CARRY4 (Prop_carry4_CI_CO[3])
                                                      0.100    11.807 r  tx_core/ifft/butterfly/y1_im_reg[2]_i_37/CO[3]
                         net (fo=1, unplaced)         0.000    11.807    tx_core/ifft/butterfly/y1_im_reg[2]_i_37_n_0
                         CARRY4 (Prop_carry4_CI_O[2])
                                                      0.214    12.021 f  tx_core/ifft/butterfly/y1_im_reg[2]_i_17/O[2]
                         net (fo=4, unplaced)         0.373    12.394    tx_core_n_39
                         LUT1 (Prop_lut1_I0_O)        0.244    12.638 r  y1_im[6]_i_17/O
                         net (fo=1, unplaced)         0.258    12.896    y1_im[6]_i_17_n_0
                         CARRY4 (Prop_carry4_CYINIT_O[3])
                                                      0.561    13.457 r  y1_im_reg[6]_i_12/O[3]
                         net (fo=5, unplaced)         0.547    14.004    tx_core/ifft/butterfly/y1_im[6]_i_10_0[3]
                         LUT4 (Prop_lut4_I3_O)        0.250    14.254 r  tx_core/ifft/butterfly/y1_im[15]_i_61/O
                         net (fo=1, unplaced)         0.000    14.254    tx_core/ifft/butterfly/y1_im[15]_i_61_n_0
                         CARRY4 (Prop_carry4_S[0]_O[3])
                                                      0.505    14.759 f  tx_core/ifft/butterfly/y1_im_reg[15]_i_42/O[3]
                         net (fo=1, unplaced)         0.519    15.278    tx_core_n_106
                         LUT1 (Prop_lut1_I0_O)        0.250    15.528 r  y1_im[8]_i_8/O
                         net (fo=1, unplaced)         0.000    15.528    y1_im[8]_i_8_n_0
                         CARRY4 (Prop_carry4_S[3]_CO[3])
                                                      0.314    15.842 r  y1_im_reg[8]_i_7/CO[3]
                         net (fo=1, unplaced)         0.000    15.842    y1_im_reg[8]_i_7_n_0
                         CARRY4 (Prop_carry4_CI_O[3])
                                                      0.277    16.119 f  y1_im_reg[12]_i_7/O[3]
                         net (fo=1, unplaced)         0.519    16.638    y1_im_reg[12]_i_7_n_4
                         LUT1 (Prop_lut1_I0_O)        0.250    16.888 r  y1_im[12]_i_5/O
                         net (fo=1, unplaced)         0.000    16.888    y1_im[12]_i_5_n_0
                         CARRY4 (Prop_carry4_S[1]_CO[3])
                                                      0.444    17.332 r  y1_im_reg[12]_i_2/CO[3]
                         net (fo=1, unplaced)         0.000    17.332    y1_im_reg[12]_i_2_n_0
                         CARRY4 (Prop_carry4_CI_O[1])
                                                      0.269    17.601 r  y1_im_reg[15]_i_4/O[1]
                         net (fo=3, unplaced)         0.490    18.091    y1_im_reg[15]_i_4_n_6
                         LUT5 (Prop_lut5_I0_O)        0.245    18.336 r  y1_im[15]_i_29/O
                         net (fo=1, unplaced)         0.000    18.336    y1_im[15]_i_29_n_0
                         CARRY4 (Prop_carry4_S[0]_CO[2])
                                                      0.447    18.783 r  y1_im_reg[15]_i_6/CO[2]
                         net (fo=18, unplaced)        0.997    19.780    tx_core/ifft/butterfly/y1_im_reg[15]_2[0]
                         LUT6 (Prop_lut6_I1_O)        0.252    20.032 r  tx_core/ifft/butterfly/saturation_count[2]_i_3/O
                         net (fo=3, unplaced)         0.365    20.397    tx_core/ifft/butterfly/saturation_count[2]_i_3_n_0
                         LUT5 (Prop_lut5_I0_O)        0.105    20.502 r  tx_core/ifft/butterfly/saturation_count[0]_i_1/O
                         net (fo=1, unplaced)         0.000    20.502    tx_core/ifft/butterfly/saturation_count[0]_i_1_n_0
                         FDRE                                         r  tx_core/ifft/butterfly/saturation_count_reg[0]/D
  -------------------------------------------------------------------    -------------------

                         (clock clk rise edge)       10.000    10.000 r
                                                      0.000    10.000 r  clk (IN)
                         net (fo=2352, unset)         0.748    10.748    tx_core/ifft/butterfly/clk
                         FDRE                                         r  tx_core/ifft/butterfly/saturation_count_reg[0]/C
                         clock pessimism              0.000    10.748
                         clock uncertainty           -0.035    10.712
                         FDRE (Setup_fdre_C_D)       -0.032    10.680    tx_core/ifft/butterfly/saturation_count_reg[0]
  -------------------------------------------------------------------
                         required time                         10.680
                         arrival time                         -20.502
  -------------------------------------------------------------------
                         slack                                 -9.822

Slack (VIOLATED) :        -9.822ns  (required time - arrival time)
  Source:                 tx_core/ifft/stage_reg[2]/C
                            (rising edge-triggered cell FDRE clocked by clk  {rise@0.000ns fall@5.000ns period=10.000ns})
  Destination:            tx_core/ifft/butterfly/saturation_count_reg[2]/D
                            (rising edge-triggered cell FDRE clocked by clk  {rise@0.000ns fall@5.000ns period=10.000ns})
  Path Group:             clk
  Path Type:              Setup (Max at Slow Process Corner)
  Requirement:            10.000ns  (clk rise@10.000ns - clk rise@0.000ns)
  Data Path Delay:        19.715ns  (logic 11.340ns (57.519%)  route 8.375ns (42.481%))
  Logic Levels:           26  (CARRY4=11 DSP48E1=2 LUT1=4 LUT3=2 LUT4=1 LUT5=1 LUT6=4 MUXF7=1)
  Clock Path Skew:        -0.039ns (DCD - SCD + CPR)
    Destination Clock Delay (DCD):    0.748ns = ( 10.748 - 10.000 )
    Source Clock Delay      (SCD):    0.787ns
    Clock Pessimism Removal (CPR):    0.000ns
  Clock Uncertainty:      0.035ns  ((TSJ^2 + TIJ^2)^1/2 + DJ) / 2 + PE
    Total System Jitter     (TSJ):    0.071ns
    Total Input Jitter      (TIJ):    0.000ns
    Discrete Jitter          (DJ):    0.000ns
    Phase Error              (PE):    0.000ns

    Location             Delay type                Incr(ns)  Path(ns)    Netlist Resource(s)
  -------------------------------------------------------------------    -------------------
                         (clock clk rise edge)        0.000     0.000 r
                                                      0.000     0.000 r  clk (IN)
                         net (fo=2352, unset)         0.787     0.787    tx_core/ifft/clk
                         FDRE                                         r  tx_core/ifft/stage_reg[2]/C
  -------------------------------------------------------------------    -------------------
                         FDRE (Prop_fdre_C_Q)         0.303     1.090 f  tx_core/ifft/stage_reg[2]/Q
                         net (fo=35, unplaced)        0.672     1.762    tx_core/ifft/butterfly/stage_reg[2]_1
                         LUT3 (Prop_lut3_I0_O)        0.232     1.994 r  tx_core/ifft/butterfly/group_base[2]_i_2/O
                         net (fo=2, unplaced)         0.593     2.587    tx_core/ifft/butterfly/half_size[0]
                         LUT6 (Prop_lut6_I1_O)        0.105     2.692 r  tx_core/ifft/butterfly/memory_re[62][15]_i_13/O
                         net (fo=347, unplaced)       0.499     3.191    tx_core/ifft/butterfly/butterfly_j_reg[0]_rep__1_0
                         MUXF7 (Prop_muxf7_S_O)       0.259     3.450 r  tx_core/ifft/butterfly/product_rr_i_87/O
                         net (fo=1, unplaced)         0.349     3.799    tx_core/ifft/butterfly/product_rr_i_87_n_0
                         LUT3 (Prop_lut3_I2_O)        0.242     4.041 r  tx_core/ifft/butterfly/product_rr_i_18/O
                         net (fo=1, unplaced)         0.582     4.623    tx_core/ifft/butterfly/product_rr_i_18_n_0
                         LUT6 (Prop_lut6_I1_O)        0.105     4.728 r  tx_core/ifft/butterfly/product_rr_i_1/O
                         net (fo=30, unplaced)        0.646     5.374    tx_core/ifft/butterfly/product_rr_i_1_n_0
                         DSP48E1 (Prop_dsp48e1_A[29]_PCOUT[47])
                                                      3.397     8.771 r  tx_core/ifft/butterfly/product_ri/PCOUT[47]
                         net (fo=1, unplaced)         0.055     8.826    tx_core/ifft/butterfly/product_ri_n_106
                         DSP48E1 (Prop_dsp48e1_PCIN[47]_P[0])
                                                      1.271    10.097 f  tx_core/ifft/butterfly/twiddle_imag_q30/P[0]
                         net (fo=1, unplaced)         0.646    10.742    tx_core/ifft/butterfly/twiddle_imag_q30_n_105
                         LUT1 (Prop_lut1_I0_O)        0.105    10.847 r  tx_core/ifft/butterfly/y1_im[2]_i_52/O
                         net (fo=1, unplaced)         0.258    11.105    tx_core/ifft/butterfly/y1_im[2]_i_52_n_0
                         CARRY4 (Prop_carry4_CYINIT_CO[3])
                                                      0.494    11.599 r  tx_core/ifft/butterfly/y1_im_reg[2]_i_47/CO[3]
                         net (fo=1, unplaced)         0.008    11.607    tx_core/ifft/butterfly/y1_im_reg[2]_i_47_n_0
                         CARRY4 (Prop_carry4_CI_CO[3])
                                                      0.100    11.707 r  tx_core/ifft/butterfly/y1_im_reg[2]_i_42/CO[3]
                         net (fo=1, unplaced)         0.000    11.707    tx_core/ifft/butterfly/y1_im_reg[2]_i_42_n_0
                         CARRY4 (Prop_carry4_CI_CO[3])
                                                      0.100    11.807 r  tx_core/ifft/butterfly/y1_im_reg[2]_i_37/CO[3]
                         net (fo=1, unplaced)         0.000    11.807    tx_core/ifft/butterfly/y1_im_reg[2]_i_37_n_0
                         CARRY4 (Prop_carry4_CI_O[2])
                                                      0.214    12.021 f  tx_core/ifft/butterfly/y1_im_reg[2]_i_17/O[2]
                         net (fo=4, unplaced)         0.373    12.394    tx_core_n_39
                         LUT1 (Prop_lut1_I0_O)        0.244    12.638 r  y1_im[6]_i_17/O
                         net (fo=1, unplaced)         0.258    12.896    y1_im[6]_i_17_n_0
                         CARRY4 (Prop_carry4_CYINIT_O[3])
                                                      0.561    13.457 r  y1_im_reg[6]_i_12/O[3]
                         net (fo=5, unplaced)         0.547    14.004    tx_core/ifft/butterfly/y1_im[6]_i_10_0[3]
                         LUT4 (Prop_lut4_I3_O)        0.250    14.254 r  tx_core/ifft/butterfly/y1_im[15]_i_61/O
                         net (fo=1, unplaced)         0.000    14.254    tx_core/ifft/butterfly/y1_im[15]_i_61_n_0
                         CARRY4 (Prop_carry4_S[0]_O[3])
                                                      0.505    14.759 f  tx_core/ifft/butterfly/y1_im_reg[15]_i_42/O[3]
                         net (fo=1, unplaced)         0.519    15.278    tx_core_n_106
                         LUT1 (Prop_lut1_I0_O)        0.250    15.528 r  y1_im[8]_i_8/O
                         net (fo=1, unplaced)         0.000    15.528    y1_im[8]_i_8_n_0
                         CARRY4 (Prop_carry4_S[3]_CO[3])
                                                      0.314    15.842 r  y1_im_reg[8]_i_7/CO[3]
                         net (fo=1, unplaced)         0.000    15.842    y1_im_reg[8]_i_7_n_0
                         CARRY4 (Prop_carry4_CI_O[3])
                                                      0.277    16.119 f  y1_im_reg[12]_i_7/O[3]
                         net (fo=1, unplaced)         0.519    16.638    y1_im_reg[12]_i_7_n_4
                         LUT1 (Prop_lut1_I0_O)        0.250    16.888 r  y1_im[12]_i_5/O
                         net (fo=1, unplaced)         0.000    16.888    y1_im[12]_i_5_n_0
                         CARRY4 (Prop_carry4_S[1]_CO[3])
                                                      0.444    17.332 r  y1_im_reg[12]_i_2/CO[3]
                         net (fo=1, unplaced)         0.000    17.332    y1_im_reg[12]_i_2_n_0
                         CARRY4 (Prop_carry4_CI_O[1])
                                                      0.269    17.601 r  y1_im_reg[15]_i_4/O[1]
                         net (fo=3, unplaced)         0.490    18.091    y1_im_reg[15]_i_4_n_6
                         LUT5 (Prop_lut5_I0_O)        0.245    18.336 r  y1_im[15]_i_29/O
                         net (fo=1, unplaced)         0.000    18.336    y1_im[15]_i_29_n_0
                         CARRY4 (Prop_carry4_S[0]_CO[2])
                                                      0.447    18.783 r  y1_im_reg[15]_i_6/CO[2]
                         net (fo=18, unplaced)        0.997    19.780    tx_core/ifft/butterfly/y1_im_reg[15]_2[0]
                         LUT6 (Prop_lut6_I1_O)        0.252    20.032 r  tx_core/ifft/butterfly/saturation_count[2]_i_3/O
                         net (fo=3, unplaced)         0.365    20.397    tx_core/ifft/butterfly/saturation_count[2]_i_3_n_0
                         LUT6 (Prop_lut6_I1_O)        0.105    20.502 r  tx_core/ifft/butterfly/saturation_count[2]_i_1/O
                         net (fo=1, unplaced)         0.000    20.502    tx_core/ifft/butterfly/saturation_count[2]_i_1_n_0
                         FDRE                                         r  tx_core/ifft/butterfly/saturation_count_reg[2]/D
  -------------------------------------------------------------------    -------------------

                         (clock clk rise edge)       10.000    10.000 r
                                                      0.000    10.000 r  clk (IN)
                         net (fo=2352, unset)         0.748    10.748    tx_core/ifft/butterfly/clk
                         FDRE                                         r  tx_core/ifft/butterfly/saturation_count_reg[2]/C
                         clock pessimism              0.000    10.748
                         clock uncertainty           -0.035    10.712
                         FDRE (Setup_fdre_C_D)       -0.032    10.680    tx_core/ifft/butterfly/saturation_count_reg[2]
  -------------------------------------------------------------------
                         required time                         10.680
                         arrival time                         -20.502
  -------------------------------------------------------------------
                         slack                                 -9.822

Slack (VIOLATED) :        -8.774ns  (required time - arrival time)
  Source:                 tx_core/ifft/stage_reg[2]/C
                            (rising edge-triggered cell FDRE clocked by clk  {rise@0.000ns fall@5.000ns period=10.000ns})
  Destination:            tx_core/ifft/butterfly/y0_re_reg[15]/D
                            (rising edge-triggered cell FDRE clocked by clk  {rise@0.000ns fall@5.000ns period=10.000ns})
  Path Group:             clk
  Path Type:              Setup (Max at Slow Process Corner)
  Requirement:            10.000ns  (clk rise@10.000ns - clk rise@0.000ns)
  Data Path Delay:        18.667ns  (logic 11.235ns (60.186%)  route 7.432ns (39.814%))
  Logic Levels:           25  (CARRY4=11 DSP48E1=2 LUT1=4 LUT3=2 LUT4=1 LUT5=2 LUT6=2 MUXF7=1)
  Clock Path Skew:        -0.039ns (DCD - SCD + CPR)
    Destination Clock Delay (DCD):    0.748ns = ( 10.748 - 10.000 )
    Source Clock Delay      (SCD):    0.787ns
    Clock Pessimism Removal (CPR):    0.000ns
  Clock Uncertainty:      0.035ns  ((TSJ^2 + TIJ^2)^1/2 + DJ) / 2 + PE
    Total System Jitter     (TSJ):    0.071ns
    Total Input Jitter      (TIJ):    0.000ns
    Discrete Jitter          (DJ):    0.000ns
    Phase Error              (PE):    0.000ns

    Location             Delay type                Incr(ns)  Path(ns)    Netlist Resource(s)
  -------------------------------------------------------------------    -------------------
                         (clock clk rise edge)        0.000     0.000 r
                                                      0.000     0.000 r  clk (IN)
                         net (fo=2352, unset)         0.787     0.787    tx_core/ifft/clk
                         FDRE                                         r  tx_core/ifft/stage_reg[2]/C
  -------------------------------------------------------------------    -------------------
                         FDRE (Prop_fdre_C_Q)         0.303     1.090 f  tx_core/ifft/stage_reg[2]/Q
                         net (fo=35, unplaced)        0.672     1.762    tx_core/ifft/butterfly/stage_reg[2]_1
                         LUT3 (Prop_lut3_I0_O)        0.232     1.994 r  tx_core/ifft/butterfly/group_base[2]_i_2/O
                         net (fo=2, unplaced)         0.593     2.587    tx_core/ifft/butterfly/half_size[0]
                         LUT6 (Prop_lut6_I1_O)        0.105     2.692 r  tx_core/ifft/butterfly/memory_re[62][15]_i_13/O
                         net (fo=347, unplaced)       0.499     3.191    tx_core/ifft/butterfly/butterfly_j_reg[0]_rep__1_0
                         MUXF7 (Prop_muxf7_S_O)       0.259     3.450 r  tx_core/ifft/butterfly/product_rr_i_87/O
                         net (fo=1, unplaced)         0.349     3.799    tx_core/ifft/butterfly/product_rr_i_87_n_0
                         LUT3 (Prop_lut3_I2_O)        0.242     4.041 r  tx_core/ifft/butterfly/product_rr_i_18/O
                         net (fo=1, unplaced)         0.582     4.623    tx_core/ifft/butterfly/product_rr_i_18_n_0
                         LUT6 (Prop_lut6_I1_O)        0.105     4.728 r  tx_core/ifft/butterfly/product_rr_i_1/O
                         net (fo=30, unplaced)        0.646     5.374    tx_core/ifft/butterfly/product_rr_i_1_n_0
                         DSP48E1 (Prop_dsp48e1_A[29]_PCOUT[47])
                                                      3.397     8.771 r  tx_core/ifft/butterfly/product_rr/PCOUT[47]
                         net (fo=1, unplaced)         0.055     8.826    tx_core/ifft/butterfly/product_rr_n_106
                         DSP48E1 (Prop_dsp48e1_PCIN[47]_P[0])
                                                      1.271    10.097 f  tx_core/ifft/butterfly/twiddle_real_q30/P[0]
                         net (fo=1, unplaced)         0.646    10.742    tx_core/ifft/butterfly/twiddle_real_q30_n_105
                         LUT1 (Prop_lut1_I0_O)        0.105    10.847 r  tx_core/ifft/butterfly/y1_re[2]_i_53/O
                         net (fo=1, unplaced)         0.258    11.105    tx_core/ifft/butterfly/y1_re[2]_i_53_n_0
                         CARRY4 (Prop_carry4_CYINIT_CO[3])
                                                      0.494    11.599 r  tx_core/ifft/butterfly/y1_re_reg[2]_i_48/CO[3]
                         net (fo=1, unplaced)         0.008    11.607    tx_core/ifft/butterfly/y1_re_reg[2]_i_48_n_0
                         CARRY4 (Prop_carry4_CI_CO[3])
                                                      0.100    11.707 r  tx_core/ifft/butterfly/y1_re_reg[2]_i_43/CO[3]
                         net (fo=1, unplaced)         0.000    11.707    tx_core/ifft/butterfly/y1_re_reg[2]_i_43_n_0
                         CARRY4 (Prop_carry4_CI_CO[3])
                                                      0.100    11.807 r  tx_core/ifft/butterfly/y1_re_reg[2]_i_38/CO[3]
                         net (fo=1, unplaced)         0.000    11.807    tx_core/ifft/butterfly/y1_re_reg[2]_i_38_n_0
                         CARRY4 (Prop_carry4_CI_O[2])
                                                      0.214    12.021 f  tx_core/ifft/butterfly/y1_re_reg[2]_i_19/O[2]
                         net (fo=4, unplaced)         0.373    12.394    ifft/butterfly/round_q30_to_q15_wide2[15]
                         LUT1 (Prop_lut1_I0_O)        0.244    12.638 r  y1_re[6]_i_17/O
                         net (fo=1, unplaced)         0.258    12.896    ifft/butterfly/p_0_in[0]
                         CARRY4 (Prop_carry4_CYINIT_O[3])
                                                      0.561    13.457 r  y1_re_reg[6]_i_12/O[3]
                         net (fo=5, unplaced)         0.547    14.004    tx_core/ifft/butterfly/round_q30_to_q15_wide0[3]
                         LUT4 (Prop_lut4_I0_O)        0.250    14.254 r  tx_core/ifft/butterfly/y0_re[7]_i_11/O
                         net (fo=1, unplaced)         0.000    14.254    tx_core/ifft/butterfly/y0_re[7]_i_11_n_0
                         CARRY4 (Prop_carry4_S[0]_O[3])
                                                      0.505    14.759 f  tx_core/ifft/butterfly/y0_re_reg[7]_i_3/O[3]
                         net (fo=2, unplaced)         0.530    15.289    ifft/butterfly/value[7]
                         LUT1 (Prop_lut1_I0_O)        0.250    15.539 r  y0_re[8]_i_8/O
                         net (fo=1, unplaced)         0.000    15.539    y0_re[8]_i_8_n_0
                         CARRY4 (Prop_carry4_S[3]_CO[3])
                                                      0.314    15.853 r  y0_re_reg[8]_i_7/CO[3]
                         net (fo=1, unplaced)         0.000    15.853    y0_re_reg[8]_i_7_n_0
                         CARRY4 (Prop_carry4_CI_O[3])
                                                      0.277    16.130 f  y0_re_reg[12]_i_7/O[3]
                         net (fo=1, unplaced)         0.519    16.649    ifft/butterfly/round_div2_away2[11]
                         LUT1 (Prop_lut1_I0_O)        0.250    16.899 r  y0_re[12]_i_5/O
                         net (fo=1, unplaced)         0.000    16.899    y0_re[12]_i_5_n_0
                         CARRY4 (Prop_carry4_S[1]_CO[3])
                                                      0.444    17.343 r  y0_re_reg[12]_i_2/CO[3]
                         net (fo=1, unplaced)         0.000    17.343    y0_re_reg[12]_i_2_n_0
                         CARRY4 (Prop_carry4_CI_O[1])
                                                      0.269    17.612 r  y0_re_reg[15]_i_4/O[1]
                         net (fo=3, unplaced)         0.490    18.102    tx_core/ifft/butterfly/round_div2_away0[13]
                         LUT5 (Prop_lut5_I0_O)        0.245    18.347 r  tx_core/ifft/butterfly/y0_re[15]_i_25/O
                         net (fo=1, unplaced)         0.000    18.347    tx_core/ifft/butterfly/y0_re[15]_i_25_n_0
                         CARRY4 (Prop_carry4_S[0]_CO[2])
                                                      0.447    18.794 f  tx_core/ifft/butterfly/y0_re_reg[15]_i_6/CO[2]
                         net (fo=19, unplaced)        0.408    19.202    tx_core/ifft/butterfly/saturate_q1518_in
                         LUT5 (Prop_lut5_I4_O)        0.252    19.454 r  tx_core/ifft/butterfly/y0_re[15]_i_1/O
                         net (fo=1, unplaced)         0.000    19.454    tx_core/ifft/butterfly/y0_re[15]_i_1_n_0
                         FDRE                                         r  tx_core/ifft/butterfly/y0_re_reg[15]/D
  -------------------------------------------------------------------    -------------------

                         (clock clk rise edge)       10.000    10.000 r
                                                      0.000    10.000 r  clk (IN)
                         net (fo=2352, unset)         0.748    10.748    tx_core/ifft/butterfly/clk
                         FDRE                                         r  tx_core/ifft/butterfly/y0_re_reg[15]/C
                         clock pessimism              0.000    10.748
                         clock uncertainty           -0.035    10.712
                         FDRE (Setup_fdre_C_D)       -0.032    10.680    tx_core/ifft/butterfly/y0_re_reg[15]
  -------------------------------------------------------------------
                         required time                         10.680
                         arrival time                         -19.454
  -------------------------------------------------------------------
                         slack                                 -8.774

Slack (VIOLATED) :        -8.772ns  (required time - arrival time)
  Source:                 tx_core/ifft/stage_reg[2]/C
                            (rising edge-triggered cell FDRE clocked by clk  {rise@0.000ns fall@5.000ns period=10.000ns})
  Destination:            tx_core/ifft/butterfly/y0_im_reg[15]/D
                            (rising edge-triggered cell FDRE clocked by clk  {rise@0.000ns fall@5.000ns period=10.000ns})
  Path Group:             clk
  Path Type:              Setup (Max at Slow Process Corner)
  Requirement:            10.000ns  (clk rise@10.000ns - clk rise@0.000ns)
  Data Path Delay:        18.665ns  (logic 11.235ns (60.192%)  route 7.430ns (39.808%))
  Logic Levels:           25  (CARRY4=11 DSP48E1=2 LUT1=4 LUT3=2 LUT4=1 LUT5=2 LUT6=2 MUXF7=1)
  Clock Path Skew:        -0.039ns (DCD - SCD + CPR)
    Destination Clock Delay (DCD):    0.748ns = ( 10.748 - 10.000 )
    Source Clock Delay      (SCD):    0.787ns
    Clock Pessimism Removal (CPR):    0.000ns
  Clock Uncertainty:      0.035ns  ((TSJ^2 + TIJ^2)^1/2 + DJ) / 2 + PE
    Total System Jitter     (TSJ):    0.071ns
    Total Input Jitter      (TIJ):    0.000ns
    Discrete Jitter          (DJ):    0.000ns
    Phase Error              (PE):    0.000ns

    Location             Delay type                Incr(ns)  Path(ns)    Netlist Resource(s)
  -------------------------------------------------------------------    -------------------
                         (clock clk rise edge)        0.000     0.000 r
                                                      0.000     0.000 r  clk (IN)
                         net (fo=2352, unset)         0.787     0.787    tx_core/ifft/clk
                         FDRE                                         r  tx_core/ifft/stage_reg[2]/C
  -------------------------------------------------------------------    -------------------
                         FDRE (Prop_fdre_C_Q)         0.303     1.090 f  tx_core/ifft/stage_reg[2]/Q
                         net (fo=35, unplaced)        0.672     1.762    tx_core/ifft/butterfly/stage_reg[2]_1
                         LUT3 (Prop_lut3_I0_O)        0.232     1.994 r  tx_core/ifft/butterfly/group_base[2]_i_2/O
                         net (fo=2, unplaced)         0.593     2.587    tx_core/ifft/butterfly/half_size[0]
                         LUT6 (Prop_lut6_I1_O)        0.105     2.692 r  tx_core/ifft/butterfly/memory_re[62][15]_i_13/O
                         net (fo=347, unplaced)       0.499     3.191    tx_core/ifft/butterfly/butterfly_j_reg[0]_rep__1_0
                         MUXF7 (Prop_muxf7_S_O)       0.259     3.450 r  tx_core/ifft/butterfly/product_rr_i_87/O
                         net (fo=1, unplaced)         0.349     3.799    tx_core/ifft/butterfly/product_rr_i_87_n_0
                         LUT3 (Prop_lut3_I2_O)        0.242     4.041 r  tx_core/ifft/butterfly/product_rr_i_18/O
                         net (fo=1, unplaced)         0.582     4.623    tx_core/ifft/butterfly/product_rr_i_18_n_0
                         LUT6 (Prop_lut6_I1_O)        0.105     4.728 r  tx_core/ifft/butterfly/product_rr_i_1/O
                         net (fo=30, unplaced)        0.646     5.374    tx_core/ifft/butterfly/product_rr_i_1_n_0
                         DSP48E1 (Prop_dsp48e1_A[29]_PCOUT[47])
                                                      3.397     8.771 r  tx_core/ifft/butterfly/product_ri/PCOUT[47]
                         net (fo=1, unplaced)         0.055     8.826    tx_core/ifft/butterfly/product_ri_n_106
                         DSP48E1 (Prop_dsp48e1_PCIN[47]_P[0])
                                                      1.271    10.097 f  tx_core/ifft/butterfly/twiddle_imag_q30/P[0]
                         net (fo=1, unplaced)         0.646    10.742    tx_core/ifft/butterfly/twiddle_imag_q30_n_105
                         LUT1 (Prop_lut1_I0_O)        0.105    10.847 r  tx_core/ifft/butterfly/y1_im[2]_i_52/O
                         net (fo=1, unplaced)         0.258    11.105    tx_core/ifft/butterfly/y1_im[2]_i_52_n_0
                         CARRY4 (Prop_carry4_CYINIT_CO[3])
                                                      0.494    11.599 r  tx_core/ifft/butterfly/y1_im_reg[2]_i_47/CO[3]
                         net (fo=1, unplaced)         0.008    11.607    tx_core/ifft/butterfly/y1_im_reg[2]_i_47_n_0
                         CARRY4 (Prop_carry4_CI_CO[3])
                                                      0.100    11.707 r  tx_core/ifft/butterfly/y1_im_reg[2]_i_42/CO[3]
                         net (fo=1, unplaced)         0.000    11.707    tx_core/ifft/butterfly/y1_im_reg[2]_i_42_n_0
                         CARRY4 (Prop_carry4_CI_CO[3])
                                                      0.100    11.807 r  tx_core/ifft/butterfly/y1_im_reg[2]_i_37/CO[3]
                         net (fo=1, unplaced)         0.000    11.807    tx_core/ifft/butterfly/y1_im_reg[2]_i_37_n_0
                         CARRY4 (Prop_carry4_CI_O[2])
                                                      0.214    12.021 f  tx_core/ifft/butterfly/y1_im_reg[2]_i_17/O[2]
                         net (fo=4, unplaced)         0.373    12.394    tx_core_n_39
                         LUT1 (Prop_lut1_I0_O)        0.244    12.638 r  y1_im[6]_i_17/O
                         net (fo=1, unplaced)         0.258    12.896    y1_im[6]_i_17_n_0
                         CARRY4 (Prop_carry4_CYINIT_O[3])
                                                      0.561    13.457 r  y1_im_reg[6]_i_12/O[3]
                         net (fo=5, unplaced)         0.547    14.004    tx_core/ifft/butterfly/y1_im[6]_i_10_0[3]
                         LUT4 (Prop_lut4_I0_O)        0.250    14.254 r  tx_core/ifft/butterfly/y0_im[7]_i_11/O
                         net (fo=1, unplaced)         0.000    14.254    tx_core/ifft/butterfly/y0_im[7]_i_11_n_0
                         CARRY4 (Prop_carry4_S[0]_O[3])
                                                      0.505    14.759 f  tx_core/ifft/butterfly/y0_im_reg[7]_i_3/O[3]
                         net (fo=2, unplaced)         0.530    15.289    tx_core_n_60
                         LUT1 (Prop_lut1_I0_O)        0.250    15.539 r  y0_im[8]_i_8/O
                         net (fo=1, unplaced)         0.000    15.539    y0_im[8]_i_8_n_0
                         CARRY4 (Prop_carry4_S[3]_CO[3])
                                                      0.314    15.853 r  y0_im_reg[8]_i_7/CO[3]
                         net (fo=1, unplaced)         0.000    15.853    y0_im_reg[8]_i_7_n_0
                         CARRY4 (Prop_carry4_CI_O[3])
                                                      0.277    16.130 f  y0_im_reg[12]_i_7/O[3]
                         net (fo=1, unplaced)         0.519    16.649    y0_im_reg[12]_i_7_n_4
                         LUT1 (Prop_lut1_I0_O)        0.250    16.899 r  y0_im[12]_i_5/O
                         net (fo=1, unplaced)         0.000    16.899    y0_im[12]_i_5_n_0
                         CARRY4 (Prop_carry4_S[1]_CO[3])
                                                      0.444    17.343 r  y0_im_reg[12]_i_2/CO[3]
                         net (fo=1, unplaced)         0.000    17.343    y0_im_reg[12]_i_2_n_0
                         CARRY4 (Prop_carry4_CI_O[1])
                                                      0.269    17.612 r  y0_im_reg[15]_i_4/O[1]
                         net (fo=3, unplaced)         0.490    18.102    y0_im_reg[15]_i_4_n_6
                         LUT5 (Prop_lut5_I0_O)        0.245    18.347 r  y0_im[15]_i_25/O
                         net (fo=1, unplaced)         0.000    18.347    y0_im[15]_i_25_n_0
                         CARRY4 (Prop_carry4_S[0]_CO[2])
                                                      0.447    18.794 f  y0_im_reg[15]_i_6/CO[2]
                         net (fo=18, unplaced)        0.406    19.200    tx_core/ifft/butterfly/y0_im_reg[15]_3[0]
                         LUT5 (Prop_lut5_I4_O)        0.252    19.452 r  tx_core/ifft/butterfly/y0_im[15]_i_1/O
                         net (fo=1, unplaced)         0.000    19.452    tx_core/ifft/butterfly/y0_im[15]_i_1_n_0
                         FDRE                                         r  tx_core/ifft/butterfly/y0_im_reg[15]/D
  -------------------------------------------------------------------    -------------------

                         (clock clk rise edge)       10.000    10.000 r
                                                      0.000    10.000 r  clk (IN)
                         net (fo=2352, unset)         0.748    10.748    tx_core/ifft/butterfly/clk
                         FDRE                                         r  tx_core/ifft/butterfly/y0_im_reg[15]/C
                         clock pessimism              0.000    10.748
                         clock uncertainty           -0.035    10.712
                         FDRE (Setup_fdre_C_D)       -0.032    10.680    tx_core/ifft/butterfly/y0_im_reg[15]
  -------------------------------------------------------------------
                         required time                         10.680
                         arrival time                         -19.452
  -------------------------------------------------------------------
                         slack                                 -8.772

Slack (VIOLATED) :        -8.761ns  (required time - arrival time)
  Source:                 tx_core/ifft/stage_reg[2]/C
                            (rising edge-triggered cell FDRE clocked by clk  {rise@0.000ns fall@5.000ns period=10.000ns})
  Destination:            tx_core/ifft/butterfly/y1_im_reg[15]/D
                            (rising edge-triggered cell FDRE clocked by clk  {rise@0.000ns fall@5.000ns period=10.000ns})
  Path Group:             clk
  Path Type:              Setup (Max at Slow Process Corner)
  Requirement:            10.000ns  (clk rise@10.000ns - clk rise@0.000ns)
  Data Path Delay:        18.654ns  (logic 11.235ns (60.228%)  route 7.419ns (39.772%))
  Logic Levels:           25  (CARRY4=11 DSP48E1=2 LUT1=4 LUT3=2 LUT4=1 LUT5=2 LUT6=2 MUXF7=1)
  Clock Path Skew:        -0.039ns (DCD - SCD + CPR)
    Destination Clock Delay (DCD):    0.748ns = ( 10.748 - 10.000 )
    Source Clock Delay      (SCD):    0.787ns
    Clock Pessimism Removal (CPR):    0.000ns
  Clock Uncertainty:      0.035ns  ((TSJ^2 + TIJ^2)^1/2 + DJ) / 2 + PE
    Total System Jitter     (TSJ):    0.071ns
    Total Input Jitter      (TIJ):    0.000ns
    Discrete Jitter          (DJ):    0.000ns
    Phase Error              (PE):    0.000ns

    Location             Delay type                Incr(ns)  Path(ns)    Netlist Resource(s)
  -------------------------------------------------------------------    -------------------
                         (clock clk rise edge)        0.000     0.000 r
                                                      0.000     0.000 r  clk (IN)
                         net (fo=2352, unset)         0.787     0.787    tx_core/ifft/clk
                         FDRE                                         r  tx_core/ifft/stage_reg[2]/C
  -------------------------------------------------------------------    -------------------
                         FDRE (Prop_fdre_C_Q)         0.303     1.090 f  tx_core/ifft/stage_reg[2]/Q
                         net (fo=35, unplaced)        0.672     1.762    tx_core/ifft/butterfly/stage_reg[2]_1
                         LUT3 (Prop_lut3_I0_O)        0.232     1.994 r  tx_core/ifft/butterfly/group_base[2]_i_2/O
                         net (fo=2, unplaced)         0.593     2.587    tx_core/ifft/butterfly/half_size[0]
                         LUT6 (Prop_lut6_I1_O)        0.105     2.692 r  tx_core/ifft/butterfly/memory_re[62][15]_i_13/O
                         net (fo=347, unplaced)       0.499     3.191    tx_core/ifft/butterfly/butterfly_j_reg[0]_rep__1_0
                         MUXF7 (Prop_muxf7_S_O)       0.259     3.450 r  tx_core/ifft/butterfly/product_rr_i_87/O
                         net (fo=1, unplaced)         0.349     3.799    tx_core/ifft/butterfly/product_rr_i_87_n_0
                         LUT3 (Prop_lut3_I2_O)        0.242     4.041 r  tx_core/ifft/butterfly/product_rr_i_18/O
                         net (fo=1, unplaced)         0.582     4.623    tx_core/ifft/butterfly/product_rr_i_18_n_0
                         LUT6 (Prop_lut6_I1_O)        0.105     4.728 r  tx_core/ifft/butterfly/product_rr_i_1/O
                         net (fo=30, unplaced)        0.646     5.374    tx_core/ifft/butterfly/product_rr_i_1_n_0
                         DSP48E1 (Prop_dsp48e1_A[29]_PCOUT[47])
                                                      3.397     8.771 r  tx_core/ifft/butterfly/product_ri/PCOUT[47]
                         net (fo=1, unplaced)         0.055     8.826    tx_core/ifft/butterfly/product_ri_n_106
                         DSP48E1 (Prop_dsp48e1_PCIN[47]_P[0])
                                                      1.271    10.097 f  tx_core/ifft/butterfly/twiddle_imag_q30/P[0]
                         net (fo=1, unplaced)         0.646    10.742    tx_core/ifft/butterfly/twiddle_imag_q30_n_105
                         LUT1 (Prop_lut1_I0_O)        0.105    10.847 r  tx_core/ifft/butterfly/y1_im[2]_i_52/O
                         net (fo=1, unplaced)         0.258    11.105    tx_core/ifft/butterfly/y1_im[2]_i_52_n_0
                         CARRY4 (Prop_carry4_CYINIT_CO[3])
                                                      0.494    11.599 r  tx_core/ifft/butterfly/y1_im_reg[2]_i_47/CO[3]
                         net (fo=1, unplaced)         0.008    11.607    tx_core/ifft/butterfly/y1_im_reg[2]_i_47_n_0
                         CARRY4 (Prop_carry4_CI_CO[3])
                                                      0.100    11.707 r  tx_core/ifft/butterfly/y1_im_reg[2]_i_42/CO[3]
                         net (fo=1, unplaced)         0.000    11.707    tx_core/ifft/butterfly/y1_im_reg[2]_i_42_n_0
                         CARRY4 (Prop_carry4_CI_CO[3])
                                                      0.100    11.807 r  tx_core/ifft/butterfly/y1_im_reg[2]_i_37/CO[3]
                         net (fo=1, unplaced)         0.000    11.807    tx_core/ifft/butterfly/y1_im_reg[2]_i_37_n_0
                         CARRY4 (Prop_carry4_CI_O[2])
                                                      0.214    12.021 f  tx_core/ifft/butterfly/y1_im_reg[2]_i_17/O[2]
                         net (fo=4, unplaced)         0.373    12.394    tx_core_n_39
                         LUT1 (Prop_lut1_I0_O)        0.244    12.638 r  y1_im[6]_i_17/O
                         net (fo=1, unplaced)         0.258    12.896    y1_im[6]_i_17_n_0
                         CARRY4 (Prop_carry4_CYINIT_O[3])
                                                      0.561    13.457 r  y1_im_reg[6]_i_12/O[3]
                         net (fo=5, unplaced)         0.547    14.004    tx_core/ifft/butterfly/y1_im[6]_i_10_0[3]
                         LUT4 (Prop_lut4_I3_O)        0.250    14.254 r  tx_core/ifft/butterfly/y1_im[15]_i_61/O
                         net (fo=1, unplaced)         0.000    14.254    tx_core/ifft/butterfly/y1_im[15]_i_61_n_0
                         CARRY4 (Prop_carry4_S[0]_O[3])
                                                      0.505    14.759 f  tx_core/ifft/butterfly/y1_im_reg[15]_i_42/O[3]
                         net (fo=1, unplaced)         0.519    15.278    tx_core_n_106
                         LUT1 (Prop_lut1_I0_O)        0.250    15.528 r  y1_im[8]_i_8/O
                         net (fo=1, unplaced)         0.000    15.528    y1_im[8]_i_8_n_0
                         CARRY4 (Prop_carry4_S[3]_CO[3])
                                                      0.314    15.842 r  y1_im_reg[8]_i_7/CO[3]
                         net (fo=1, unplaced)         0.000    15.842    y1_im_reg[8]_i_7_n_0
                         CARRY4 (Prop_carry4_CI_O[3])
                                                      0.277    16.119 f  y1_im_reg[12]_i_7/O[3]
                         net (fo=1, unplaced)         0.519    16.638    y1_im_reg[12]_i_7_n_4
                         LUT1 (Prop_lut1_I0_O)        0.250    16.888 r  y1_im[12]_i_5/O
                         net (fo=1, unplaced)         0.000    16.888    y1_im[12]_i_5_n_0
                         CARRY4 (Prop_carry4_S[1]_CO[3])
                                                      0.444    17.332 r  y1_im_reg[12]_i_2/CO[3]
                         net (fo=1, unplaced)         0.000    17.332    y1_im_reg[12]_i_2_n_0
                         CARRY4 (Prop_carry4_CI_O[1])
                                                      0.269    17.601 r  y1_im_reg[15]_i_4/O[1]
                         net (fo=3, unplaced)         0.490    18.091    y1_im_reg[15]_i_4_n_6
                         LUT5 (Prop_lut5_I0_O)        0.245    18.336 r  y1_im[15]_i_29/O
                         net (fo=1, unplaced)         0.000    18.336    y1_im[15]_i_29_n_0
                         CARRY4 (Prop_carry4_S[0]_CO[2])
                                                      0.447    18.783 f  y1_im_reg[15]_i_6/CO[2]
                         net (fo=18, unplaced)        0.406    19.189    tx_core/ifft/butterfly/y1_im_reg[15]_2[0]
                         LUT5 (Prop_lut5_I4_O)        0.252    19.441 r  tx_core/ifft/butterfly/y1_im[15]_i_1/O
                         net (fo=1, unplaced)         0.000    19.441    tx_core/ifft/butterfly/y1_im[15]_i_1_n_0
                         FDRE                                         r  tx_core/ifft/butterfly/y1_im_reg[15]/D
  -------------------------------------------------------------------    -------------------

                         (clock clk rise edge)       10.000    10.000 r
                                                      0.000    10.000 r  clk (IN)
                         net (fo=2352, unset)         0.748    10.748    tx_core/ifft/butterfly/clk
                         FDRE                                         r  tx_core/ifft/butterfly/y1_im_reg[15]/C
                         clock pessimism              0.000    10.748
                         clock uncertainty           -0.035    10.712
                         FDRE (Setup_fdre_C_D)       -0.032    10.680    tx_core/ifft/butterfly/y1_im_reg[15]
  -------------------------------------------------------------------
                         required time                         10.680
                         arrival time                         -19.441
  -------------------------------------------------------------------
                         slack                                 -8.761

Slack (VIOLATED) :        -8.761ns  (required time - arrival time)
  Source:                 tx_core/ifft/stage_reg[2]/C
                            (rising edge-triggered cell FDRE clocked by clk  {rise@0.000ns fall@5.000ns period=10.000ns})
  Destination:            tx_core/ifft/butterfly/y1_re_reg[15]/D
                            (rising edge-triggered cell FDRE clocked by clk  {rise@0.000ns fall@5.000ns period=10.000ns})
  Path Group:             clk
  Path Type:              Setup (Max at Slow Process Corner)
  Requirement:            10.000ns  (clk rise@10.000ns - clk rise@0.000ns)
  Data Path Delay:        18.654ns  (logic 11.235ns (60.228%)  route 7.419ns (39.772%))
  Logic Levels:           25  (CARRY4=11 DSP48E1=2 LUT1=4 LUT3=2 LUT4=1 LUT5=2 LUT6=2 MUXF7=1)
  Clock Path Skew:        -0.039ns (DCD - SCD + CPR)
    Destination Clock Delay (DCD):    0.748ns = ( 10.748 - 10.000 )
    Source Clock Delay      (SCD):    0.787ns
    Clock Pessimism Removal (CPR):    0.000ns
  Clock Uncertainty:      0.035ns  ((TSJ^2 + TIJ^2)^1/2 + DJ) / 2 + PE
    Total System Jitter     (TSJ):    0.071ns
    Total Input Jitter      (TIJ):    0.000ns
    Discrete Jitter          (DJ):    0.000ns
    Phase Error              (PE):    0.000ns

    Location             Delay type                Incr(ns)  Path(ns)    Netlist Resource(s)
  -------------------------------------------------------------------    -------------------
                         (clock clk rise edge)        0.000     0.000 r
                                                      0.000     0.000 r  clk (IN)
                         net (fo=2352, unset)         0.787     0.787    tx_core/ifft/clk
                         FDRE                                         r  tx_core/ifft/stage_reg[2]/C
  -------------------------------------------------------------------    -------------------
                         FDRE (Prop_fdre_C_Q)         0.303     1.090 f  tx_core/ifft/stage_reg[2]/Q
                         net (fo=35, unplaced)        0.672     1.762    tx_core/ifft/butterfly/stage_reg[2]_1
                         LUT3 (Prop_lut3_I0_O)        0.232     1.994 r  tx_core/ifft/butterfly/group_base[2]_i_2/O
                         net (fo=2, unplaced)         0.593     2.587    tx_core/ifft/butterfly/half_size[0]
                         LUT6 (Prop_lut6_I1_O)        0.105     2.692 r  tx_core/ifft/butterfly/memory_re[62][15]_i_13/O
                         net (fo=347, unplaced)       0.499     3.191    tx_core/ifft/butterfly/butterfly_j_reg[0]_rep__1_0
                         MUXF7 (Prop_muxf7_S_O)       0.259     3.450 r  tx_core/ifft/butterfly/product_rr_i_87/O
                         net (fo=1, unplaced)         0.349     3.799    tx_core/ifft/butterfly/product_rr_i_87_n_0
                         LUT3 (Prop_lut3_I2_O)        0.242     4.041 r  tx_core/ifft/butterfly/product_rr_i_18/O
                         net (fo=1, unplaced)         0.582     4.623    tx_core/ifft/butterfly/product_rr_i_18_n_0
                         LUT6 (Prop_lut6_I1_O)        0.105     4.728 r  tx_core/ifft/butterfly/product_rr_i_1/O
                         net (fo=30, unplaced)        0.646     5.374    tx_core/ifft/butterfly/product_rr_i_1_n_0
                         DSP48E1 (Prop_dsp48e1_A[29]_PCOUT[47])
                                                      3.397     8.771 r  tx_core/ifft/butterfly/product_rr/PCOUT[47]
                         net (fo=1, unplaced)         0.055     8.826    tx_core/ifft/butterfly/product_rr_n_106
                         DSP48E1 (Prop_dsp48e1_PCIN[47]_P[0])
                                                      1.271    10.097 f  tx_core/ifft/butterfly/twiddle_real_q30/P[0]
                         net (fo=1, unplaced)         0.646    10.742    tx_core/ifft/butterfly/twiddle_real_q30_n_105
                         LUT1 (Prop_lut1_I0_O)        0.105    10.847 r  tx_core/ifft/butterfly/y1_re[2]_i_53/O
                         net (fo=1, unplaced)         0.258    11.105    tx_core/ifft/butterfly/y1_re[2]_i_53_n_0
                         CARRY4 (Prop_carry4_CYINIT_CO[3])
                                                      0.494    11.599 r  tx_core/ifft/butterfly/y1_re_reg[2]_i_48/CO[3]
                         net (fo=1, unplaced)         0.008    11.607    tx_core/ifft/butterfly/y1_re_reg[2]_i_48_n_0
                         CARRY4 (Prop_carry4_CI_CO[3])
                                                      0.100    11.707 r  tx_core/ifft/butterfly/y1_re_reg[2]_i_43/CO[3]
                         net (fo=1, unplaced)         0.000    11.707    tx_core/ifft/butterfly/y1_re_reg[2]_i_43_n_0
                         CARRY4 (Prop_carry4_CI_CO[3])
                                                      0.100    11.807 r  tx_core/ifft/butterfly/y1_re_reg[2]_i_38/CO[3]
                         net (fo=1, unplaced)         0.000    11.807    tx_core/ifft/butterfly/y1_re_reg[2]_i_38_n_0
                         CARRY4 (Prop_carry4_CI_O[2])
                                                      0.214    12.021 f  tx_core/ifft/butterfly/y1_re_reg[2]_i_19/O[2]
                         net (fo=4, unplaced)         0.373    12.394    ifft/butterfly/round_q30_to_q15_wide2[15]
                         LUT1 (Prop_lut1_I0_O)        0.244    12.638 r  y1_re[6]_i_17/O
                         net (fo=1, unplaced)         0.258    12.896    ifft/butterfly/p_0_in[0]
                         CARRY4 (Prop_carry4_CYINIT_O[3])
                                                      0.561    13.457 r  y1_re_reg[6]_i_12/O[3]
                         net (fo=5, unplaced)         0.547    14.004    tx_core/ifft/butterfly/round_q30_to_q15_wide0[3]
                         LUT4 (Prop_lut4_I3_O)        0.250    14.254 r  tx_core/ifft/butterfly/y1_re[15]_i_61/O
                         net (fo=1, unplaced)         0.000    14.254    tx_core/ifft/butterfly/y1_re[15]_i_61_n_0
                         CARRY4 (Prop_carry4_S[0]_O[3])
                                                      0.505    14.759 f  tx_core/ifft/butterfly/y1_re_reg[15]_i_42/O[3]
                         net (fo=1, unplaced)         0.519    15.278    tx_core_n_83
                         LUT1 (Prop_lut1_I0_O)        0.250    15.528 r  y1_re[8]_i_8/O
                         net (fo=1, unplaced)         0.000    15.528    y1_re[8]_i_8_n_0
                         CARRY4 (Prop_carry4_S[3]_CO[3])
                                                      0.314    15.842 r  y1_re_reg[8]_i_7/CO[3]
                         net (fo=1, unplaced)         0.000    15.842    y1_re_reg[8]_i_7_n_0
                         CARRY4 (Prop_carry4_CI_O[3])
                                                      0.277    16.119 f  y1_re_reg[12]_i_7/O[3]
                         net (fo=1, unplaced)         0.519    16.638    y1_re_reg[12]_i_7_n_4
                         LUT1 (Prop_lut1_I0_O)        0.250    16.888 r  y1_re[12]_i_5/O
                         net (fo=1, unplaced)         0.000    16.888    y1_re[12]_i_5_n_0
                         CARRY4 (Prop_carry4_S[1]_CO[3])
                                                      0.444    17.332 r  y1_re_reg[12]_i_2/CO[3]
                         net (fo=1, unplaced)         0.000    17.332    y1_re_reg[12]_i_2_n_0
                         CARRY4 (Prop_carry4_CI_O[1])
                                                      0.269    17.601 r  y1_re_reg[15]_i_4/O[1]
                         net (fo=3, unplaced)         0.490    18.091    y1_re_reg[15]_i_4_n_6
                         LUT5 (Prop_lut5_I0_O)        0.245    18.336 r  y1_re[15]_i_29/O
                         net (fo=1, unplaced)         0.000    18.336    y1_re[15]_i_29_n_0
                         CARRY4 (Prop_carry4_S[0]_CO[2])
                                                      0.447    18.783 f  y1_re_reg[15]_i_6/CO[2]
                         net (fo=18, unplaced)        0.406    19.189    tx_core/ifft/butterfly/y1_re_reg[15]_2[0]
                         LUT5 (Prop_lut5_I4_O)        0.252    19.441 r  tx_core/ifft/butterfly/y1_re[15]_i_1/O
                         net (fo=1, unplaced)         0.000    19.441    tx_core/ifft/butterfly/y1_re[15]_i_1_n_0
                         FDRE                                         r  tx_core/ifft/butterfly/y1_re_reg[15]/D
  -------------------------------------------------------------------    -------------------

                         (clock clk rise edge)       10.000    10.000 r
                                                      0.000    10.000 r  clk (IN)
                         net (fo=2352, unset)         0.748    10.748    tx_core/ifft/butterfly/clk
                         FDRE                                         r  tx_core/ifft/butterfly/y1_re_reg[15]/C
                         clock pessimism              0.000    10.748
                         clock uncertainty           -0.035    10.712
                         FDRE (Setup_fdre_C_D)       -0.032    10.680    tx_core/ifft/butterfly/y1_re_reg[15]
  -------------------------------------------------------------------
                         required time                         10.680
                         arrival time                         -19.441
  -------------------------------------------------------------------
                         slack                                 -8.761

Slack (VIOLATED) :        -8.755ns  (required time - arrival time)
  Source:                 tx_core/ifft/stage_reg[2]/C
                            (rising edge-triggered cell FDRE clocked by clk  {rise@0.000ns fall@5.000ns period=10.000ns})
  Destination:            tx_core/ifft/butterfly/y0_re_reg[0]/D
                            (rising edge-triggered cell FDRE clocked by clk  {rise@0.000ns fall@5.000ns period=10.000ns})
  Path Group:             clk
  Path Type:              Setup (Max at Slow Process Corner)
  Requirement:            10.000ns  (clk rise@10.000ns - clk rise@0.000ns)
  Data Path Delay:        18.648ns  (logic 11.235ns (60.247%)  route 7.413ns (39.753%))
  Logic Levels:           25  (CARRY4=11 DSP48E1=2 LUT1=4 LUT3=2 LUT4=1 LUT5=2 LUT6=2 MUXF7=1)
  Clock Path Skew:        -0.039ns (DCD - SCD + CPR)
    Destination Clock Delay (DCD):    0.748ns = ( 10.748 - 10.000 )
    Source Clock Delay      (SCD):    0.787ns
    Clock Pessimism Removal (CPR):    0.000ns
  Clock Uncertainty:      0.035ns  ((TSJ^2 + TIJ^2)^1/2 + DJ) / 2 + PE
    Total System Jitter     (TSJ):    0.071ns
    Total Input Jitter      (TIJ):    0.000ns
    Discrete Jitter          (DJ):    0.000ns
    Phase Error              (PE):    0.000ns

    Location             Delay type                Incr(ns)  Path(ns)    Netlist Resource(s)
  -------------------------------------------------------------------    -------------------
                         (clock clk rise edge)        0.000     0.000 r
                                                      0.000     0.000 r  clk (IN)
                         net (fo=2352, unset)         0.787     0.787    tx_core/ifft/clk
                         FDRE                                         r  tx_core/ifft/stage_reg[2]/C
  -------------------------------------------------------------------    -------------------
                         FDRE (Prop_fdre_C_Q)         0.303     1.090 f  tx_core/ifft/stage_reg[2]/Q
                         net (fo=35, unplaced)        0.672     1.762    tx_core/ifft/butterfly/stage_reg[2]_1
                         LUT3 (Prop_lut3_I0_O)        0.232     1.994 r  tx_core/ifft/butterfly/group_base[2]_i_2/O
                         net (fo=2, unplaced)         0.593     2.587    tx_core/ifft/butterfly/half_size[0]
                         LUT6 (Prop_lut6_I1_O)        0.105     2.692 r  tx_core/ifft/butterfly/memory_re[62][15]_i_13/O
                         net (fo=347, unplaced)       0.499     3.191    tx_core/ifft/butterfly/butterfly_j_reg[0]_rep__1_0
                         MUXF7 (Prop_muxf7_S_O)       0.259     3.450 r  tx_core/ifft/butterfly/product_rr_i_87/O
                         net (fo=1, unplaced)         0.349     3.799    tx_core/ifft/butterfly/product_rr_i_87_n_0
                         LUT3 (Prop_lut3_I2_O)        0.242     4.041 r  tx_core/ifft/butterfly/product_rr_i_18/O
                         net (fo=1, unplaced)         0.582     4.623    tx_core/ifft/butterfly/product_rr_i_18_n_0
                         LUT6 (Prop_lut6_I1_O)        0.105     4.728 r  tx_core/ifft/butterfly/product_rr_i_1/O
                         net (fo=30, unplaced)        0.646     5.374    tx_core/ifft/butterfly/product_rr_i_1_n_0
                         DSP48E1 (Prop_dsp48e1_A[29]_PCOUT[47])
                                                      3.397     8.771 r  tx_core/ifft/butterfly/product_rr/PCOUT[47]
                         net (fo=1, unplaced)         0.055     8.826    tx_core/ifft/butterfly/product_rr_n_106
                         DSP48E1 (Prop_dsp48e1_PCIN[47]_P[0])
                                                      1.271    10.097 f  tx_core/ifft/butterfly/twiddle_real_q30/P[0]
                         net (fo=1, unplaced)         0.646    10.742    tx_core/ifft/butterfly/twiddle_real_q30_n_105
                         LUT1 (Prop_lut1_I0_O)        0.105    10.847 r  tx_core/ifft/butterfly/y1_re[2]_i_53/O
                         net (fo=1, unplaced)         0.258    11.105    tx_core/ifft/butterfly/y1_re[2]_i_53_n_0
                         CARRY4 (Prop_carry4_CYINIT_CO[3])
                                                      0.494    11.599 r  tx_core/ifft/butterfly/y1_re_reg[2]_i_48/CO[3]
                         net (fo=1, unplaced)         0.008    11.607    tx_core/ifft/butterfly/y1_re_reg[2]_i_48_n_0
                         CARRY4 (Prop_carry4_CI_CO[3])
                                                      0.100    11.707 r  tx_core/ifft/butterfly/y1_re_reg[2]_i_43/CO[3]
                         net (fo=1, unplaced)         0.000    11.707    tx_core/ifft/butterfly/y1_re_reg[2]_i_43_n_0
                         CARRY4 (Prop_carry4_CI_CO[3])
                                                      0.100    11.807 r  tx_core/ifft/butterfly/y1_re_reg[2]_i_38/CO[3]
                         net (fo=1, unplaced)         0.000    11.807    tx_core/ifft/butterfly/y1_re_reg[2]_i_38_n_0
                         CARRY4 (Prop_carry4_CI_O[2])
                                                      0.214    12.021 f  tx_core/ifft/butterfly/y1_re_reg[2]_i_19/O[2]
                         net (fo=4, unplaced)         0.373    12.394    ifft/butterfly/round_q30_to_q15_wide2[15]
                         LUT1 (Prop_lut1_I0_O)        0.244    12.638 r  y1_re[6]_i_17/O
                         net (fo=1, unplaced)         0.258    12.896    ifft/butterfly/p_0_in[0]
                         CARRY4 (Prop_carry4_CYINIT_O[3])
                                                      0.561    13.457 r  y1_re_reg[6]_i_12/O[3]
                         net (fo=5, unplaced)         0.547    14.004    tx_core/ifft/butterfly/round_q30_to_q15_wide0[3]
                         LUT4 (Prop_lut4_I0_O)        0.250    14.254 r  tx_core/ifft/butterfly/y0_re[7]_i_11/O
                         net (fo=1, unplaced)         0.000    14.254    tx_core/ifft/butterfly/y0_re[7]_i_11_n_0
                         CARRY4 (Prop_carry4_S[0]_O[3])
                                                      0.505    14.759 f  tx_core/ifft/butterfly/y0_re_reg[7]_i_3/O[3]
                         net (fo=2, unplaced)         0.530    15.289    ifft/butterfly/value[7]
                         LUT1 (Prop_lut1_I0_O)        0.250    15.539 r  y0_re[8]_i_8/O
                         net (fo=1, unplaced)         0.000    15.539    y0_re[8]_i_8_n_0
                         CARRY4 (Prop_carry4_S[3]_CO[3])
                                                      0.314    15.853 r  y0_re_reg[8]_i_7/CO[3]
                         net (fo=1, unplaced)         0.000    15.853    y0_re_reg[8]_i_7_n_0
                         CARRY4 (Prop_carry4_CI_O[3])
                                                      0.277    16.130 f  y0_re_reg[12]_i_7/O[3]
                         net (fo=1, unplaced)         0.519    16.649    ifft/butterfly/round_div2_away2[11]
                         LUT1 (Prop_lut1_I0_O)        0.250    16.899 r  y0_re[12]_i_5/O
                         net (fo=1, unplaced)         0.000    16.899    y0_re[12]_i_5_n_0
                         CARRY4 (Prop_carry4_S[1]_CO[3])
                                                      0.444    17.343 r  y0_re_reg[12]_i_2/CO[3]
                         net (fo=1, unplaced)         0.000    17.343    y0_re_reg[12]_i_2_n_0
                         CARRY4 (Prop_carry4_CI_O[1])
                                                      0.269    17.612 r  y0_re_reg[15]_i_4/O[1]
                         net (fo=3, unplaced)         0.490    18.102    tx_core/ifft/butterfly/round_div2_away0[13]
                         LUT5 (Prop_lut5_I0_O)        0.245    18.347 r  tx_core/ifft/butterfly/y0_re[15]_i_25/O
                         net (fo=1, unplaced)         0.000    18.347    tx_core/ifft/butterfly/y0_re[15]_i_25_n_0
                         CARRY4 (Prop_carry4_S[0]_CO[2])
                                                      0.447    18.794 r  tx_core/ifft/butterfly/y0_re_reg[15]_i_6/CO[2]
                         net (fo=19, unplaced)        0.389    19.183    tx_core/ifft/butterfly/saturate_q1518_in
                         LUT5 (Prop_lut5_I0_O)        0.252    19.435 r  tx_core/ifft/butterfly/y0_re[0]_i_1/O
                         net (fo=1, unplaced)         0.000    19.435    tx_core/ifft/butterfly/saturate_q15_return[0]
                         FDRE                                         r  tx_core/ifft/butterfly/y0_re_reg[0]/D
  -------------------------------------------------------------------    -------------------

                         (clock clk rise edge)       10.000    10.000 r
                                                      0.000    10.000 r  clk (IN)
                         net (fo=2352, unset)         0.748    10.748    tx_core/ifft/butterfly/clk
                         FDRE                                         r  tx_core/ifft/butterfly/y0_re_reg[0]/C
                         clock pessimism              0.000    10.748
                         clock uncertainty           -0.035    10.712
                         FDRE (Setup_fdre_C_D)       -0.032    10.680    tx_core/ifft/butterfly/y0_re_reg[0]
  -------------------------------------------------------------------
                         required time                         10.680
                         arrival time                         -19.435
  -------------------------------------------------------------------
                         slack                                 -8.755

Slack (VIOLATED) :        -8.755ns  (required time - arrival time)
  Source:                 tx_core/ifft/stage_reg[2]/C
                            (rising edge-triggered cell FDRE clocked by clk  {rise@0.000ns fall@5.000ns period=10.000ns})
  Destination:            tx_core/ifft/butterfly/y0_re_reg[10]/D
                            (rising edge-triggered cell FDRE clocked by clk  {rise@0.000ns fall@5.000ns period=10.000ns})
  Path Group:             clk
  Path Type:              Setup (Max at Slow Process Corner)
  Requirement:            10.000ns  (clk rise@10.000ns - clk rise@0.000ns)
  Data Path Delay:        18.648ns  (logic 11.235ns (60.247%)  route 7.413ns (39.753%))
  Logic Levels:           25  (CARRY4=11 DSP48E1=2 LUT1=4 LUT3=2 LUT4=1 LUT5=2 LUT6=2 MUXF7=1)
  Clock Path Skew:        -0.039ns (DCD - SCD + CPR)
    Destination Clock Delay (DCD):    0.748ns = ( 10.748 - 10.000 )
    Source Clock Delay      (SCD):    0.787ns
    Clock Pessimism Removal (CPR):    0.000ns
  Clock Uncertainty:      0.035ns  ((TSJ^2 + TIJ^2)^1/2 + DJ) / 2 + PE
    Total System Jitter     (TSJ):    0.071ns
    Total Input Jitter      (TIJ):    0.000ns
    Discrete Jitter          (DJ):    0.000ns
    Phase Error              (PE):    0.000ns

    Location             Delay type                Incr(ns)  Path(ns)    Netlist Resource(s)
  -------------------------------------------------------------------    -------------------
                         (clock clk rise edge)        0.000     0.000 r
                                                      0.000     0.000 r  clk (IN)
                         net (fo=2352, unset)         0.787     0.787    tx_core/ifft/clk
                         FDRE                                         r  tx_core/ifft/stage_reg[2]/C
  -------------------------------------------------------------------    -------------------
                         FDRE (Prop_fdre_C_Q)         0.303     1.090 f  tx_core/ifft/stage_reg[2]/Q
                         net (fo=35, unplaced)        0.672     1.762    tx_core/ifft/butterfly/stage_reg[2]_1
                         LUT3 (Prop_lut3_I0_O)        0.232     1.994 r  tx_core/ifft/butterfly/group_base[2]_i_2/O
                         net (fo=2, unplaced)         0.593     2.587    tx_core/ifft/butterfly/half_size[0]
                         LUT6 (Prop_lut6_I1_O)        0.105     2.692 r  tx_core/ifft/butterfly/memory_re[62][15]_i_13/O
                         net (fo=347, unplaced)       0.499     3.191    tx_core/ifft/butterfly/butterfly_j_reg[0]_rep__1_0
                         MUXF7 (Prop_muxf7_S_O)       0.259     3.450 r  tx_core/ifft/butterfly/product_rr_i_87/O
                         net (fo=1, unplaced)         0.349     3.799    tx_core/ifft/butterfly/product_rr_i_87_n_0
                         LUT3 (Prop_lut3_I2_O)        0.242     4.041 r  tx_core/ifft/butterfly/product_rr_i_18/O
                         net (fo=1, unplaced)         0.582     4.623    tx_core/ifft/butterfly/product_rr_i_18_n_0
                         LUT6 (Prop_lut6_I1_O)        0.105     4.728 r  tx_core/ifft/butterfly/product_rr_i_1/O
                         net (fo=30, unplaced)        0.646     5.374    tx_core/ifft/butterfly/product_rr_i_1_n_0
                         DSP48E1 (Prop_dsp48e1_A[29]_PCOUT[47])
                                                      3.397     8.771 r  tx_core/ifft/butterfly/product_rr/PCOUT[47]
                         net (fo=1, unplaced)         0.055     8.826    tx_core/ifft/butterfly/product_rr_n_106
                         DSP48E1 (Prop_dsp48e1_PCIN[47]_P[0])
                                                      1.271    10.097 f  tx_core/ifft/butterfly/twiddle_real_q30/P[0]
                         net (fo=1, unplaced)         0.646    10.742    tx_core/ifft/butterfly/twiddle_real_q30_n_105
                         LUT1 (Prop_lut1_I0_O)        0.105    10.847 r  tx_core/ifft/butterfly/y1_re[2]_i_53/O
                         net (fo=1, unplaced)         0.258    11.105    tx_core/ifft/butterfly/y1_re[2]_i_53_n_0
                         CARRY4 (Prop_carry4_CYINIT_CO[3])
                                                      0.494    11.599 r  tx_core/ifft/butterfly/y1_re_reg[2]_i_48/CO[3]
                         net (fo=1, unplaced)         0.008    11.607    tx_core/ifft/butterfly/y1_re_reg[2]_i_48_n_0
                         CARRY4 (Prop_carry4_CI_CO[3])
                                                      0.100    11.707 r  tx_core/ifft/butterfly/y1_re_reg[2]_i_43/CO[3]
                         net (fo=1, unplaced)         0.000    11.707    tx_core/ifft/butterfly/y1_re_reg[2]_i_43_n_0
                         CARRY4 (Prop_carry4_CI_CO[3])
                                                      0.100    11.807 r  tx_core/ifft/butterfly/y1_re_reg[2]_i_38/CO[3]
                         net (fo=1, unplaced)         0.000    11.807    tx_core/ifft/butterfly/y1_re_reg[2]_i_38_n_0
                         CARRY4 (Prop_carry4_CI_O[2])
                                                      0.214    12.021 f  tx_core/ifft/butterfly/y1_re_reg[2]_i_19/O[2]
                         net (fo=4, unplaced)         0.373    12.394    ifft/butterfly/round_q30_to_q15_wide2[15]
                         LUT1 (Prop_lut1_I0_O)        0.244    12.638 r  y1_re[6]_i_17/O
                         net (fo=1, unplaced)         0.258    12.896    ifft/butterfly/p_0_in[0]
                         CARRY4 (Prop_carry4_CYINIT_O[3])
                                                      0.561    13.457 r  y1_re_reg[6]_i_12/O[3]
                         net (fo=5, unplaced)         0.547    14.004    tx_core/ifft/butterfly/round_q30_to_q15_wide0[3]
                         LUT4 (Prop_lut4_I0_O)        0.250    14.254 r  tx_core/ifft/butterfly/y0_re[7]_i_11/O
                         net (fo=1, unplaced)         0.000    14.254    tx_core/ifft/butterfly/y0_re[7]_i_11_n_0
                         CARRY4 (Prop_carry4_S[0]_O[3])
                                                      0.505    14.759 f  tx_core/ifft/butterfly/y0_re_reg[7]_i_3/O[3]
                         net (fo=2, unplaced)         0.530    15.289    ifft/butterfly/value[7]
                         LUT1 (Prop_lut1_I0_O)        0.250    15.539 r  y0_re[8]_i_8/O
                         net (fo=1, unplaced)         0.000    15.539    y0_re[8]_i_8_n_0
                         CARRY4 (Prop_carry4_S[3]_CO[3])
                                                      0.314    15.853 r  y0_re_reg[8]_i_7/CO[3]
                         net (fo=1, unplaced)         0.000    15.853    y0_re_reg[8]_i_7_n_0
                         CARRY4 (Prop_carry4_CI_O[3])
                                                      0.277    16.130 f  y0_re_reg[12]_i_7/O[3]
                         net (fo=1, unplaced)         0.519    16.649    ifft/butterfly/round_div2_away2[11]
                         LUT1 (Prop_lut1_I0_O)        0.250    16.899 r  y0_re[12]_i_5/O
                         net (fo=1, unplaced)         0.000    16.899    y0_re[12]_i_5_n_0
                         CARRY4 (Prop_carry4_S[1]_CO[3])
                                                      0.444    17.343 r  y0_re_reg[12]_i_2/CO[3]
                         net (fo=1, unplaced)         0.000    17.343    y0_re_reg[12]_i_2_n_0
                         CARRY4 (Prop_carry4_CI_O[1])
                                                      0.269    17.612 r  y0_re_reg[15]_i_4/O[1]
                         net (fo=3, unplaced)         0.490    18.102    tx_core/ifft/butterfly/round_div2_away0[13]
                         LUT5 (Prop_lut5_I0_O)        0.245    18.347 r  tx_core/ifft/butterfly/y0_re[15]_i_25/O
                         net (fo=1, unplaced)         0.000    18.347    tx_core/ifft/butterfly/y0_re[15]_i_25_n_0
                         CARRY4 (Prop_carry4_S[0]_CO[2])
                                                      0.447    18.794 r  tx_core/ifft/butterfly/y0_re_reg[15]_i_6/CO[2]
                         net (fo=19, unplaced)        0.389    19.183    tx_core/ifft/butterfly/saturate_q1518_in
                         LUT5 (Prop_lut5_I0_O)        0.252    19.435 r  tx_core/ifft/butterfly/y0_re[10]_i_1/O
                         net (fo=1, unplaced)         0.000    19.435    tx_core/ifft/butterfly/saturate_q15_return[10]
                         FDRE                                         r  tx_core/ifft/butterfly/y0_re_reg[10]/D
  -------------------------------------------------------------------    -------------------

                         (clock clk rise edge)       10.000    10.000 r
                                                      0.000    10.000 r  clk (IN)
                         net (fo=2352, unset)         0.748    10.748    tx_core/ifft/butterfly/clk
                         FDRE                                         r  tx_core/ifft/butterfly/y0_re_reg[10]/C
                         clock pessimism              0.000    10.748
                         clock uncertainty           -0.035    10.712
                         FDRE (Setup_fdre_C_D)       -0.032    10.680    tx_core/ifft/butterfly/y0_re_reg[10]
  -------------------------------------------------------------------
                         required time                         10.680
                         arrival time                         -19.435
  -------------------------------------------------------------------
                         slack                                 -8.755

Slack (VIOLATED) :        -8.755ns  (required time - arrival time)
  Source:                 tx_core/ifft/stage_reg[2]/C
                            (rising edge-triggered cell FDRE clocked by clk  {rise@0.000ns fall@5.000ns period=10.000ns})
  Destination:            tx_core/ifft/butterfly/y0_re_reg[11]/D
                            (rising edge-triggered cell FDRE clocked by clk  {rise@0.000ns fall@5.000ns period=10.000ns})
  Path Group:             clk
  Path Type:              Setup (Max at Slow Process Corner)
  Requirement:            10.000ns  (clk rise@10.000ns - clk rise@0.000ns)
  Data Path Delay:        18.648ns  (logic 11.235ns (60.247%)  route 7.413ns (39.753%))
  Logic Levels:           25  (CARRY4=11 DSP48E1=2 LUT1=4 LUT3=2 LUT4=1 LUT5=2 LUT6=2 MUXF7=1)
  Clock Path Skew:        -0.039ns (DCD - SCD + CPR)
    Destination Clock Delay (DCD):    0.748ns = ( 10.748 - 10.000 )
    Source Clock Delay      (SCD):    0.787ns
    Clock Pessimism Removal (CPR):    0.000ns
  Clock Uncertainty:      0.035ns  ((TSJ^2 + TIJ^2)^1/2 + DJ) / 2 + PE
    Total System Jitter     (TSJ):    0.071ns
    Total Input Jitter      (TIJ):    0.000ns
    Discrete Jitter          (DJ):    0.000ns
    Phase Error              (PE):    0.000ns

    Location             Delay type                Incr(ns)  Path(ns)    Netlist Resource(s)
  -------------------------------------------------------------------    -------------------
                         (clock clk rise edge)        0.000     0.000 r
                                                      0.000     0.000 r  clk (IN)
                         net (fo=2352, unset)         0.787     0.787    tx_core/ifft/clk
                         FDRE                                         r  tx_core/ifft/stage_reg[2]/C
  -------------------------------------------------------------------    -------------------
                         FDRE (Prop_fdre_C_Q)         0.303     1.090 f  tx_core/ifft/stage_reg[2]/Q
                         net (fo=35, unplaced)        0.672     1.762    tx_core/ifft/butterfly/stage_reg[2]_1
                         LUT3 (Prop_lut3_I0_O)        0.232     1.994 r  tx_core/ifft/butterfly/group_base[2]_i_2/O
                         net (fo=2, unplaced)         0.593     2.587    tx_core/ifft/butterfly/half_size[0]
                         LUT6 (Prop_lut6_I1_O)        0.105     2.692 r  tx_core/ifft/butterfly/memory_re[62][15]_i_13/O
                         net (fo=347, unplaced)       0.499     3.191    tx_core/ifft/butterfly/butterfly_j_reg[0]_rep__1_0
                         MUXF7 (Prop_muxf7_S_O)       0.259     3.450 r  tx_core/ifft/butterfly/product_rr_i_87/O
                         net (fo=1, unplaced)         0.349     3.799    tx_core/ifft/butterfly/product_rr_i_87_n_0
                         LUT3 (Prop_lut3_I2_O)        0.242     4.041 r  tx_core/ifft/butterfly/product_rr_i_18/O
                         net (fo=1, unplaced)         0.582     4.623    tx_core/ifft/butterfly/product_rr_i_18_n_0
                         LUT6 (Prop_lut6_I1_O)        0.105     4.728 r  tx_core/ifft/butterfly/product_rr_i_1/O
                         net (fo=30, unplaced)        0.646     5.374    tx_core/ifft/butterfly/product_rr_i_1_n_0
                         DSP48E1 (Prop_dsp48e1_A[29]_PCOUT[47])
                                                      3.397     8.771 r  tx_core/ifft/butterfly/product_rr/PCOUT[47]
                         net (fo=1, unplaced)         0.055     8.826    tx_core/ifft/butterfly/product_rr_n_106
                         DSP48E1 (Prop_dsp48e1_PCIN[47]_P[0])
                                                      1.271    10.097 f  tx_core/ifft/butterfly/twiddle_real_q30/P[0]
                         net (fo=1, unplaced)         0.646    10.742    tx_core/ifft/butterfly/twiddle_real_q30_n_105
                         LUT1 (Prop_lut1_I0_O)        0.105    10.847 r  tx_core/ifft/butterfly/y1_re[2]_i_53/O
                         net (fo=1, unplaced)         0.258    11.105    tx_core/ifft/butterfly/y1_re[2]_i_53_n_0
                         CARRY4 (Prop_carry4_CYINIT_CO[3])
                                                      0.494    11.599 r  tx_core/ifft/butterfly/y1_re_reg[2]_i_48/CO[3]
                         net (fo=1, unplaced)         0.008    11.607    tx_core/ifft/butterfly/y1_re_reg[2]_i_48_n_0
                         CARRY4 (Prop_carry4_CI_CO[3])
                                                      0.100    11.707 r  tx_core/ifft/butterfly/y1_re_reg[2]_i_43/CO[3]
                         net (fo=1, unplaced)         0.000    11.707    tx_core/ifft/butterfly/y1_re_reg[2]_i_43_n_0
                         CARRY4 (Prop_carry4_CI_CO[3])
                                                      0.100    11.807 r  tx_core/ifft/butterfly/y1_re_reg[2]_i_38/CO[3]
                         net (fo=1, unplaced)         0.000    11.807    tx_core/ifft/butterfly/y1_re_reg[2]_i_38_n_0
                         CARRY4 (Prop_carry4_CI_O[2])
                                                      0.214    12.021 f  tx_core/ifft/butterfly/y1_re_reg[2]_i_19/O[2]
                         net (fo=4, unplaced)         0.373    12.394    ifft/butterfly/round_q30_to_q15_wide2[15]
                         LUT1 (Prop_lut1_I0_O)        0.244    12.638 r  y1_re[6]_i_17/O
                         net (fo=1, unplaced)         0.258    12.896    ifft/butterfly/p_0_in[0]
                         CARRY4 (Prop_carry4_CYINIT_O[3])
                                                      0.561    13.457 r  y1_re_reg[6]_i_12/O[3]
                         net (fo=5, unplaced)         0.547    14.004    tx_core/ifft/butterfly/round_q30_to_q15_wide0[3]
                         LUT4 (Prop_lut4_I0_O)        0.250    14.254 r  tx_core/ifft/butterfly/y0_re[7]_i_11/O
                         net (fo=1, unplaced)         0.000    14.254    tx_core/ifft/butterfly/y0_re[7]_i_11_n_0
                         CARRY4 (Prop_carry4_S[0]_O[3])
                                                      0.505    14.759 f  tx_core/ifft/butterfly/y0_re_reg[7]_i_3/O[3]
                         net (fo=2, unplaced)         0.530    15.289    ifft/butterfly/value[7]
                         LUT1 (Prop_lut1_I0_O)        0.250    15.539 r  y0_re[8]_i_8/O
                         net (fo=1, unplaced)         0.000    15.539    y0_re[8]_i_8_n_0
                         CARRY4 (Prop_carry4_S[3]_CO[3])
                                                      0.314    15.853 r  y0_re_reg[8]_i_7/CO[3]
                         net (fo=1, unplaced)         0.000    15.853    y0_re_reg[8]_i_7_n_0
                         CARRY4 (Prop_carry4_CI_O[3])
                                                      0.277    16.130 f  y0_re_reg[12]_i_7/O[3]
                         net (fo=1, unplaced)         0.519    16.649    ifft/butterfly/round_div2_away2[11]
                         LUT1 (Prop_lut1_I0_O)        0.250    16.899 r  y0_re[12]_i_5/O
                         net (fo=1, unplaced)         0.000    16.899    y0_re[12]_i_5_n_0
                         CARRY4 (Prop_carry4_S[1]_CO[3])
                                                      0.444    17.343 r  y0_re_reg[12]_i_2/CO[3]
                         net (fo=1, unplaced)         0.000    17.343    y0_re_reg[12]_i_2_n_0
                         CARRY4 (Prop_carry4_CI_O[1])
                                                      0.269    17.612 r  y0_re_reg[15]_i_4/O[1]
                         net (fo=3, unplaced)         0.490    18.102    tx_core/ifft/butterfly/round_div2_away0[13]
                         LUT5 (Prop_lut5_I0_O)        0.245    18.347 r  tx_core/ifft/butterfly/y0_re[15]_i_25/O
                         net (fo=1, unplaced)         0.000    18.347    tx_core/ifft/butterfly/y0_re[15]_i_25_n_0
                         CARRY4 (Prop_carry4_S[0]_CO[2])
                                                      0.447    18.794 r  tx_core/ifft/butterfly/y0_re_reg[15]_i_6/CO[2]
                         net (fo=19, unplaced)        0.389    19.183    tx_core/ifft/butterfly/saturate_q1518_in
                         LUT5 (Prop_lut5_I0_O)        0.252    19.435 r  tx_core/ifft/butterfly/y0_re[11]_i_1/O
                         net (fo=1, unplaced)         0.000    19.435    tx_core/ifft/butterfly/saturate_q15_return[11]
                         FDRE                                         r  tx_core/ifft/butterfly/y0_re_reg[11]/D
  -------------------------------------------------------------------    -------------------

                         (clock clk rise edge)       10.000    10.000 r
                                                      0.000    10.000 r  clk (IN)
                         net (fo=2352, unset)         0.748    10.748    tx_core/ifft/butterfly/clk
                         FDRE                                         r  tx_core/ifft/butterfly/y0_re_reg[11]/C
                         clock pessimism              0.000    10.748
                         clock uncertainty           -0.035    10.712
                         FDRE (Setup_fdre_C_D)       -0.032    10.680    tx_core/ifft/butterfly/y0_re_reg[11]
  -------------------------------------------------------------------
                         required time                         10.680
                         arrival time                         -19.435
  -------------------------------------------------------------------
                         slack                                 -8.755





Pulse Width Checks
--------------------------------------------------------------------------------------
Clock Name:         clk
Waveform(ns):       { 0.000 5.000 }
Period(ns):         10.000
Sources:            { clk }

Check Type        Corner  Lib Pin      Reference Pin  Required(ns)  Actual(ns)  Slack(ns)  Location  Pin
Min Period        n/a     FDRE/C       n/a            1.000         10.000      9.000                accepted_data_count_reg[0]/C
Min Period        n/a     FDRE/C       n/a            1.000         10.000      9.000                accepted_data_count_reg[1]/C
Min Period        n/a     FDRE/C       n/a            1.000         10.000      9.000                accepted_data_count_reg[2]/C
Min Period        n/a     FDRE/C       n/a            1.000         10.000      9.000                accepted_data_count_reg[3]/C
Min Period        n/a     FDRE/C       n/a            1.000         10.000      9.000                accepted_data_count_reg[4]/C
Min Period        n/a     FDRE/C       n/a            1.000         10.000      9.000                accepted_data_count_reg[5]/C
Min Period        n/a     FDRE/C       n/a            1.000         10.000      9.000                frame_locked_reg/C
Min Period        n/a     FDRE/C       n/a            1.000         10.000      9.000                cp16/frame_error_reg_reg/C
Min Period        n/a     FDRE/C       n/a            1.000         10.000      9.000                cp16/input_index_reg[0]/C
Min Period        n/a     FDRE/C       n/a            1.000         10.000      9.000                cp16/input_index_reg[1]/C
Low Pulse Width   Slow    RAMD64E/CLK  n/a            1.130         5.000       3.870                cp16/sample_im_mem_reg_0_63_0_2/RAMA/CLK
Low Pulse Width   Fast    RAMD64E/CLK  n/a            1.130         5.000       3.870                cp16/sample_im_mem_reg_0_63_0_2/RAMA/CLK
Low Pulse Width   Slow    RAMD64E/CLK  n/a            1.130         5.000       3.870                cp16/sample_im_mem_reg_0_63_0_2/RAMB/CLK
Low Pulse Width   Fast    RAMD64E/CLK  n/a            1.130         5.000       3.870                cp16/sample_im_mem_reg_0_63_0_2/RAMB/CLK
Low Pulse Width   Slow    RAMD64E/CLK  n/a            1.130         5.000       3.870                cp16/sample_im_mem_reg_0_63_0_2/RAMC/CLK
Low Pulse Width   Fast    RAMD64E/CLK  n/a            1.130         5.000       3.870                cp16/sample_im_mem_reg_0_63_0_2/RAMC/CLK
Low Pulse Width   Slow    RAMD64E/CLK  n/a            1.130         5.000       3.870                cp16/sample_im_mem_reg_0_63_0_2/RAMD/CLK
Low Pulse Width   Fast    RAMD64E/CLK  n/a            1.130         5.000       3.870                cp16/sample_im_mem_reg_0_63_0_2/RAMD/CLK
Low Pulse Width   Slow    RAMD64E/CLK  n/a            1.130         5.000       3.870                cp16/sample_im_mem_reg_0_63_12_14/RAMA/CLK
Low Pulse Width   Fast    RAMD64E/CLK  n/a            1.130         5.000       3.870                cp16/sample_im_mem_reg_0_63_12_14/RAMA/CLK
High Pulse Width  Slow    RAMD64E/CLK  n/a            1.130         5.000       3.870                cp16/sample_im_mem_reg_0_63_0_2/RAMA/CLK
High Pulse Width  Fast    RAMD64E/CLK  n/a            1.130         5.000       3.870                cp16/sample_im_mem_reg_0_63_0_2/RAMA/CLK
High Pulse Width  Slow    RAMD64E/CLK  n/a            1.130         5.000       3.870                cp16/sample_im_mem_reg_0_63_0_2/RAMB/CLK
High Pulse Width  Fast    RAMD64E/CLK  n/a            1.130         5.000       3.870                cp16/sample_im_mem_reg_0_63_0_2/RAMB/CLK
High Pulse Width  Slow    RAMD64E/CLK  n/a            1.130         5.000       3.870                cp16/sample_im_mem_reg_0_63_0_2/RAMC/CLK
High Pulse Width  Fast    RAMD64E/CLK  n/a            1.130         5.000       3.870                cp16/sample_im_mem_reg_0_63_0_2/RAMC/CLK
High Pulse Width  Slow    RAMD64E/CLK  n/a            1.130         5.000       3.870                cp16/sample_im_mem_reg_0_63_0_2/RAMD/CLK
High Pulse Width  Fast    RAMD64E/CLK  n/a            1.130         5.000       3.870                cp16/sample_im_mem_reg_0_63_0_2/RAMD/CLK
High Pulse Width  Slow    RAMD64E/CLK  n/a            1.130         5.000       3.870                cp16/sample_im_mem_reg_0_63_12_14/RAMA/CLK
High Pulse Width  Fast    RAMD64E/CLK  n/a            1.130         5.000       3.870                cp16/sample_im_mem_reg_0_63_12_14/RAMA/CLK
