{
  "dataset_id": "datasel2_fix_30bursts",
  "iq_path": "G:\\Programs\\zynq-sdr-course\\tmp\\datasel2_fix_30bursts.wav",
  "manifest_path": null,
  "reference_metrics_json": "G:\\Programs\\zynq-sdr-course\\docs\\assets\\lab114_stock_shell_bpsk_ota_live_20260623d_metrics.json",
  "reference_config_json": null,
  "capture_sample_rate_hz": 2400000.0,
  "analysis_sample_rate_hz": 3840000.0,
  "capture_center_frequency_hz": 915000000.0,
  "raw_peak_level_dbfs": -14.712996482849121,
  "raw_rms_level_dbfs": -18.758825302124023,
  "raw_clipping_fraction": 0.0,
  "expected_signal_offset_hz": 2700.0,
  "coarse_frequency_candidates_hz": [
    2700.0,
    0.0,
    -14016.7236328125,
    -636914.0625,
    632281.494140625,
    956414.794921875,
    -960928.3447265625
  ],
  "selected_coarse_frequency_hz": 632281.494140625,
  "selected_fine_frequency_hz": -7900.0,
  "total_frequency_shift_hz": 624381.494140625,
  "processed_input_samples": 4000000,
  "processed_analysis_samples": 262144,
  "analysis_window_start_sample": 4752021,
  "analysis_window_samples": 262144,
  "duration_s_read": 1.6666666666666667,
  "peak_level_dbfs": -17.042205810546875,
  "rms_level_dbfs": -20.607402801513672,
  "clipping_fraction": 0.0,
  "detection": {
    "matched_filter_start_sample": 64354,
    "sample_phase": 2,
    "symbol_index": 4022,
    "correlation_abs": 0.15665485816495367,
    "bit_errors_total": 101,
    "bit_errors_payload": 96,
    "ber_total": 0.3594306049822064,
    "ber_payload": 0.375,
    "evm_percent": 568.9314654781152
  }
}