{
  "mode": "qpsk_ota_cross_session_qualification",
  "bitstream_md5": "414eca88fe628de06c9bef09cf73e30e",
  "config": {
    "center_frequency_hz": 868300000,
    "transmitter_sample_rate_hz": 3840000,
    "rtl_sample_rate_hz": 2400000,
    "tx_attenuation_db": -50.0,
    "rtl_tuner_gain_db10": 300,
    "symbol_rate_hz": 480000.0,
    "symbol_count": 140
  },
  "session_count": 3,
  "successful_sessions": 3,
  "session_success_rate": 1.0,
  "session_success_rate_wilson_95": [
    0.4385029682449546,
    1.0
  ],
  "safe_reboot_sessions": 3,
  "commanded_bursts": 90,
  "detected_bursts": 90,
  "detection_rate": 1.0,
  "zero_error_bursts": 90,
  "zero_error_burst_rate": 1.0,
  "zero_error_burst_rate_wilson_95": [
    0.9590643744356734,
    1.0
  ],
  "frame_errors": 0,
  "frame_error_rate": 0.0,
  "compared_bits": 25200,
  "bit_errors": 0,
  "aggregate_ber": 0.0,
  "aggregate_ber_wilson_95": [
    0.0,
    0.0001524156080322317
  ],
  "zero_error_ber_upper_95_rule_of_three": 0.00011904761904761905,
  "evm_percent": {
    "min": 15.262373528794255,
    "median": 19.037922839973582,
    "mean": 19.115767127763927,
    "p95": 22.05790630275495,
    "max": 22.341748487221547,
    "std": 1.5764261987677408
  },
  "snr_from_evm_db": {
    "min": 13.017656831536971,
    "median": 14.40760876317345,
    "mean": 14.401729248667756,
    "p95": 15.54588150925124,
    "max": 16.32755843600998,
    "std": 0.7172074352690813
  },
  "frequency_shift_hz": {
    "min": 1926.4919269134216,
    "median": 1968.7365444964007,
    "mean": 1968.9800555178995,
    "p95": 2004.2155618674844,
    "max": 2025.4322316629787,
    "std": 20.600383682745097
  },
  "normalized_correlation": {
    "min": 0.9582253225647875,
    "median": 0.9758821578463688,
    "mean": 0.9741657729014674,
    "p95": 0.9840506161221922,
    "max": 0.9863961164344385,
    "std": 0.006749588166090114
  },
  "session_median_evm_percent": {
    "min": 18.395536457201896,
    "median": 19.012771626767897,
    "mean": 19.045292363812216,
    "p95": 19.656089269396958,
    "max": 19.727569007466855,
    "std": 0.5442860017152574
  },
  "session_median_frequency_shift_hz": {
    "min": 1964.1051422608912,
    "median": 1966.064121647642,
    "mean": 1968.4271247869592,
    "p95": 1974.2073115718742,
    "max": 1975.1121104523445,
    "std": 4.794175290164352
  },
  "sessions": [
    {
      "file": "lab1128_lab11_22_runtime_pl_rtl_monitor_live_20260707_qpsk_ota_crosssession_01_metrics.json",
      "dataset_id": "lab11_22_runtime_pl_rtl_monitor_live_20260707_qpsk_ota_crosssession_01",
      "run_tag": "live_20260707_qpsk_ota_crosssession_01",
      "capture_sha256": "5003e92c09085d798d0ddd6a5bde0f4b742964ac06f705b43156051ae2441063",
      "commanded_bursts": 30,
      "detected_bursts": 30,
      "zero_error_bursts": 30,
      "compared_bits": 8400,
      "bit_errors": 0,
      "aggregate_ber": 0.0,
      "median_evm_percent": 18.395536457201896,
      "median_snr_from_evm_db": 14.705757684448395,
      "median_frequency_shift_hz": 1964.1051422608912,
      "clipping_fraction": 0.0,
      "reboot_to_stock_ok": true,
      "session_success": true
    },
    {
      "file": "lab1128_lab11_22_runtime_pl_rtl_monitor_live_20260707_qpsk_ota_crosssession_02_metrics.json",
      "dataset_id": "lab11_22_runtime_pl_rtl_monitor_live_20260707_qpsk_ota_crosssession_02",
      "run_tag": "live_20260707_qpsk_ota_crosssession_02",
      "capture_sha256": "a065ebef3da110c6e99a2dfe104008779459ac2eea6cfc45607671493e97cb56",
      "commanded_bursts": 30,
      "detected_bursts": 30,
      "zero_error_bursts": 30,
      "compared_bits": 8400,
      "bit_errors": 0,
      "aggregate_ber": 0.0,
      "median_evm_percent": 19.012771626767897,
      "median_snr_from_evm_db": 14.419099508954671,
      "median_frequency_shift_hz": 1975.1121104523445,
      "clipping_fraction": 0.0,
      "reboot_to_stock_ok": true,
      "session_success": true
    },
    {
      "file": "lab1128_lab11_22_runtime_pl_rtl_monitor_live_20260707_qpsk_ota_crosssession_03_metrics.json",
      "dataset_id": "lab11_22_runtime_pl_rtl_monitor_live_20260707_qpsk_ota_crosssession_03",
      "run_tag": "live_20260707_qpsk_ota_crosssession_03",
      "capture_sha256": "f0139819b127728bc9e3b574f0cd768cd669e4c695b8e8717a2378e8d1886f5a",
      "commanded_bursts": 30,
      "detected_bursts": 30,
      "zero_error_bursts": 30,
      "compared_bits": 8400,
      "bit_errors": 0,
      "aggregate_ber": 0.0,
      "median_evm_percent": 19.727569007466855,
      "median_snr_from_evm_db": 14.098528575516232,
      "median_frequency_shift_hz": 1966.064121647642,
      "clipping_fraction": 0.0,
      "reboot_to_stock_ok": true,
      "session_success": true
    }
  ]
}
