{
  "dataset_id": "lab11_22_runtime_pl_rtl_monitor_live_20260707_qpsk_ota_cdcfix_01",
  "iq_path": "G:\\Programs\\zynq-sdr-course\\tmp\\lab1122_runtime_pl_rtl_monitor_live_20260707_qpsk_ota_cdcfix_01.wav",
  "capture_sha256": "5712a774cba0b9ddad164fbda4252a1b62f09d76c8ca03a8e0b0774d36ae1557",
  "manifest_path": "G:\\Programs\\zynq-sdr-course\\datasets\\lab11_22_runtime_pl_rtl_monitor\\manifest_live_20260707_qpsk_ota_cdcfix_01.yaml",
  "capture_sample_rate_hz": 2400000.0,
  "analysis_sample_rate_hz": 3840000.0,
  "center_frequency_hz": 868300000.0,
  "processed_input_samples": 6000000,
  "duration_s_read": 2.5,
  "symbol_rate_hz": 480000.0,
  "samples_per_symbol": 8,
  "symbol_count": 140,
  "compared_bit_count": 280,
  "bit_errors_total": 1,
  "ber_total": 0.0035714285714285713,
  "evm_percent": 37.37866302119249,
  "snr_from_evm_db": 8.547524734854145,
  "expected_signal_offset_hz": 0.0,
  "coarse_frequency_candidates_hz": [
    0.0,
    -567617.7978515625,
    80456.54296875,
    728677.3681640625
  ],
  "selected_coarse_frequency_hz": 0.0,
  "residual_cfo_hz": 2003.7461819341609,
  "total_frequency_shift_hz": 2003.7461819341609,
  "conjugated": false,
  "sample_phase": 0,
  "analysis_window_start_sample": 7625122,
  "matched_filter_start_sample": 7584,
  "correlation_abs": 0.37785578033901807,
  "raw_peak_level_dbfs": -31.358836872386572,
  "raw_rms_level_dbfs": -43.67599896586934,
  "raw_clipping_fraction": 0.0
}
