{
  "tx_rmse": 0,
  "rx_rmse": 6.12412382311322E-5,
  "snr_db_axis": [
    0,
    1,
    2,
    3,
    4,
    5,
    6,
    7,
    8,
    9,
    10
  ],
  "ber_sim": [
    0.076905,
    0.056085,
    0.037955,
    0.022635,
    0.012405,
    0.00587,
    0.002455,
    0.00077,
    0.00019,
    3E-5,
    5E-6
  ],
  "ber_theory": [
    0.078649603525142567,
    0.056281951976541456,
    0.037506128358925979,
    0.022878407561085324,
    0.012500818040737556,
    0.00595386714777866,
    0.0023882907809328075,
    0.00077267481537844445,
    0.00019090777407599314,
    3.3627228419617492E-5,
    3.872108215522037E-6
  ],
  "max_abs_ber_delta": 0.0017446035251425657
}